usage_id,account_id,usage_date,feature_name,usage_count,duration_sec
1,10001,2025-05-13,Reporting,29,616
2,10001,2025-10-02,Automation,32,1093
3,10001,2025-09-30,Integrations,41,248
4,10001,2025-10-14,Collaboration,48,1353
5,10001,2025-05-18,Analytics,39,1092
6,10001,2025-04-13,Integrations,31,283
7,10001,2025-04-01,Integrations,31,959
8,10001,2025-11-29,Integrations,35,1399
9,10001,2025-03-02,Reporting,38,1632
10,10001,2025-08-07,Collaboration,42,693
11,10001,2025-07-28,Automation,38,1703
12,10002,2026-07-07,Collaboration,22,549
13,10002,2026-04-18,Integrations,24,1265
14,10003,2026-05-07,Automation,38,294
15,10004,2026-01-28,Reporting,18,1108
16,10004,2026-07-14,Integrations,12,1442
17,10004,2026-04-25,Integrations,10,1741
18,10004,2026-01-09,Reporting,8,1457
19,10004,2025-11-10,Reporting,12,1209
20,10004,2026-06-24,Automation,9,759
21,10005,2026-05-26,Reporting,71,1304
22,10005,2026-02-22,Reporting,75,651
23,10005,2026-01-26,Automation,68,1096
24,10005,2026-01-07,Integrations,59,670
25,10005,2025-11-14,Analytics,63,391
26,10006,2026-08-11,Analytics,33,510
27,10006,2026-08-22,Integrations,23,1252
28,10006,2026-06-04,Collaboration,31,1033
29,10007,2025-03-23,Integrations,26,1709
30,10007,2025-03-15,Reporting,23,1687
31,10007,2026-04-15,Collaboration,22,736
32,10007,2025-02-26,Reporting,26,1576
33,10007,2025-06-25,Collaboration,28,816
34,10007,2025-08-20,Integrations,26,1792
35,10008,2026-07-24,Integrations,3,605
36,10008,2026-05-20,Integrations,7,1580
37,10008,2026-04-08,Automation,1,1597
38,10008,2026-05-05,Analytics,9,1478
39,10008,2026-03-19,Reporting,3,1797
40,10008,2026-03-04,Collaboration,3,1407
41,10009,2025-05-17,Analytics,26,1503
42,10009,2025-07-10,Analytics,15,1325
43,10009,2026-06-06,Integrations,15,1439
44,10009,2026-01-16,Automation,14,1388
45,10009,2026-02-19,Reporting,19,472
46,10010,2025-07-06,Reporting,13,1006
47,10010,2025-10-10,Analytics,13,32
48,10010,2026-04-19,Integrations,9,1688
49,10010,2026-01-24,Automation,14,354
50,10010,2025-03-21,Analytics,9,946
51,10010,2026-03-16,Reporting,6,727
52,10011,2025-12-20,Collaboration,28,457
53,10011,2026-03-07,Integrations,18,301
54,10011,2026-02-18,Collaboration,22,228
55,10011,2026-04-30,Reporting,28,141
56,10011,2026-08-26,Automation,22,513
57,10011,2026-03-03,Collaboration,23,902
58,10013,2026-04-20,Reporting,257,892
59,10013,2026-07-29,Reporting,222,1660
60,10013,2026-06-10,Collaboration,251,581
61,10014,2026-06-19,Analytics,64,274
62,10014,2026-05-18,Reporting,68,1104
63,10015,2026-07-08,Automation,4,978
64,10015,2026-07-18,Automation,4,1537
65,10015,2026-05-26,Automation,7,678
66,10016,2026-05-10,Automation,13,148
67,10017,2026-06-26,Reporting,64,1754
68,10017,2026-06-19,Automation,58,1112
69,10017,2026-04-22,Integrations,69,448
70,10017,2026-03-25,Integrations,67,1699
71,10017,2026-06-26,Analytics,71,1093
72,10018,2025-06-05,Reporting,7,769
73,10018,2026-03-24,Collaboration,9,765
74,10018,2025-08-06,Integrations,7,1264
75,10018,2025-05-31,Automation,11,1462
76,10018,2026-01-20,Integrations,6,1166
77,10018,2025-04-01,Analytics,8,143
78,10018,2025-09-13,Automation,5,193
79,10019,2026-07-09,Automation,8,328
80,10019,2026-06-08,Automation,5,1165
81,10020,2026-03-18,Integrations,6,1489
82,10020,2026-06-20,Integrations,2,700
83,10020,2025-10-01,Reporting,5,900
84,10020,2025-12-24,Reporting,5,1662
85,10021,2026-04-02,Analytics,32,1282
86,10021,2025-12-16,Reporting,31,1558
87,10022,2025-12-15,Analytics,8,1686
88,10022,2026-03-15,Reporting,13,866
89,10022,2026-07-29,Analytics,10,114
90,10022,2026-06-04,Integrations,14,441
91,10022,2026-03-09,Automation,8,1228
92,10022,2026-06-28,Reporting,8,1277
93,10022,2025-11-19,Analytics,7,118
94,10023,2025-11-29,Integrations,139,226
95,10023,2025-07-17,Automation,153,200
96,10023,2026-05-15,Analytics,154,1091
97,10023,2026-06-07,Collaboration,161,1717
98,10023,2025-08-05,Analytics,154,300
99,10024,2026-08-02,Reporting,27,778
100,10025,2026-06-14,Integrations,94,565
101,10025,2026-04-21,Integrations,101,82
102,10026,2026-02-24,Analytics,2,287
103,10026,2026-08-13,Reporting,1,426
104,10026,2026-03-06,Analytics,5,520
105,10026,2026-06-08,Integrations,7,169
106,10026,2026-04-15,Analytics,8,520
107,10026,2026-05-12,Collaboration,2,632
108,10026,2026-06-08,Integrations,2,635
109,10026,2026-06-10,Automation,2,350
110,10027,2025-11-06,Collaboration,30,1171
111,10027,2025-10-29,Automation,33,217
112,10027,2026-06-28,Collaboration,29,1184
113,10027,2025-11-30,Analytics,23,665
114,10027,2026-05-30,Automation,18,1088
115,10027,2026-08-20,Integrations,17,1577
116,10027,2026-01-16,Automation,22,649
117,10028,2026-05-14,Automation,8,1553
118,10029,2026-03-30,Automation,28,456
119,10029,2026-02-08,Integrations,23,1504
120,10029,2026-01-10,Integrations,25,1103
121,10029,2026-02-15,Integrations,21,77
122,10029,2026-05-18,Collaboration,27,1572
123,10030,2025-10-16,Reporting,59,786
124,10030,2025-11-10,Integrations,54,1710
125,10030,2026-08-10,Automation,45,317
126,10030,2026-07-04,Automation,60,515
127,10030,2026-08-15,Automation,61,286
128,10030,2026-04-25,Analytics,55,1398
129,10031,2026-04-07,Reporting,25,560
130,10031,2026-01-11,Integrations,22,1330
131,10031,2026-04-29,Reporting,19,88
132,10031,2025-10-21,Collaboration,21,267
133,10031,2026-08-21,Collaboration,25,1601
134,10032,2026-05-07,Collaboration,35,1069
135,10032,2025-05-22,Reporting,39,202
136,10032,2025-07-03,Analytics,40,1503
137,10032,2025-06-04,Collaboration,38,1063
138,10032,2025-08-26,Collaboration,45,180
139,10033,2025-10-04,Reporting,4,117
140,10033,2025-04-01,Reporting,7,794
141,10033,2026-02-18,Integrations,7,1112
142,10033,2025-10-25,Reporting,2,943
143,10033,2025-10-10,Automation,10,557
144,10033,2025-07-09,Integrations,9,1174
145,10033,2025-05-08,Automation,4,1527
146,10033,2025-07-14,Integrations,7,49
147,10033,2025-08-20,Analytics,5,1167
148,10033,2025-12-07,Integrations,7,37
149,10033,2025-12-04,Collaboration,8,861
150,10034,2025-12-20,Automation,6,829
151,10034,2026-06-21,Automation,6,1468
152,10034,2026-02-08,Integrations,3,597
153,10036,2025-12-20,Integrations,8,951
154,10036,2025-07-03,Automation,6,1393
155,10036,2025-03-25,Automation,7,338
156,10036,2025-06-15,Collaboration,6,1471
157,10036,2026-03-07,Analytics,11,1795
158,10036,2025-05-09,Analytics,2,1527
159,10036,2025-11-06,Automation,7,1257
160,10036,2025-06-30,Automation,13,1197
161,10036,2026-01-12,Reporting,6,1602
162,10036,2026-02-16,Analytics,7,337
163,10036,2025-09-25,Collaboration,6,310
164,10038,2026-06-28,Integrations,8,1576
165,10038,2026-05-30,Reporting,10,1476
166,10038,2026-07-24,Reporting,6,774
167,10038,2026-08-24,Reporting,6,1366
168,10038,2026-07-11,Analytics,9,1693
169,10039,2026-05-17,Reporting,27,342
170,10039,2025-11-16,Automation,26,928
171,10039,2025-07-09,Integrations,24,534
172,10039,2025-12-01,Integrations,30,1218
173,10039,2026-06-17,Reporting,40,917
174,10039,2025-07-03,Reporting,27,1025
175,10039,2025-08-19,Analytics,37,670
176,10039,2026-07-31,Collaboration,27,850
177,10040,2026-05-30,Analytics,33,565
178,10041,2026-06-02,Integrations,14,689
179,10041,2026-02-19,Automation,17,453
180,10041,2025-08-16,Automation,15,555
181,10041,2026-02-28,Collaboration,16,31
182,10041,2025-10-27,Integrations,18,790
183,10041,2025-11-23,Automation,14,587
184,10041,2026-05-15,Reporting,19,1331
185,10041,2026-04-16,Automation,16,490
186,10042,2026-04-25,Analytics,26,1308
187,10042,2026-05-20,Automation,25,1364
188,10042,2026-06-21,Reporting,34,520
189,10043,2026-07-03,Automation,3,1695
190,10043,2026-07-28,Automation,2,224
191,10043,2026-08-25,Integrations,9,1348
192,10044,2025-10-05,Reporting,7,952
193,10044,2025-09-15,Analytics,3,377
194,10044,2026-04-05,Analytics,6,567
195,10044,2026-04-09,Integrations,6,1563
196,10044,2025-12-15,Reporting,6,1489
197,10044,2025-09-12,Automation,3,1051
198,10045,2025-10-08,Reporting,13,400
199,10045,2025-09-14,Analytics,17,502
200,10045,2025-08-22,Integrations,13,525
201,10045,2026-03-28,Analytics,21,1433
202,10045,2025-07-28,Analytics,15,39
203,10045,2025-12-31,Automation,23,1661
204,10045,2025-11-18,Reporting,22,1594
205,10046,2026-08-11,Analytics,24,36
206,10047,2026-06-10,Reporting,7,249
207,10047,2026-01-15,Collaboration,6,547
208,10047,2025-11-22,Automation,6,1498
209,10047,2026-03-24,Integrations,2,1497
210,10047,2026-04-02,Automation,3,201
211,10049,2026-08-03,Analytics,9,1357
212,10049,2026-07-06,Integrations,7,663
213,10049,2026-05-16,Reporting,8,1695
214,10049,2026-08-08,Reporting,5,996
215,10050,2026-06-13,Automation,10,964
216,10052,2026-01-18,Integrations,35,1221
217,10052,2025-09-22,Collaboration,48,1628
218,10052,2026-05-29,Analytics,27,1402
219,10052,2026-03-01,Reporting,34,1125
220,10052,2025-07-31,Automation,42,987
221,10053,2026-08-21,Reporting,30,1113
222,10053,2026-06-06,Analytics,25,1297
223,10053,2026-01-06,Automation,19,35
224,10053,2026-03-07,Collaboration,21,339
225,10053,2025-11-04,Collaboration,15,1258
226,10053,2025-08-19,Integrations,15,941
227,10054,2026-07-14,Automation,2,522
228,10054,2026-06-10,Collaboration,3,490
229,10054,2026-06-02,Collaboration,2,293
230,10054,2026-06-21,Automation,3,1358
231,10054,2026-02-23,Analytics,3,1161
232,10054,2026-05-26,Integrations,5,826
233,10055,2025-12-25,Integrations,22,916
234,10055,2026-06-16,Reporting,19,1128
235,10056,2025-10-09,Collaboration,12,429
236,10056,2025-04-27,Analytics,4,1061
237,10056,2026-01-02,Collaboration,6,57
238,10056,2025-10-02,Automation,5,1235
239,10056,2025-07-30,Reporting,5,1424
240,10056,2025-07-11,Analytics,8,1078
241,10057,2026-04-18,Analytics,28,1734
242,10057,2026-08-17,Collaboration,37,1613
243,10057,2026-08-07,Collaboration,30,166
244,10057,2025-12-28,Integrations,36,726
245,10058,2026-05-25,Integrations,3,712
246,10058,2025-10-26,Analytics,3,1624
247,10058,2026-01-11,Analytics,6,239
248,10058,2025-07-13,Collaboration,3,627
249,10058,2026-05-27,Automation,8,617
250,10059,2026-06-23,Analytics,17,483
251,10060,2026-03-25,Collaboration,7,1404
252,10061,2026-08-24,Integrations,7,73
253,10062,2026-05-02,Collaboration,27,877
254,10062,2026-05-07,Analytics,32,1598
255,10063,2026-03-02,Reporting,8,905
256,10063,2025-10-23,Reporting,6,122
257,10063,2026-08-14,Collaboration,8,602
258,10063,2026-07-16,Automation,2,413
259,10063,2026-02-06,Integrations,7,422
260,10063,2026-05-01,Collaboration,3,909
261,10065,2025-10-28,Analytics,11,423
262,10065,2025-09-26,Reporting,10,1120
263,10065,2025-11-30,Automation,5,1283
264,10065,2026-08-14,Collaboration,10,1647
265,10065,2026-02-04,Integrations,7,432
266,10066,2025-11-22,Analytics,24,701
267,10066,2026-06-29,Analytics,21,224
268,10066,2026-03-02,Analytics,20,1332
269,10066,2026-02-17,Reporting,37,164
270,10066,2026-05-30,Reporting,20,1478
271,10066,2026-04-07,Analytics,21,852
272,10066,2026-03-25,Integrations,27,1183
273,10066,2026-03-06,Integrations,23,579
274,10067,2026-07-27,Integrations,50,578
275,10068,2026-04-15,Automation,63,964
276,10068,2026-01-27,Automation,71,1750
277,10068,2025-09-09,Automation,63,658
278,10068,2025-11-25,Integrations,71,298
279,10068,2026-06-17,Analytics,75,1701
280,10068,2026-07-08,Collaboration,81,1669
281,10068,2026-04-04,Automation,85,1521
282,10068,2025-10-28,Reporting,61,1121
283,10068,2026-06-07,Collaboration,62,1151
284,10068,2026-01-29,Analytics,77,1287
285,10068,2025-12-07,Reporting,83,671
286,10069,2025-10-23,Collaboration,9,882
287,10069,2025-03-17,Automation,6,1102
288,10069,2025-05-15,Analytics,9,672
289,10069,2025-04-14,Collaboration,9,1084
290,10069,2025-04-13,Automation,9,1357
291,10070,2026-08-14,Analytics,1,919
292,10070,2026-05-07,Integrations,13,696
293,10070,2025-12-05,Analytics,7,1540
294,10070,2025-11-18,Collaboration,6,1008
295,10070,2026-03-21,Reporting,5,1471
296,10070,2026-07-24,Integrations,6,1038
297,10071,2026-08-14,Analytics,9,1178
298,10071,2026-06-28,Analytics,7,1732
299,10071,2026-07-11,Collaboration,9,1274
300,10072,2025-06-05,Collaboration,13,208
301,10072,2025-06-03,Reporting,10,487
302,10073,2026-01-12,Collaboration,89,214
303,10073,2025-10-08,Automation,80,1130
304,10073,2026-04-30,Integrations,97,519
305,10073,2026-05-17,Collaboration,91,574
306,10073,2026-05-12,Analytics,75,1663
307,10073,2026-03-03,Analytics,83,1135
308,10074,2026-03-02,Analytics,22,264
309,10074,2026-02-25,Collaboration,17,322
310,10074,2025-03-25,Automation,26,198
311,10074,2025-09-28,Collaboration,16,652
312,10074,2025-05-09,Integrations,20,100
313,10074,2026-04-03,Reporting,17,882
314,10075,2026-07-24,Analytics,16,901
315,10075,2026-06-29,Integrations,15,766
316,10076,2026-04-09,Analytics,6,1405
317,10076,2026-02-13,Integrations,4,1629
318,10076,2025-11-13,Reporting,4,1708
319,10076,2026-05-01,Analytics,7,201
320,10077,2026-06-02,Integrations,39,1455
321,10077,2025-12-23,Analytics,42,1414
322,10077,2025-12-27,Analytics,42,631
323,10078,2025-12-13,Collaboration,22,688
324,10078,2025-09-01,Automation,15,1306
325,10078,2025-09-09,Integrations,19,1733
326,10078,2025-09-12,Analytics,21,407
327,10078,2026-05-21,Automation,15,1380
328,10078,2026-04-03,Collaboration,21,243
329,10078,2025-08-29,Collaboration,20,1033
330,10079,2026-02-08,Analytics,6,1461
331,10079,2026-07-03,Collaboration,7,1028
332,10079,2026-03-11,Automation,6,1131
333,10079,2026-08-23,Reporting,6,110
334,10079,2026-07-09,Analytics,5,1626
335,10079,2026-06-08,Automation,2,663
336,10079,2025-12-21,Automation,4,1409
337,10080,2026-05-16,Integrations,4,256
338,10080,2026-06-02,Reporting,7,1335
339,10080,2026-06-19,Integrations,5,1058
340,10080,2026-05-27,Integrations,2,989
341,10080,2026-02-26,Reporting,2,177
342,10080,2026-07-24,Reporting,7,1765
343,10081,2026-08-24,Integrations,6,1771
344,10082,2026-01-05,Automation,13,106
345,10082,2026-02-25,Reporting,11,510
346,10082,2026-06-20,Integrations,9,1543
347,10082,2025-10-15,Automation,10,1280
348,10082,2025-11-25,Integrations,11,1438
349,10082,2026-07-29,Analytics,9,1077
350,10082,2025-12-11,Integrations,16,1420
351,10082,2026-03-28,Reporting,5,1656
352,10083,2025-06-10,Analytics,3,968
353,10083,2025-05-31,Integrations,5,873
354,10083,2025-12-28,Analytics,3,763
355,10083,2025-09-17,Integrations,8,1700
356,10083,2025-12-07,Analytics,5,212
357,10084,2026-06-12,Analytics,16,1108
358,10084,2026-05-31,Automation,19,1112
359,10084,2026-05-20,Reporting,14,905
360,10085,2026-04-23,Automation,18,95
361,10085,2026-07-12,Integrations,18,1074
362,10085,2026-05-04,Collaboration,15,1718
363,10085,2026-07-21,Integrations,12,807
364,10085,2026-03-09,Analytics,17,1638
365,10086,2026-06-20,Automation,10,1249
366,10086,2026-06-25,Reporting,6,128
367,10087,2026-01-31,Integrations,5,1601
368,10087,2025-06-16,Analytics,10,458
369,10087,2025-10-26,Collaboration,12,133
370,10087,2025-08-29,Analytics,12,1686
371,10087,2025-12-06,Automation,8,135
372,10088,2026-05-18,Integrations,51,1605
373,10088,2025-10-24,Collaboration,67,1244
374,10088,2025-10-24,Integrations,47,549
375,10088,2025-12-04,Integrations,43,395
376,10089,2026-05-01,Integrations,21,128
377,10089,2026-07-27,Analytics,13,276
378,10089,2026-08-05,Analytics,21,1762
379,10090,2026-07-18,Integrations,10,1615
380,10090,2026-07-02,Collaboration,17,1645
381,10091,2026-06-11,Analytics,3,281
382,10091,2026-04-04,Analytics,6,1044
383,10091,2025-09-24,Reporting,5,982
384,10091,2025-10-06,Automation,5,1355
385,10091,2026-03-17,Collaboration,3,683
386,10092,2026-05-09,Integrations,28,1572
387,10092,2026-07-06,Analytics,34,1752
388,10092,2026-05-07,Integrations,32,1384
389,10094,2025-09-03,Automation,3,1662
390,10094,2026-04-13,Automation,4,988
391,10095,2026-08-23,Automation,40,1016
392,10096,2026-04-01,Reporting,11,760
393,10096,2025-10-16,Collaboration,14,752
394,10096,2026-07-23,Integrations,18,31
395,10096,2026-05-23,Automation,13,669
396,10096,2025-11-08,Analytics,12,256
397,10097,2026-05-20,Collaboration,41,1743
398,10097,2025-06-07,Analytics,46,1062
399,10097,2025-05-25,Analytics,48,803
400,10097,2025-08-19,Integrations,33,1594
401,10097,2025-09-19,Collaboration,44,1488
402,10097,2026-03-09,Analytics,52,955
403,10097,2025-09-14,Automation,61,1072
404,10098,2026-03-12,Analytics,26,1260
405,10098,2026-03-04,Automation,14,1462
406,10099,2026-01-19,Collaboration,12,838
407,10099,2026-03-23,Collaboration,15,291
408,10099,2026-07-16,Reporting,14,131
409,10099,2026-03-08,Integrations,14,437
410,10099,2026-08-15,Integrations,10,1462
411,10099,2026-06-23,Integrations,13,665
412,10100,2025-08-09,Integrations,4,1747
413,10100,2026-03-29,Automation,7,420
414,10100,2025-12-24,Collaboration,10,300
415,10100,2025-09-12,Collaboration,5,747
416,10100,2025-07-04,Collaboration,10,494
417,10100,2025-12-02,Reporting,3,399
418,10100,2025-06-30,Automation,4,1102
419,10100,2025-06-04,Reporting,9,1628
420,10100,2025-08-15,Automation,6,1227
421,10100,2025-06-28,Automation,4,1728
422,10101,2026-07-08,Collaboration,4,395
423,10101,2026-05-23,Collaboration,4,91
424,10102,2025-08-22,Analytics,4,998
425,10102,2025-10-28,Automation,5,870
426,10102,2026-01-17,Integrations,4,293
427,10102,2026-04-30,Automation,3,885
428,10102,2025-08-21,Integrations,9,1001
429,10102,2025-10-16,Automation,4,1668
430,10102,2026-01-08,Integrations,13,517
431,10102,2026-04-15,Reporting,7,1504
432,10102,2025-05-11,Automation,4,1055
433,10103,2026-05-26,Analytics,0,1128
434,10103,2026-08-08,Collaboration,3,1194
435,10103,2026-06-26,Collaboration,2,750
436,10104,2025-05-17,Collaboration,38,352
437,10104,2025-10-10,Automation,41,858
438,10104,2025-08-01,Automation,38,786
439,10104,2026-02-20,Reporting,40,1585
440,10104,2025-10-26,Analytics,44,1448
441,10104,2025-06-04,Automation,47,1285
442,10104,2025-05-22,Reporting,61,59
443,10104,2025-08-29,Automation,58,916
444,10104,2025-09-04,Analytics,40,1199
445,10105,2026-05-23,Analytics,2,312
446,10105,2026-08-09,Collaboration,6,816
447,10105,2026-08-11,Automation,3,1660
448,10106,2026-07-16,Collaboration,24,1073
449,10106,2026-08-08,Integrations,32,1037
450,10108,2026-06-29,Automation,32,1136
451,10108,2026-04-24,Integrations,41,721
452,10108,2026-07-16,Collaboration,37,268
453,10109,2026-08-20,Analytics,22,389
454,10109,2026-07-06,Integrations,17,195
455,10109,2026-04-18,Automation,13,1346
456,10109,2025-12-05,Analytics,16,1219
457,10110,2026-04-11,Reporting,16,163
458,10110,2026-04-15,Collaboration,20,1015
459,10110,2026-03-21,Analytics,9,1703
460,10110,2026-06-07,Automation,9,344
461,10110,2026-03-23,Analytics,9,1126
462,10111,2026-01-27,Automation,117,476
463,10111,2025-10-12,Integrations,132,1374
464,10111,2026-07-15,Reporting,94,391
465,10112,2026-08-09,Analytics,10,1496
466,10112,2026-05-02,Automation,6,931
467,10112,2026-07-07,Collaboration,17,270
468,10112,2026-07-16,Reporting,14,632
469,10113,2026-07-09,Automation,48,1383
470,10113,2026-08-23,Reporting,52,930
471,10113,2026-05-28,Reporting,42,1610
472,10113,2026-06-10,Automation,35,1331
473,10113,2026-03-27,Automation,41,40
474,10113,2026-08-09,Analytics,37,1485
475,10113,2026-08-12,Collaboration,34,136
476,10114,2025-10-19,Analytics,44,1269
477,10114,2026-05-21,Integrations,46,86
478,10114,2026-08-25,Collaboration,38,318
479,10115,2025-11-24,Integrations,39,965
480,10115,2026-06-15,Automation,29,742
481,10115,2026-05-13,Analytics,26,633
482,10115,2026-05-28,Automation,38,101
483,10115,2025-11-13,Collaboration,30,1142
484,10115,2026-07-11,Collaboration,23,350
485,10115,2026-04-14,Integrations,26,1062
486,10116,2026-02-23,Collaboration,2,1505
487,10116,2026-07-23,Automation,4,1669
488,10116,2025-12-25,Reporting,6,1378
489,10116,2026-01-26,Automation,8,1589
490,10116,2026-06-13,Integrations,6,683
491,10116,2026-01-15,Collaboration,4,1593
492,10116,2026-02-04,Reporting,1,1143
493,10117,2025-11-09,Automation,15,883
494,10117,2025-03-02,Analytics,10,965
495,10117,2025-10-24,Automation,7,273
496,10117,2025-05-25,Reporting,11,1317
497,10117,2026-01-28,Integrations,15,1147
498,10117,2025-05-24,Reporting,8,374
499,10117,2025-04-08,Reporting,5,1131
500,10117,2026-02-16,Collaboration,10,299
501,10117,2025-09-03,Automation,10,1231
502,10118,2025-03-27,Reporting,8,1142
503,10118,2025-10-21,Automation,7,727
504,10118,2025-06-27,Automation,5,72
505,10118,2025-09-16,Automation,3,1115
506,10119,2026-07-07,Integrations,12,1362
507,10119,2026-07-20,Integrations,13,1190
508,10119,2026-07-14,Collaboration,8,1001
509,10119,2026-05-15,Automation,7,924
510,10119,2025-07-24,Automation,10,1444
511,10119,2025-06-25,Reporting,12,53
512,10119,2025-08-09,Integrations,6,1018
513,10120,2025-06-28,Automation,105,1782
514,10120,2025-09-10,Collaboration,127,1561
515,10120,2025-03-13,Analytics,113,1562
516,10120,2025-11-26,Integrations,105,1536
517,10120,2025-09-18,Automation,112,820
518,10120,2025-09-16,Reporting,114,1461
519,10121,2025-11-13,Integrations,31,436
520,10121,2025-10-19,Collaboration,28,977
521,10121,2025-11-26,Automation,25,703
522,10121,2026-01-29,Reporting,29,1163
523,10121,2026-04-29,Integrations,41,1797
524,10121,2026-02-14,Reporting,19,440
525,10122,2026-05-08,Integrations,26,920
526,10122,2026-05-08,Automation,27,389
527,10122,2026-04-23,Reporting,40,661
528,10123,2026-05-25,Automation,5,1457
529,10123,2026-06-20,Analytics,9,906
530,10123,2026-02-03,Collaboration,8,1743
531,10124,2025-11-20,Collaboration,117,1711
532,10124,2025-11-21,Collaboration,113,427
533,10124,2025-11-26,Collaboration,89,1739
534,10124,2025-11-22,Collaboration,110,1488
535,10124,2025-11-21,Integrations,111,53
536,10125,2026-08-03,Collaboration,7,1386
537,10126,2026-05-15,Collaboration,6,448
538,10126,2026-05-06,Analytics,8,56
539,10126,2026-05-01,Analytics,4,79
540,10127,2025-12-13,Reporting,6,417
541,10127,2025-12-24,Collaboration,7,1254
542,10127,2025-06-08,Integrations,4,768
543,10127,2025-06-19,Automation,4,600
544,10127,2025-07-19,Analytics,5,1546
545,10128,2026-04-06,Reporting,4,1595
546,10128,2026-07-19,Collaboration,2,1739
547,10128,2026-04-18,Automation,3,255
548,10129,2026-04-21,Integrations,12,108
549,10129,2026-05-30,Collaboration,19,1403
550,10130,2026-01-24,Analytics,7,455
551,10130,2026-06-19,Integrations,13,781
552,10130,2026-08-23,Reporting,12,735
553,10130,2026-06-11,Reporting,11,1217
554,10130,2026-06-06,Collaboration,14,1675
555,10131,2026-01-06,Reporting,8,1569
556,10131,2026-05-01,Collaboration,2,988
557,10131,2026-05-11,Analytics,5,833
558,10132,2025-12-10,Collaboration,6,1232
559,10132,2026-02-06,Reporting,2,1794
560,10132,2026-07-13,Analytics,2,773
561,10132,2026-05-28,Reporting,7,638
562,10132,2026-07-26,Analytics,3,164
563,10132,2026-06-12,Collaboration,2,1412
564,10132,2026-07-28,Analytics,6,1346
565,10133,2025-12-07,Analytics,7,1439
566,10133,2025-03-31,Analytics,9,1414
567,10133,2025-11-30,Reporting,13,1206
568,10133,2025-12-10,Automation,5,560
569,10133,2025-06-27,Reporting,6,1151
570,10133,2025-05-06,Automation,12,307
571,10133,2025-12-04,Reporting,10,624
572,10134,2026-06-24,Analytics,9,1379
573,10134,2026-05-15,Integrations,5,1129
574,10134,2026-01-10,Reporting,5,38
575,10134,2025-12-10,Reporting,7,924
576,10134,2025-12-21,Analytics,9,1424
577,10134,2026-04-16,Collaboration,6,239
578,10134,2026-04-20,Collaboration,6,796
579,10134,2026-01-18,Analytics,10,362
580,10135,2026-07-02,Automation,4,447
581,10135,2026-06-19,Collaboration,3,46
582,10136,2025-08-08,Collaboration,15,1638
583,10136,2025-08-05,Reporting,10,1304
584,10136,2026-08-17,Automation,8,1338
585,10137,2026-02-09,Integrations,4,788
586,10137,2026-07-24,Collaboration,0,1503
587,10137,2026-08-10,Collaboration,3,1084
588,10137,2026-04-13,Reporting,4,575
589,10138,2025-08-27,Collaboration,9,60
590,10138,2025-04-28,Automation,5,1204
591,10138,2025-06-02,Collaboration,4,1057
592,10138,2025-07-08,Integrations,3,1050
593,10139,2026-07-28,Integrations,3,628
594,10139,2026-04-19,Reporting,4,1517
595,10139,2025-10-04,Integrations,6,82
596,10139,2025-08-25,Reporting,3,946
597,10139,2026-01-19,Reporting,5,247
598,10139,2025-09-17,Automation,7,966
599,10139,2026-06-30,Automation,4,1289
600,10139,2025-11-13,Reporting,2,1495
601,10139,2026-01-12,Collaboration,3,39
602,10139,2025-09-14,Reporting,2,191
603,10140,2026-01-26,Integrations,7,717
604,10140,2026-07-21,Reporting,3,1420
605,10140,2026-02-11,Integrations,5,1775
606,10140,2026-03-21,Reporting,2,1673
607,10140,2026-07-11,Reporting,6,243
608,10140,2026-05-29,Integrations,4,1361
609,10140,2026-05-08,Analytics,2,739
610,10140,2026-05-18,Automation,6,722
611,10141,2026-08-17,Collaboration,8,1246
612,10142,2025-08-09,Reporting,4,291
613,10142,2026-03-01,Automation,2,768
614,10142,2025-08-28,Analytics,4,1549
615,10143,2026-04-30,Collaboration,26,42
616,10143,2025-08-30,Analytics,30,424
617,10143,2025-11-17,Integrations,24,1059
618,10143,2026-01-14,Analytics,19,195
619,10143,2026-02-09,Analytics,26,1797
620,10143,2026-04-11,Automation,20,1489
621,10143,2025-11-04,Collaboration,28,633
622,10143,2025-10-20,Collaboration,23,1303
623,10143,2025-09-22,Analytics,25,425
624,10144,2026-01-14,Collaboration,9,818
625,10144,2026-06-27,Analytics,3,1105
626,10144,2026-03-05,Collaboration,2,1328
627,10144,2026-03-08,Automation,5,521
628,10144,2026-01-05,Analytics,4,807
629,10144,2025-09-30,Collaboration,2,1403
630,10144,2025-12-26,Reporting,3,119
631,10144,2026-06-13,Reporting,4,69
632,10144,2026-02-02,Reporting,2,1157
633,10144,2026-01-30,Integrations,4,493
634,10146,2026-06-18,Analytics,17,1265
635,10147,2025-10-29,Collaboration,5,1432
636,10147,2025-08-15,Reporting,8,1520
637,10147,2025-02-24,Integrations,5,703
638,10147,2025-08-15,Automation,11,1586
639,10148,2026-02-26,Automation,21,882
640,10148,2026-01-19,Reporting,18,115
641,10148,2026-02-03,Reporting,23,1588
642,10148,2026-01-14,Analytics,30,1598
643,10148,2026-02-18,Integrations,16,1342
644,10148,2026-02-06,Analytics,25,1290
645,10148,2026-01-22,Integrations,21,1048
646,10148,2025-05-30,Reporting,23,967
647,10148,2025-11-18,Collaboration,16,1195
648,10148,2025-11-01,Collaboration,20,386
649,10148,2026-01-11,Automation,20,1566
650,10149,2026-05-21,Collaboration,20,113
651,10149,2026-05-12,Analytics,23,70
652,10149,2026-07-07,Collaboration,23,1723
653,10149,2026-05-11,Automation,20,838
654,10150,2025-07-31,Collaboration,22,1531
655,10150,2025-06-01,Integrations,37,495
656,10150,2025-06-07,Analytics,30,450
657,10150,2025-10-25,Automation,26,1235
658,10150,2025-04-03,Integrations,38,679
659,10150,2025-04-09,Integrations,29,924
660,10150,2025-06-14,Integrations,35,467
661,10150,2025-03-11,Automation,52,76
662,10151,2026-07-01,Analytics,12,752
663,10152,2026-05-24,Automation,4,434
664,10152,2025-11-10,Automation,6,416
665,10152,2025-07-26,Analytics,12,1563
666,10152,2025-10-06,Integrations,4,1772
667,10152,2026-06-28,Integrations,4,1197
668,10152,2025-12-06,Collaboration,6,1261
669,10152,2026-03-20,Reporting,9,1675
670,10152,2025-07-03,Collaboration,9,1012
671,10152,2026-07-22,Reporting,8,900
672,10154,2026-06-10,Analytics,11,705
673,10154,2025-08-08,Integrations,14,1741
674,10154,2025-12-27,Automation,15,771
675,10154,2025-07-27,Integrations,16,436
676,10154,2025-10-15,Collaboration,9,1153
677,10155,2025-10-13,Collaboration,22,1626
678,10155,2025-12-12,Analytics,18,1185
679,10156,2026-04-24,Collaboration,8,1739
680,10156,2026-06-24,Analytics,8,750
681,10156,2026-04-27,Integrations,8,418
682,10156,2026-04-14,Reporting,4,397
683,10156,2026-06-01,Reporting,3,568
684,10156,2026-03-11,Analytics,11,1394
685,10157,2025-11-25,Automation,2,307
686,10157,2025-06-26,Analytics,1,591
687,10157,2025-09-18,Analytics,2,1658
688,10157,2026-03-10,Automation,3,838
689,10158,2025-12-04,Collaboration,50,692
690,10158,2026-03-26,Integrations,52,1592
691,10159,2026-02-10,Analytics,3,135
692,10159,2026-02-09,Reporting,0,303
693,10160,2026-06-19,Automation,7,643
694,10162,2026-03-28,Analytics,7,581
695,10162,2026-04-12,Analytics,4,1599
696,10162,2026-07-31,Analytics,8,264
697,10163,2026-01-05,Reporting,7,899
698,10163,2026-02-11,Collaboration,3,449
699,10163,2026-01-04,Integrations,5,1729
700,10163,2026-05-29,Integrations,4,1719
701,10163,2026-06-28,Automation,4,1588
702,10163,2026-07-16,Collaboration,5,86
703,10164,2026-02-28,Automation,1,730
704,10164,2026-08-22,Collaboration,2,1270
705,10164,2026-03-31,Automation,4,702
706,10164,2026-06-03,Reporting,2,1686
707,10164,2025-11-18,Integrations,3,769
708,10164,2026-05-11,Automation,3,1124
709,10164,2026-04-21,Integrations,4,1318
710,10164,2025-10-08,Reporting,3,1270
711,10165,2026-01-23,Reporting,49,1333
712,10165,2026-06-07,Automation,55,1689
713,10165,2026-03-14,Analytics,51,1344
714,10165,2026-01-22,Automation,49,505
715,10165,2025-12-08,Integrations,57,1157
716,10165,2026-06-02,Reporting,50,1538
717,10165,2026-05-30,Reporting,45,1285
718,10165,2026-07-20,Integrations,47,1627
719,10165,2025-12-29,Collaboration,61,1574
720,10166,2026-05-17,Automation,2,892
721,10167,2025-11-23,Automation,8,729
722,10167,2026-01-09,Integrations,5,455
723,10167,2026-08-01,Analytics,7,1713
724,10167,2026-04-03,Analytics,7,1743
725,10167,2025-07-28,Automation,6,1024
726,10167,2026-04-20,Integrations,10,131
727,10167,2026-05-07,Analytics,7,1691
728,10168,2025-05-28,Automation,8,75
729,10168,2025-07-22,Integrations,7,1088
730,10168,2026-02-10,Collaboration,2,829
731,10168,2025-09-25,Automation,4,1294
732,10168,2025-07-31,Analytics,5,1744
733,10168,2025-11-08,Automation,5,1358
734,10169,2026-03-31,Integrations,2,1512
735,10169,2025-10-08,Automation,4,1098
736,10169,2026-08-01,Collaboration,4,1756
737,10169,2026-07-22,Reporting,5,1409
738,10169,2025-10-22,Collaboration,2,1786
739,10169,2026-08-24,Analytics,2,1288
740,10169,2025-08-16,Automation,6,1298
741,10169,2026-01-01,Collaboration,4,30
742,10169,2025-10-01,Automation,3,118
743,10169,2025-11-08,Reporting,8,1595
744,10170,2025-06-16,Analytics,18,1238
745,10170,2025-11-25,Integrations,11,1200
746,10170,2025-02-05,Analytics,14,1066
747,10170,2025-09-05,Reporting,15,1780
748,10170,2025-02-11,Analytics,15,1333
749,10170,2025-10-20,Reporting,21,452
750,10171,2026-04-13,Reporting,7,1197
751,10171,2026-02-03,Integrations,4,1544
752,10171,2025-09-21,Analytics,6,1238
753,10171,2025-11-15,Collaboration,3,328
754,10171,2025-05-03,Reporting,9,1643
755,10171,2025-12-17,Analytics,6,934
756,10171,2026-01-24,Integrations,7,713
757,10171,2026-01-05,Analytics,7,1475
758,10171,2026-02-07,Integrations,3,321
759,10171,2025-04-11,Automation,2,1510
760,10172,2025-04-13,Automation,32,506
761,10172,2025-08-05,Integrations,14,811
762,10172,2026-01-05,Collaboration,26,1288
763,10172,2025-05-19,Automation,17,302
764,10173,2026-05-08,Automation,29,1185
765,10174,2026-06-08,Analytics,17,87
766,10175,2026-05-10,Reporting,6,657
767,10175,2026-04-09,Reporting,4,1142
768,10176,2025-10-28,Reporting,18,144
769,10176,2026-05-23,Analytics,22,1635
770,10176,2025-10-13,Integrations,34,599
771,10176,2026-04-20,Automation,32,143
772,10176,2025-10-27,Automation,24,1739
773,10176,2026-01-26,Reporting,21,1173
774,10176,2026-07-15,Analytics,33,549
775,10176,2025-11-11,Collaboration,25,1052
776,10176,2026-08-08,Analytics,32,268
777,10176,2026-08-12,Analytics,38,1554
778,10176,2026-03-15,Automation,27,961
779,10177,2026-08-18,Analytics,18,54
780,10177,2026-05-01,Analytics,22,259
781,10177,2026-03-31,Analytics,23,1020
782,10178,2025-09-27,Analytics,5,318
783,10178,2026-01-16,Automation,8,1090
784,10178,2025-09-28,Collaboration,4,155
785,10178,2025-11-23,Integrations,9,1265
786,10178,2025-08-21,Integrations,7,175
787,10178,2025-08-21,Collaboration,6,957
788,10178,2025-07-25,Integrations,1,1748
789,10181,2026-08-02,Collaboration,3,1419
790,10182,2025-09-04,Automation,33,1596
791,10182,2026-03-25,Collaboration,30,1102
792,10182,2026-01-19,Collaboration,20,1795
793,10183,2026-06-26,Integrations,19,1185
794,10183,2025-11-27,Collaboration,15,878
795,10183,2026-05-20,Reporting,10,1404
796,10184,2026-04-29,Automation,11,303
797,10184,2026-03-07,Reporting,9,793
798,10184,2026-07-15,Analytics,9,906
799,10185,2026-07-06,Analytics,87,826
800,10185,2026-08-16,Integrations,107,262
801,10185,2026-02-18,Collaboration,86,624
802,10186,2026-05-28,Reporting,4,1215
803,10186,2026-05-07,Automation,4,599
804,10186,2025-11-29,Analytics,5,967
805,10186,2026-01-22,Analytics,2,1274
806,10186,2025-12-18,Automation,6,684
807,10186,2026-07-06,Analytics,7,612
808,10187,2026-01-15,Collaboration,18,1648
809,10187,2026-04-23,Automation,17,387
810,10187,2025-11-12,Analytics,9,1409
811,10187,2025-05-01,Analytics,14,1566
812,10187,2025-11-14,Analytics,11,1687
813,10187,2026-01-03,Analytics,18,1410
814,10188,2026-08-16,Collaboration,3,195
815,10188,2026-02-07,Integrations,11,684
816,10188,2026-01-25,Collaboration,5,1108
817,10188,2025-11-04,Reporting,6,1259
818,10188,2026-05-30,Analytics,3,869
819,10188,2025-10-17,Automation,5,1606
820,10188,2026-07-20,Automation,13,168
821,10188,2025-10-08,Collaboration,8,841
822,10189,2026-06-27,Analytics,23,1279
823,10189,2026-07-13,Analytics,32,1146
824,10189,2026-04-11,Reporting,15,167
825,10189,2026-01-26,Integrations,22,1799
826,10189,2025-11-08,Collaboration,14,156
827,10189,2026-01-31,Collaboration,17,889
828,10189,2026-07-14,Analytics,18,527
829,10190,2025-09-07,Integrations,6,905
830,10190,2026-04-15,Integrations,12,1252
831,10190,2026-08-04,Reporting,6,822
832,10190,2025-07-31,Integrations,11,1125
833,10190,2026-04-06,Integrations,8,1101
834,10191,2026-06-26,Automation,6,1763
835,10191,2026-05-16,Integrations,2,868
836,10191,2026-03-21,Integrations,4,90
837,10192,2026-03-28,Collaboration,4,187
838,10192,2026-08-25,Collaboration,2,918
839,10192,2026-07-03,Reporting,4,1381
840,10192,2026-02-20,Collaboration,4,1075
841,10192,2026-04-02,Integrations,1,759
842,10192,2026-08-15,Automation,5,749
843,10193,2026-04-19,Integrations,12,1455
844,10193,2026-04-12,Integrations,7,1584
845,10193,2026-04-21,Analytics,20,1658
846,10193,2026-04-23,Collaboration,6,1625
847,10193,2026-01-09,Automation,17,351
848,10193,2026-05-01,Automation,7,958
849,10194,2026-06-21,Automation,10,466
850,10194,2026-05-03,Reporting,5,1356
851,10194,2025-10-11,Analytics,11,349
852,10195,2026-07-30,Integrations,5,978
853,10196,2025-07-13,Analytics,2,498
854,10196,2026-02-17,Integrations,4,521
855,10196,2026-03-08,Collaboration,2,1457
856,10196,2025-05-01,Analytics,5,364
857,10196,2026-04-12,Reporting,3,1702
858,10197,2025-11-16,Collaboration,4,1582
859,10197,2025-10-04,Analytics,2,1295
860,10197,2025-09-10,Collaboration,2,436
861,10197,2025-12-16,Automation,3,1134
862,10197,2026-08-19,Automation,1,472
863,10197,2025-11-14,Integrations,6,970
864,10197,2025-12-23,Analytics,5,291
865,10197,2026-08-16,Integrations,6,229
866,10197,2026-06-17,Reporting,2,1144
867,10198,2025-09-09,Reporting,4,1500
868,10198,2025-06-26,Analytics,3,739
869,10198,2026-01-31,Integrations,10,209
870,10198,2026-02-25,Collaboration,5,605
871,10198,2026-02-06,Analytics,6,989
872,10198,2025-06-12,Automation,4,745
873,10198,2026-02-07,Collaboration,3,1378
874,10198,2025-07-03,Analytics,4,1672
875,10198,2025-07-25,Automation,6,255
876,10199,2025-10-18,Integrations,9,1018
877,10199,2026-07-13,Reporting,13,744
878,10199,2026-05-11,Reporting,10,894
879,10199,2025-12-27,Collaboration,8,202
880,10199,2026-03-09,Collaboration,15,575
881,10199,2026-08-21,Analytics,16,530
882,10199,2026-07-31,Automation,16,1616
883,10199,2025-11-23,Automation,16,970
884,10199,2025-10-15,Collaboration,21,964
885,10201,2025-12-22,Analytics,12,1639
886,10201,2026-08-11,Collaboration,13,556
887,10201,2026-05-06,Automation,9,358
888,10201,2026-07-30,Integrations,13,181
889,10201,2026-01-14,Analytics,14,1344
890,10201,2026-03-19,Collaboration,13,1744
891,10202,2026-07-18,Reporting,7,395
892,10203,2025-11-27,Analytics,37,583
893,10203,2026-07-05,Collaboration,31,370
894,10203,2026-05-25,Analytics,35,60
895,10204,2026-07-09,Integrations,26,1051
896,10204,2026-08-12,Integrations,21,991
897,10204,2026-06-07,Integrations,21,723
898,10204,2026-05-05,Reporting,13,275
899,10204,2026-03-12,Reporting,11,1146
900,10205,2026-06-13,Integrations,6,910
901,10205,2026-05-04,Analytics,3,1563
902,10205,2026-08-22,Collaboration,5,1530
903,10205,2026-06-11,Automation,3,284
904,10205,2026-07-16,Collaboration,4,1405
905,10205,2025-12-07,Collaboration,3,113
906,10205,2026-05-10,Analytics,3,1364
907,10206,2025-08-01,Collaboration,13,1608
908,10206,2025-12-07,Collaboration,8,1521
909,10206,2025-08-20,Automation,1,350
910,10206,2026-04-09,Reporting,1,580
911,10206,2025-07-02,Reporting,5,1780
912,10206,2026-03-30,Automation,3,1746
913,10206,2025-07-21,Reporting,6,1511
914,10206,2026-02-21,Reporting,9,1092
915,10207,2026-07-21,Reporting,12,1146
916,10207,2026-05-04,Automation,14,1559
917,10208,2026-08-24,Analytics,5,660
918,10209,2026-01-20,Collaboration,17,361
919,10209,2026-04-07,Reporting,18,1296
920,10209,2025-10-28,Automation,13,1404
921,10209,2026-06-09,Analytics,25,1292
922,10209,2025-12-01,Analytics,18,1536
923,10210,2026-05-04,Analytics,111,874
924,10211,2026-07-18,Automation,5,1084
925,10211,2025-11-10,Collaboration,4,71
926,10211,2026-06-05,Analytics,3,1455
927,10212,2026-05-24,Analytics,7,205
928,10212,2026-05-25,Collaboration,10,456
929,10212,2026-06-06,Collaboration,7,532
930,10212,2026-06-21,Analytics,8,1133
931,10213,2026-06-05,Collaboration,125,996
932,10213,2026-04-29,Collaboration,137,1795
933,10213,2026-08-21,Collaboration,142,1614
934,10214,2026-02-14,Reporting,11,1688
935,10214,2026-04-12,Integrations,13,1338
936,10214,2026-02-08,Collaboration,12,1765
937,10215,2026-05-25,Integrations,9,315
938,10216,2025-07-26,Integrations,31,1220
939,10216,2025-07-31,Automation,39,911
940,10217,2025-10-01,Integrations,69,1081
941,10217,2026-02-18,Reporting,74,387
942,10217,2025-02-26,Analytics,57,1714
943,10217,2025-04-20,Collaboration,50,373
944,10217,2025-11-16,Integrations,65,95
945,10217,2026-03-18,Integrations,60,1208
946,10217,2025-03-31,Collaboration,68,462
947,10217,2025-10-22,Analytics,67,1762
948,10217,2026-01-11,Integrations,72,1158
949,10217,2025-04-11,Collaboration,60,433
950,10218,2025-11-25,Automation,7,1636
951,10218,2025-04-25,Automation,13,1516
952,10218,2025-07-16,Collaboration,8,823
953,10218,2025-05-19,Collaboration,12,1629
954,10218,2026-04-01,Integrations,12,1743
955,10218,2025-07-21,Reporting,13,1339
956,10219,2025-11-18,Reporting,20,38
957,10219,2026-01-10,Reporting,20,508
958,10219,2026-03-27,Automation,16,174
959,10219,2026-07-09,Collaboration,20,724
960,10219,2026-03-13,Automation,8,1172
961,10219,2025-10-01,Collaboration,21,1013
962,10221,2025-11-02,Reporting,5,830
963,10221,2025-05-27,Integrations,3,176
964,10221,2025-10-20,Analytics,3,1485
965,10221,2025-05-15,Reporting,2,967
966,10222,2026-07-14,Analytics,26,1115
967,10222,2026-04-18,Integrations,27,946
968,10222,2025-10-26,Automation,25,554
969,10222,2026-07-10,Analytics,28,1122
970,10222,2026-05-13,Collaboration,28,953
971,10222,2025-12-30,Analytics,28,414
972,10222,2026-06-14,Automation,33,1711
973,10222,2025-10-12,Automation,30,137
974,10222,2025-11-19,Automation,25,1152
975,10223,2026-03-07,Collaboration,8,1532
976,10223,2026-04-17,Automation,11,1714
977,10224,2025-09-22,Integrations,19,697
978,10224,2026-04-21,Integrations,19,1102
979,10224,2025-08-26,Analytics,14,617
980,10224,2025-11-12,Integrations,10,616
981,10224,2025-08-02,Analytics,20,1791
982,10224,2026-03-28,Reporting,23,1050
983,10224,2025-09-07,Analytics,17,108
984,10224,2026-04-10,Analytics,20,942
985,10224,2025-10-09,Integrations,18,799
986,10225,2026-06-22,Automation,36,1454
987,10225,2026-07-19,Analytics,27,501
988,10225,2026-03-09,Analytics,22,447
989,10225,2026-04-19,Reporting,31,628
990,10225,2026-04-18,Automation,27,148
991,10225,2026-06-19,Analytics,28,1793
992,10226,2025-12-06,Reporting,7,251
993,10226,2026-07-21,Automation,6,128
994,10226,2026-04-01,Reporting,0,145
995,10227,2026-08-02,Integrations,11,230
996,10227,2026-07-18,Reporting,9,1428
997,10227,2026-07-10,Automation,11,1103
998,10228,2026-05-04,Reporting,2,1592
999,10228,2026-06-18,Reporting,7,971
1000,10228,2026-02-10,Reporting,3,959
1001,10228,2026-03-17,Collaboration,2,1469
1002,10229,2026-07-12,Collaboration,26,1254
1003,10229,2026-03-24,Automation,29,337
1004,10229,2025-12-27,Reporting,41,1344
1005,10229,2026-08-18,Integrations,31,668
1006,10229,2026-08-12,Reporting,24,994
1007,10229,2026-02-16,Integrations,28,678
1008,10230,2025-07-21,Analytics,6,1503
1009,10230,2025-09-14,Integrations,11,448
1010,10230,2025-09-02,Integrations,5,427
1011,10230,2025-06-30,Analytics,10,1700
1012,10230,2025-09-06,Reporting,8,1230
1013,10230,2026-01-31,Collaboration,4,1515
1014,10230,2025-08-11,Analytics,9,1160
1015,10231,2026-08-11,Integrations,14,308
1016,10231,2026-01-05,Collaboration,9,1303
1017,10231,2026-05-14,Integrations,13,1208
1018,10232,2026-08-06,Automation,7,100
1019,10232,2026-06-12,Collaboration,8,173
1020,10233,2025-10-11,Automation,4,1523
1021,10233,2025-11-23,Integrations,2,301
1022,10233,2025-08-01,Analytics,3,257
1023,10233,2025-07-01,Analytics,6,1767
1024,10233,2025-01-27,Integrations,2,264
1025,10234,2026-08-09,Integrations,20,1259
1026,10234,2026-04-25,Analytics,22,1477
1027,10235,2026-04-21,Automation,19,1731
1028,10235,2026-08-06,Collaboration,16,597
1029,10235,2026-05-08,Collaboration,18,497
1030,10235,2025-11-21,Integrations,15,1524
1031,10235,2026-07-02,Integrations,21,1308
1032,10235,2026-07-09,Automation,24,443
1033,10236,2026-05-08,Reporting,15,899
1034,10236,2026-08-20,Reporting,21,1756
1035,10236,2026-05-23,Collaboration,12,1518
1036,10236,2026-03-29,Automation,16,789
1037,10237,2026-03-14,Automation,49,333
1038,10237,2026-04-02,Reporting,53,1204
1039,10237,2026-04-23,Integrations,62,60
1040,10237,2026-07-18,Integrations,56,1418
1041,10237,2026-07-25,Automation,44,1140
1042,10238,2026-08-05,Automation,91,1275
1043,10238,2026-05-06,Reporting,95,666
1044,10238,2025-09-19,Integrations,91,272
1045,10238,2026-02-21,Reporting,93,494
1046,10239,2026-08-10,Integrations,6,920
1047,10239,2025-10-24,Integrations,7,762
1048,10239,2026-02-20,Collaboration,6,1460
1049,10239,2025-12-18,Automation,5,1222
1050,10239,2026-01-02,Automation,9,1049
1051,10239,2025-08-19,Integrations,6,1743
1052,10239,2025-07-26,Automation,8,363
1053,10239,2026-02-01,Reporting,6,1405
1054,10239,2026-04-04,Reporting,7,849
1055,10240,2026-08-03,Reporting,18,1661
1056,10240,2026-02-01,Automation,14,543
1057,10240,2026-05-28,Analytics,14,819
1058,10240,2026-04-16,Automation,24,1262
1059,10240,2026-07-03,Automation,18,1356
1060,10240,2026-08-15,Integrations,17,1599
1061,10240,2026-05-15,Analytics,15,184
1062,10241,2025-06-07,Integrations,6,1011
1063,10241,2026-05-11,Collaboration,6,1329
1064,10241,2026-05-03,Automation,11,1276
1065,10241,2026-01-26,Reporting,7,901
1066,10241,2025-12-18,Collaboration,3,1584
1067,10241,2025-10-21,Collaboration,3,1731
1068,10242,2026-06-09,Automation,22,711
1069,10242,2026-03-04,Integrations,29,916
1070,10242,2026-05-04,Integrations,42,349
1071,10242,2026-08-06,Analytics,27,852
1072,10242,2026-02-04,Integrations,29,311
1073,10243,2025-11-10,Integrations,33,510
1074,10243,2025-07-06,Collaboration,26,223
1075,10243,2025-05-05,Reporting,29,882
1076,10243,2026-01-29,Reporting,35,825
1077,10243,2025-08-03,Automation,30,136
1078,10244,2026-05-03,Reporting,5,1117
1079,10244,2026-05-06,Automation,4,1672
1080,10244,2026-08-21,Integrations,3,626
1081,10245,2026-04-08,Collaboration,9,1039
1082,10245,2026-03-05,Collaboration,5,581
1083,10245,2026-02-03,Automation,3,747
1084,10245,2026-05-19,Collaboration,1,548
1085,10245,2026-01-25,Automation,4,746
1086,10245,2026-06-27,Integrations,2,201
1087,10245,2026-05-25,Integrations,4,1317
1088,10245,2026-06-28,Reporting,3,633
1089,10246,2026-02-10,Collaboration,46,820
1090,10246,2025-10-08,Reporting,37,1047
1091,10246,2025-04-02,Reporting,48,1703
1092,10246,2025-11-03,Integrations,53,203
1093,10246,2025-02-25,Analytics,46,1488
1094,10246,2026-04-07,Collaboration,34,83
1095,10246,2025-11-18,Reporting,48,519
1096,10246,2025-06-19,Integrations,45,1088
1097,10246,2025-06-22,Analytics,47,391
1098,10247,2026-07-02,Collaboration,8,898
1099,10247,2026-07-25,Collaboration,8,889
1100,10248,2026-02-21,Integrations,18,318
1101,10248,2026-02-19,Automation,11,1397
1102,10248,2026-01-31,Automation,4,175
1103,10248,2025-09-08,Analytics,12,265
1104,10248,2025-12-14,Collaboration,9,1330
1105,10248,2026-04-08,Automation,6,1698
1106,10248,2026-08-25,Integrations,11,538
1107,10248,2025-11-10,Automation,6,1179
1108,10248,2026-05-03,Reporting,5,1679
1109,10249,2026-05-04,Integrations,6,108
1110,10250,2025-04-06,Integrations,94,1116
1111,10250,2025-06-09,Analytics,81,764
1112,10250,2025-08-26,Analytics,95,749
1113,10250,2025-11-09,Collaboration,84,953
1114,10250,2025-02-03,Reporting,76,837
1115,10250,2025-11-28,Collaboration,87,1077
1116,10251,2025-07-21,Integrations,4,1705
1117,10251,2025-12-11,Collaboration,3,1258
1118,10251,2025-10-07,Reporting,4,1152
1119,10251,2026-03-01,Integrations,6,695
1120,10251,2025-09-11,Automation,6,1670
1121,10251,2025-08-20,Reporting,5,1507
1122,10251,2025-11-06,Analytics,2,601
1123,10252,2026-02-28,Reporting,13,800
1124,10252,2026-01-31,Analytics,7,1609
1125,10253,2025-10-03,Automation,49,1326
1126,10253,2026-03-16,Analytics,41,763
1127,10253,2025-09-02,Analytics,34,1736
1128,10253,2025-07-23,Automation,41,914
1129,10253,2026-02-03,Reporting,41,785
1130,10253,2026-04-14,Reporting,44,1624
1131,10253,2025-10-26,Collaboration,50,1712
1132,10253,2026-04-12,Collaboration,49,50
1133,10253,2025-07-31,Reporting,42,1011
1134,10253,2025-10-31,Integrations,37,96
1135,10254,2025-10-25,Collaboration,22,158
1136,10254,2026-06-15,Collaboration,16,642
1137,10254,2025-11-10,Automation,20,555
1138,10254,2026-03-21,Automation,36,995
1139,10254,2025-08-30,Collaboration,28,308
1140,10254,2025-10-13,Collaboration,17,221
1141,10255,2026-05-18,Reporting,13,99
1142,10256,2026-02-10,Analytics,25,983
1143,10256,2025-04-19,Reporting,23,1344
1144,10256,2026-01-06,Analytics,12,95
1145,10256,2026-01-11,Automation,15,272
1146,10256,2025-08-30,Analytics,21,41
1147,10256,2025-09-01,Collaboration,28,560
1148,10256,2025-12-02,Analytics,32,398
1149,10256,2026-04-12,Reporting,13,106
1150,10256,2025-07-22,Collaboration,19,560
1151,10257,2026-08-13,Reporting,14,1127
1152,10257,2026-07-07,Integrations,14,1600
1153,10257,2026-07-24,Reporting,16,1121
1154,10257,2026-02-28,Automation,20,1665
1155,10257,2026-03-02,Analytics,12,987
1156,10258,2026-04-02,Integrations,62,38
1157,10258,2025-06-15,Integrations,50,248
1158,10258,2025-12-07,Reporting,76,1028
1159,10259,2026-01-21,Automation,5,1423
1160,10259,2026-01-02,Analytics,4,1097
1161,10259,2025-07-08,Automation,8,1469
1162,10259,2026-04-02,Analytics,8,848
1163,10259,2026-01-12,Reporting,6,1429
1164,10259,2025-10-24,Collaboration,6,966
1165,10260,2026-03-13,Reporting,13,91
1166,10260,2026-06-19,Integrations,14,1242
1167,10260,2025-12-29,Reporting,15,462
1168,10260,2026-03-18,Integrations,13,83
1169,10260,2025-12-21,Analytics,19,981
1170,10260,2026-01-18,Analytics,17,241
1171,10260,2026-03-22,Collaboration,12,1068
1172,10260,2026-07-15,Collaboration,21,682
1173,10261,2026-04-29,Integrations,25,850
1174,10262,2025-05-03,Integrations,20,1509
1175,10262,2025-06-05,Automation,20,1143
1176,10262,2025-07-28,Automation,19,624
1177,10262,2025-10-16,Collaboration,15,1627
1178,10262,2025-07-22,Reporting,22,742
1179,10262,2025-09-04,Reporting,20,1440
1180,10262,2025-07-08,Analytics,19,971
1181,10262,2025-08-03,Collaboration,29,654
1182,10263,2026-06-19,Collaboration,47,1556
1183,10263,2026-05-08,Analytics,44,478
1184,10263,2025-09-23,Reporting,37,308
1185,10263,2026-02-05,Collaboration,51,1446
1186,10263,2025-08-01,Integrations,35,605
1187,10263,2025-12-21,Integrations,37,1341
1188,10263,2025-10-21,Collaboration,44,1275
1189,10263,2026-07-26,Reporting,40,1097
1190,10263,2026-08-13,Analytics,37,339
1191,10263,2026-04-20,Collaboration,50,879
1192,10263,2026-03-29,Automation,46,147
1193,10264,2026-08-06,Automation,23,997
1194,10266,2026-03-12,Analytics,45,321
1195,10266,2026-05-03,Integrations,35,400
1196,10266,2026-04-12,Automation,34,152
1197,10266,2026-04-08,Collaboration,54,421
1198,10266,2026-07-21,Integrations,32,1725
1199,10266,2026-01-10,Analytics,26,495
1200,10267,2026-02-12,Reporting,33,176
1201,10267,2025-11-14,Reporting,46,1668
1202,10267,2026-07-01,Analytics,37,1558
1203,10267,2026-07-29,Automation,42,1417
1204,10267,2026-02-11,Analytics,32,1062
1205,10267,2026-06-13,Analytics,34,79
1206,10268,2025-09-27,Integrations,17,1163
1207,10268,2026-05-20,Reporting,23,86
1208,10268,2026-03-14,Collaboration,35,199
1209,10269,2026-03-10,Collaboration,1,551
1210,10270,2026-06-05,Collaboration,7,203
1211,10270,2026-01-08,Collaboration,6,1646
1212,10270,2026-04-01,Automation,5,108
1213,10272,2025-11-13,Collaboration,6,1156
1214,10272,2025-10-29,Integrations,7,1102
1215,10272,2025-07-12,Automation,6,1564
1216,10272,2026-01-21,Collaboration,7,576
1217,10272,2025-07-29,Analytics,6,791
1218,10273,2025-07-25,Integrations,70,805
1219,10273,2026-04-08,Reporting,85,551
1220,10273,2025-09-24,Analytics,78,672
1221,10273,2025-04-16,Analytics,86,622
1222,10273,2026-03-17,Reporting,79,965
1223,10273,2025-04-19,Automation,76,974
1224,10273,2025-08-08,Analytics,72,1352
1225,10273,2026-02-26,Analytics,77,409
1226,10275,2026-04-16,Integrations,18,1352
1227,10275,2026-06-25,Collaboration,15,886
1228,10275,2026-03-02,Automation,21,826
1229,10275,2026-05-19,Reporting,19,1022
1230,10275,2026-03-22,Analytics,9,682
1231,10275,2026-07-01,Automation,15,775
1232,10276,2026-07-15,Reporting,53,1784
1233,10276,2026-02-02,Reporting,60,494
1234,10276,2026-06-26,Collaboration,43,1605
1235,10277,2025-10-20,Reporting,7,1462
1236,10277,2026-06-06,Analytics,3,723
1237,10277,2025-11-12,Collaboration,3,290
1238,10278,2026-04-17,Analytics,5,1334
1239,10278,2026-07-17,Analytics,6,885
1240,10278,2026-07-17,Automation,6,369
1241,10278,2026-08-19,Analytics,9,1655
1242,10278,2026-07-30,Automation,4,1386
1243,10279,2025-11-17,Reporting,22,380
1244,10279,2026-01-19,Reporting,12,353
1245,10279,2026-03-20,Analytics,25,1197
1246,10279,2025-05-05,Reporting,16,307
1247,10279,2026-02-13,Analytics,19,428
1248,10279,2026-01-09,Analytics,26,483
1249,10279,2025-10-06,Analytics,25,1045
1250,10279,2025-07-29,Automation,17,1263
1251,10279,2025-06-25,Automation,22,233
1252,10279,2025-03-03,Integrations,25,1742
1253,10280,2025-08-05,Reporting,10,638
1254,10280,2026-04-13,Collaboration,7,1182
1255,10280,2025-02-26,Analytics,9,80
1256,10280,2025-05-28,Collaboration,20,637
1257,10280,2025-11-22,Integrations,20,1406
1258,10280,2025-09-08,Reporting,14,145
1259,10281,2026-06-02,Automation,5,1221
1260,10281,2025-07-02,Collaboration,9,1721
1261,10281,2025-10-07,Automation,12,221
1262,10281,2025-08-28,Analytics,8,1332
1263,10281,2026-02-18,Collaboration,11,791
1264,10281,2025-09-06,Automation,7,339
1265,10281,2026-01-30,Collaboration,9,186
1266,10281,2026-04-09,Automation,3,838
1267,10281,2026-06-28,Reporting,11,1612
1268,10281,2026-03-02,Collaboration,8,499
1269,10282,2026-04-09,Reporting,7,1100
1270,10282,2025-12-17,Analytics,15,833
1271,10282,2026-04-26,Analytics,8,234
1272,10283,2026-05-20,Automation,34,700
1273,10283,2026-03-23,Integrations,31,1309
1274,10283,2026-03-12,Analytics,40,1013
1275,10283,2026-06-08,Automation,37,690
1276,10284,2026-02-18,Integrations,21,218
1277,10284,2026-06-10,Automation,25,385
1278,10284,2025-11-17,Automation,28,562
1279,10284,2025-12-06,Automation,26,1198
1280,10286,2026-08-05,Reporting,12,845
1281,10287,2026-05-21,Integrations,5,208
1282,10287,2025-09-04,Reporting,5,590
1283,10287,2025-10-21,Collaboration,4,92
1284,10287,2025-09-30,Integrations,7,458
1285,10287,2025-06-25,Analytics,11,1712
1286,10287,2025-08-26,Reporting,5,1509
1287,10287,2025-09-24,Analytics,5,805
1288,10287,2025-11-03,Reporting,4,854
1289,10288,2026-03-27,Collaboration,4,983
1290,10288,2026-08-16,Integrations,3,1199
1291,10289,2026-08-20,Collaboration,5,265
1292,10289,2026-06-25,Reporting,2,972
1293,10289,2026-07-17,Integrations,6,1624
1294,10289,2026-01-02,Analytics,2,1025
1295,10290,2025-10-28,Integrations,11,1757
1296,10290,2026-05-31,Collaboration,21,205
1297,10290,2026-01-02,Integrations,19,683
1298,10291,2026-05-11,Reporting,9,1277
1299,10292,2025-08-17,Reporting,101,255
1300,10292,2026-07-26,Integrations,103,1789
1301,10292,2025-12-28,Collaboration,106,382
1302,10292,2026-06-14,Collaboration,88,1444
1303,10292,2026-01-31,Automation,100,1159
1304,10292,2025-06-28,Automation,71,1344
1305,10292,2025-10-15,Collaboration,94,1781
1306,10292,2026-04-20,Automation,87,1533
1307,10292,2026-01-07,Reporting,100,1763
1308,10292,2026-07-09,Automation,103,1089
1309,10292,2026-07-05,Integrations,92,206
1310,10293,2026-08-13,Collaboration,7,981
1311,10293,2026-08-01,Collaboration,2,1112
1312,10294,2026-03-02,Reporting,4,1300
1313,10294,2026-04-07,Analytics,6,294
1314,10294,2025-10-30,Integrations,6,166
1315,10294,2025-12-21,Integrations,5,276
1316,10294,2025-12-23,Automation,4,1751
1317,10294,2026-07-24,Reporting,8,1437
1318,10295,2025-12-29,Integrations,22,563
1319,10295,2026-04-25,Reporting,32,35
1320,10295,2026-02-23,Automation,20,1630
1321,10295,2026-02-28,Reporting,20,1694
1322,10296,2026-02-06,Automation,58,196
1323,10296,2026-04-05,Analytics,55,1566
1324,10296,2026-05-26,Integrations,55,494
1325,10298,2026-07-26,Analytics,6,586
1326,10298,2026-01-20,Analytics,4,709
1327,10298,2025-12-04,Reporting,6,1342
1328,10299,2025-07-24,Integrations,6,141
1329,10299,2025-09-08,Integrations,5,365
1330,10300,2025-09-18,Analytics,20,179
1331,10300,2026-02-15,Integrations,17,1354
1332,10300,2025-08-08,Collaboration,14,1503
1333,10300,2025-05-03,Reporting,12,1173
1334,10300,2025-02-08,Integrations,22,860
1335,10300,2025-05-04,Automation,18,1351
1336,10300,2025-11-27,Reporting,15,989
1337,10300,2025-05-15,Automation,15,1417
1338,10300,2025-04-02,Collaboration,16,714
1339,10300,2025-11-05,Integrations,17,679
1340,10301,2026-01-19,Analytics,4,61
1341,10301,2025-12-15,Integrations,11,747
1342,10301,2026-08-08,Integrations,7,347
1343,10302,2026-06-25,Collaboration,5,658
1344,10302,2026-08-04,Reporting,3,1066
1345,10302,2026-07-11,Integrations,2,1546
1346,10303,2025-11-19,Integrations,4,1492
1347,10303,2025-01-12,Collaboration,5,1088
1348,10303,2025-06-26,Automation,1,1151
1349,10303,2025-07-10,Reporting,7,376
1350,10303,2025-01-23,Reporting,6,1579
1351,10303,2025-11-23,Automation,4,598
1352,10305,2026-04-23,Integrations,167,1452
1353,10305,2026-05-14,Automation,162,386
1354,10305,2026-03-24,Analytics,147,511
1355,10305,2026-03-14,Automation,171,153
1356,10306,2025-04-12,Integrations,23,1471
1357,10306,2025-04-29,Analytics,18,77
1358,10306,2025-12-09,Analytics,15,649
1359,10306,2025-10-30,Collaboration,18,1379
1360,10306,2025-08-11,Automation,18,778
1361,10307,2026-07-03,Analytics,22,1621
1362,10307,2026-03-29,Integrations,13,1664
1363,10307,2026-01-05,Reporting,22,983
1364,10308,2026-05-23,Collaboration,4,265
1365,10308,2025-12-04,Reporting,5,1098
1366,10308,2026-01-06,Automation,7,915
1367,10308,2026-07-20,Analytics,8,985
1368,10309,2025-09-26,Reporting,10,68
1369,10309,2026-06-02,Collaboration,9,764
1370,10309,2025-08-31,Collaboration,7,1364
1371,10310,2025-05-22,Analytics,6,1605
1372,10310,2025-06-05,Collaboration,7,1687
1373,10310,2025-04-25,Integrations,11,331
1374,10310,2026-02-03,Integrations,3,427
1375,10310,2025-11-22,Reporting,9,226
1376,10310,2025-09-21,Analytics,9,1153
1377,10310,2025-06-13,Analytics,4,251
1378,10310,2025-09-26,Automation,6,633
1379,10310,2025-05-19,Integrations,12,1493
1380,10311,2026-06-02,Analytics,40,1514
1381,10311,2026-02-20,Collaboration,39,1572
1382,10311,2026-06-25,Collaboration,33,784
1383,10311,2026-05-22,Integrations,34,1163
1384,10312,2026-07-23,Automation,45,523
1385,10313,2025-05-03,Analytics,30,821
1386,10313,2025-05-20,Integrations,29,1679
1387,10313,2025-06-13,Analytics,34,850
1388,10313,2025-06-29,Reporting,27,1699
1389,10313,2026-02-26,Reporting,25,258
1390,10313,2025-08-26,Automation,27,111
1391,10313,2025-10-11,Reporting,28,775
1392,10313,2025-03-19,Reporting,35,568
1393,10314,2025-10-30,Collaboration,92,1450
1394,10314,2025-08-04,Automation,95,1000
1395,10314,2025-12-14,Collaboration,91,1412
1396,10314,2026-04-01,Analytics,71,619
1397,10314,2026-05-23,Analytics,70,262
1398,10314,2026-04-30,Collaboration,81,964
1399,10314,2026-02-11,Reporting,95,1736
1400,10314,2025-09-18,Integrations,73,397
1401,10315,2026-03-28,Reporting,42,820
1402,10315,2025-11-15,Automation,46,1393
1403,10315,2025-10-27,Reporting,50,481
1404,10315,2025-06-19,Integrations,57,697
1405,10315,2025-10-05,Integrations,47,1295
1406,10315,2025-11-01,Integrations,52,456
1407,10315,2025-06-18,Automation,56,807
1408,10315,2025-09-29,Analytics,50,497
1409,10315,2025-08-07,Automation,47,842
1410,10315,2025-11-03,Reporting,62,355
1411,10316,2026-08-16,Reporting,54,1405
1412,10316,2026-08-07,Analytics,38,914
1413,10316,2026-05-08,Analytics,52,519
1414,10317,2026-07-07,Reporting,4,1234
1415,10318,2026-05-07,Reporting,8,985
1416,10318,2026-06-30,Analytics,3,1230
1417,10318,2026-07-27,Integrations,10,71
1418,10318,2026-05-09,Reporting,8,643
1419,10320,2026-05-26,Analytics,19,729
1420,10320,2026-07-14,Automation,17,612
1421,10321,2025-08-03,Analytics,3,1479
1422,10321,2025-08-30,Integrations,6,206
1423,10321,2025-10-03,Collaboration,4,715
1424,10321,2026-06-29,Integrations,4,135
1425,10321,2026-06-24,Automation,7,1694
1426,10321,2026-06-13,Analytics,8,413
1427,10321,2026-05-20,Reporting,10,496
1428,10321,2026-07-28,Collaboration,11,1381
1429,10321,2025-10-17,Collaboration,2,1112
1430,10321,2026-03-27,Automation,5,1436
1431,10322,2025-12-14,Collaboration,16,957
1432,10322,2025-03-19,Automation,18,416
1433,10322,2026-02-10,Integrations,21,574
1434,10322,2025-05-25,Automation,23,606
1435,10322,2025-07-05,Analytics,20,1375
1436,10322,2025-03-30,Reporting,16,1155
1437,10322,2025-07-02,Automation,11,1192
1438,10322,2025-08-04,Integrations,15,886
1439,10323,2026-04-24,Automation,11,1652
1440,10323,2026-03-27,Analytics,7,665
1441,10324,2026-07-24,Automation,16,841
1442,10324,2026-08-20,Reporting,25,1482
1443,10326,2025-08-02,Reporting,5,1714
1444,10326,2025-09-22,Collaboration,4,1630
1445,10326,2026-03-27,Analytics,1,1712
1446,10327,2025-06-04,Reporting,4,1572
1447,10327,2026-06-09,Reporting,7,518
1448,10327,2025-09-30,Integrations,4,423
1449,10327,2025-11-25,Integrations,6,1584
1450,10327,2025-10-19,Reporting,10,513
1451,10327,2025-09-05,Collaboration,11,394
1452,10327,2025-11-06,Analytics,9,238
1453,10327,2026-03-09,Reporting,5,141
1454,10328,2025-12-20,Analytics,45,1627
1455,10328,2025-12-21,Integrations,48,1381
1456,10328,2025-09-12,Analytics,51,1767
1457,10328,2025-06-25,Automation,51,656
1458,10328,2025-12-31,Integrations,44,297
1459,10328,2025-07-26,Analytics,53,165
1460,10328,2025-10-16,Reporting,46,1080
1461,10328,2025-09-29,Reporting,57,548
1462,10329,2026-04-30,Automation,19,1105
1463,10329,2026-04-30,Integrations,19,321
1464,10329,2026-05-12,Analytics,21,1333
1465,10329,2025-04-17,Analytics,23,1460
1466,10329,2025-12-11,Automation,21,626
1467,10329,2025-04-28,Collaboration,18,927
1468,10330,2026-03-25,Analytics,18,1489
1469,10330,2026-07-22,Reporting,14,1504
1470,10330,2025-12-01,Automation,15,485
1471,10330,2026-03-08,Reporting,16,1175
1472,10330,2026-02-18,Analytics,13,699
1473,10330,2026-02-20,Analytics,16,554
1474,10331,2026-03-21,Integrations,1,1110
1475,10331,2026-03-28,Integrations,5,818
1476,10332,2026-04-18,Collaboration,4,1781
1477,10332,2026-02-10,Analytics,6,335
1478,10332,2026-02-27,Collaboration,2,548
1479,10332,2025-10-02,Reporting,1,845
1480,10332,2025-11-03,Reporting,3,1201
1481,10332,2025-11-15,Automation,5,554
1482,10334,2026-05-29,Integrations,32,691
1483,10335,2025-11-26,Reporting,35,1127
1484,10335,2026-03-17,Analytics,43,1336
1485,10335,2026-04-28,Automation,49,346
1486,10336,2026-07-05,Collaboration,7,628
1487,10336,2026-07-20,Reporting,3,1264
1488,10336,2026-05-05,Analytics,4,1353
1489,10336,2026-08-07,Integrations,8,1017
1490,10338,2026-02-02,Integrations,5,894
1491,10338,2025-12-28,Reporting,11,686
1492,10338,2026-05-04,Automation,3,252
1493,10338,2026-06-18,Collaboration,3,1275
1494,10338,2025-09-09,Analytics,4,1327
1495,10338,2026-07-06,Integrations,3,1296
1496,10338,2025-12-07,Collaboration,1,428
1497,10338,2026-03-20,Reporting,6,321
1498,10338,2026-03-18,Automation,3,555
1499,10338,2025-10-15,Collaboration,4,216
1500,10339,2026-06-12,Reporting,48,1572
1501,10339,2025-07-04,Analytics,45,277
1502,10339,2025-11-30,Integrations,48,984
1503,10340,2026-08-05,Collaboration,5,319
1504,10342,2026-02-22,Analytics,20,210
1505,10342,2026-01-11,Integrations,22,1053
1506,10342,2026-06-27,Automation,21,771
1507,10342,2026-07-15,Automation,18,724
1508,10343,2026-02-14,Automation,12,673
1509,10343,2026-07-07,Collaboration,15,391
1510,10343,2026-01-20,Integrations,7,788
1511,10343,2026-08-20,Reporting,13,540
1512,10343,2026-05-03,Collaboration,13,849
1513,10343,2026-01-13,Analytics,7,1210
1514,10343,2026-01-18,Collaboration,10,767
1515,10344,2026-05-05,Integrations,7,1652
1516,10344,2026-08-03,Reporting,9,1618
1517,10344,2026-08-26,Analytics,7,654
1518,10344,2026-02-28,Analytics,8,436
1519,10344,2025-12-16,Analytics,8,674
1520,10344,2026-03-14,Integrations,8,1290
1521,10345,2026-08-10,Analytics,7,98
1522,10346,2025-06-07,Analytics,4,70
1523,10346,2026-06-30,Automation,3,1511
1524,10346,2025-07-23,Reporting,8,1165
1525,10346,2026-05-10,Reporting,3,544
1526,10346,2025-09-06,Integrations,6,1602
1527,10346,2025-12-19,Integrations,5,462
1528,10348,2026-08-21,Analytics,28,785
1529,10349,2025-06-03,Automation,26,986
1530,10349,2025-07-24,Reporting,24,364
1531,10349,2025-09-14,Analytics,34,1236
1532,10350,2025-10-26,Collaboration,6,1094
1533,10350,2025-09-07,Automation,8,1087
1534,10350,2025-06-16,Integrations,8,1784
1535,10350,2026-01-31,Automation,10,1290
1536,10350,2026-01-16,Reporting,10,349
1537,10350,2025-06-28,Automation,13,739
1538,10350,2025-06-01,Reporting,11,1574
1539,10350,2025-05-23,Analytics,13,1466
1540,10350,2026-01-14,Integrations,15,276
1541,10350,2025-12-22,Collaboration,12,334
1542,10351,2026-05-04,Analytics,12,1313
1543,10351,2025-11-29,Automation,6,802
1544,10351,2026-05-22,Integrations,15,1706
1545,10351,2026-04-24,Automation,20,498
1546,10351,2025-12-03,Collaboration,10,252
1547,10351,2026-04-17,Automation,11,1428
1548,10352,2025-05-05,Automation,6,1196
1549,10352,2025-12-07,Integrations,2,1544
1550,10352,2025-02-07,Automation,3,551
1551,10352,2025-07-17,Automation,5,1542
1552,10352,2025-04-18,Reporting,3,1756
1553,10352,2025-11-28,Automation,2,870
1554,10352,2025-04-28,Integrations,10,446
1555,10352,2025-05-02,Integrations,4,42
1556,10352,2025-12-08,Integrations,2,1370
1557,10352,2025-04-05,Reporting,5,970
1558,10352,2025-12-28,Reporting,2,856
1559,10353,2026-04-09,Analytics,5,701
1560,10353,2026-08-17,Automation,6,818
1561,10353,2025-11-27,Analytics,6,923
1562,10353,2026-02-18,Reporting,5,1232
1563,10353,2026-02-15,Integrations,8,1364
1564,10353,2025-11-21,Reporting,10,1196
1565,10353,2025-12-06,Reporting,0,1084
1566,10353,2026-01-08,Integrations,9,1500
1567,10353,2025-07-12,Automation,4,1236
1568,10353,2026-05-21,Automation,9,1566
1569,10353,2025-09-17,Analytics,5,1328
1570,10354,2026-07-29,Collaboration,9,384
1571,10354,2026-01-01,Analytics,9,1142
1572,10354,2025-10-23,Collaboration,5,1311
1573,10354,2025-10-02,Collaboration,10,1441
1574,10354,2025-09-19,Automation,10,1167
1575,10357,2025-12-24,Automation,37,843
1576,10357,2025-05-29,Collaboration,36,1532
1577,10357,2025-11-18,Integrations,34,1235
1578,10357,2026-02-06,Automation,33,580
1579,10357,2026-01-10,Integrations,43,255
1580,10358,2026-07-23,Reporting,22,949
1581,10358,2026-07-14,Analytics,20,1208
1582,10359,2025-11-30,Reporting,9,109
1583,10359,2025-12-05,Integrations,8,485
1584,10359,2025-07-19,Analytics,15,386
1585,10359,2025-12-28,Reporting,19,164
1586,10359,2025-09-18,Reporting,12,342
1587,10359,2025-05-05,Integrations,13,1338
1588,10360,2026-07-11,Reporting,13,1355
1589,10363,2026-03-12,Automation,6,279
1590,10363,2026-03-13,Integrations,5,860
1591,10363,2025-06-04,Reporting,8,1032
1592,10365,2025-09-01,Automation,90,474
1593,10365,2025-06-15,Collaboration,97,123
1594,10365,2025-09-20,Collaboration,91,1370
1595,10365,2025-10-25,Collaboration,91,1744
1596,10365,2025-12-01,Integrations,73,976
1597,10365,2025-12-12,Reporting,92,862
1598,10365,2025-12-24,Integrations,103,558
1599,10365,2025-04-09,Integrations,92,1226
1600,10365,2025-11-26,Collaboration,94,1169
1601,10365,2025-11-04,Collaboration,93,976
1602,10365,2026-02-25,Automation,94,726
1603,10366,2026-05-25,Integrations,12,1331
1604,10367,2026-08-01,Analytics,110,597
1605,10367,2025-11-24,Collaboration,94,873
1606,10368,2025-07-29,Integrations,9,199
1607,10368,2026-06-07,Reporting,3,569
1608,10368,2025-10-27,Analytics,7,288
1609,10369,2025-06-08,Analytics,24,601
1610,10369,2025-06-24,Reporting,14,273
1611,10369,2025-10-19,Collaboration,16,542
1612,10369,2025-05-18,Integrations,12,781
1613,10369,2025-03-04,Integrations,21,876
1614,10370,2026-06-20,Reporting,17,1427
1615,10370,2026-07-26,Analytics,13,811
1616,10371,2026-05-22,Automation,2,1746
1617,10371,2026-06-17,Collaboration,2,561
1618,10371,2026-05-23,Automation,3,288
1619,10371,2025-08-05,Reporting,3,580
1620,10372,2026-05-11,Integrations,7,687
1621,10372,2026-07-08,Analytics,5,401
1622,10372,2026-02-15,Analytics,11,697
1623,10373,2026-06-24,Reporting,7,53
1624,10373,2026-06-05,Analytics,7,198
1625,10373,2026-05-15,Reporting,8,35
1626,10373,2025-12-30,Automation,6,558
1627,10373,2025-12-15,Collaboration,11,1497
1628,10374,2025-12-25,Analytics,33,1702
1629,10374,2026-08-23,Automation,53,749
1630,10374,2026-01-09,Integrations,40,983
1631,10374,2026-06-10,Collaboration,33,72
1632,10374,2025-10-01,Analytics,35,90
1633,10374,2025-08-29,Reporting,31,865
1634,10374,2025-09-21,Analytics,25,1312
1635,10374,2026-04-28,Collaboration,36,1770
1636,10375,2026-08-02,Automation,18,971
1637,10376,2025-10-24,Integrations,12,546
1638,10376,2025-05-19,Collaboration,12,1543
1639,10376,2026-01-06,Analytics,15,1097
1640,10376,2025-08-09,Automation,14,1550
1641,10376,2026-01-02,Reporting,13,1269
1642,10376,2026-03-28,Reporting,10,604
1643,10376,2025-08-11,Reporting,18,1034
1644,10376,2025-06-28,Collaboration,18,1402
1645,10377,2026-07-05,Automation,18,1198
1646,10377,2026-06-22,Reporting,15,1459
1647,10377,2026-08-13,Analytics,21,1486
1648,10377,2026-06-04,Integrations,19,693
1649,10377,2026-05-07,Analytics,17,1448
1650,10377,2026-05-07,Reporting,16,1407
1651,10378,2026-08-21,Reporting,6,202
1652,10378,2026-08-10,Automation,5,1615
1653,10379,2025-09-02,Reporting,12,971
1654,10379,2026-07-14,Reporting,11,143
1655,10379,2025-10-27,Collaboration,8,1342
1656,10380,2026-06-11,Collaboration,6,1506
1657,10380,2025-12-16,Collaboration,9,1688
1658,10380,2025-07-03,Reporting,2,933
1659,10380,2026-03-05,Integrations,7,269
1660,10380,2026-05-28,Reporting,8,1614
1661,10380,2026-06-18,Integrations,12,986
1662,10381,2025-03-11,Reporting,125,1422
1663,10381,2025-07-29,Collaboration,127,812
1664,10381,2025-07-17,Analytics,119,842
1665,10381,2026-01-26,Reporting,103,663
1666,10381,2025-08-26,Integrations,124,1114
1667,10381,2025-02-07,Reporting,119,320
1668,10382,2026-08-10,Automation,25,1078
1669,10382,2026-08-01,Integrations,40,1134
1670,10384,2026-04-04,Analytics,14,151
1671,10384,2025-08-30,Reporting,22,90
1672,10384,2025-07-25,Collaboration,17,1344
1673,10384,2025-11-10,Collaboration,20,596
1674,10384,2026-06-13,Automation,19,1083
1675,10384,2025-08-18,Collaboration,13,218
1676,10385,2025-03-17,Collaboration,4,639
1677,10385,2025-11-11,Integrations,11,1581
1678,10385,2025-11-09,Reporting,7,1478
1679,10385,2025-05-19,Automation,9,1550
1680,10385,2025-11-03,Collaboration,7,752
1681,10385,2025-05-17,Reporting,4,111
1682,10385,2025-04-18,Reporting,5,1141
1683,10385,2025-08-27,Collaboration,6,361
1684,10385,2025-03-22,Analytics,5,1571
1685,10386,2026-01-03,Automation,83,233
1686,10386,2025-07-07,Integrations,81,1206
1687,10386,2025-11-06,Reporting,84,117
1688,10386,2026-02-06,Analytics,87,659
1689,10386,2025-12-05,Reporting,91,1767
1690,10386,2025-09-16,Collaboration,89,583
1691,10387,2025-05-27,Reporting,7,1422
1692,10387,2025-04-29,Analytics,5,244
1693,10387,2025-05-31,Automation,4,687
1694,10387,2025-06-06,Automation,3,680
1695,10388,2026-08-22,Analytics,5,1436
1696,10390,2025-06-13,Automation,36,1237
1697,10390,2025-06-06,Reporting,23,194
1698,10390,2025-11-27,Analytics,27,1009
1699,10390,2025-10-10,Integrations,22,769
1700,10390,2025-11-25,Automation,24,1538
1701,10390,2025-09-14,Automation,28,53
1702,10390,2026-02-09,Analytics,28,1766
1703,10390,2025-07-31,Automation,25,1753
1704,10390,2026-01-08,Collaboration,21,952
1705,10390,2026-03-01,Integrations,28,1447
1706,10390,2026-05-03,Automation,33,650
1707,10391,2026-08-19,Automation,20,230
1708,10391,2026-07-10,Reporting,23,1227
1709,10391,2026-06-16,Collaboration,30,1537
1710,10392,2025-08-07,Integrations,25,1543
1711,10392,2025-08-08,Automation,30,1094
1712,10392,2025-12-29,Integrations,21,938
1713,10392,2026-03-26,Collaboration,41,355
1714,10392,2026-05-17,Reporting,28,282
1715,10393,2026-08-06,Reporting,33,411
1716,10393,2026-05-04,Automation,34,1182
1717,10393,2026-05-22,Reporting,41,847
1718,10393,2025-09-25,Analytics,32,1535
1719,10393,2026-01-07,Integrations,38,1213
1720,10393,2025-08-21,Analytics,24,1210
1721,10393,2026-05-15,Reporting,38,996
1722,10394,2026-08-23,Collaboration,2,1075
1723,10394,2026-05-08,Analytics,6,842
1724,10394,2026-08-09,Integrations,3,536
1725,10394,2026-05-09,Integrations,10,1017
1726,10394,2026-06-05,Analytics,4,1275
1727,10394,2026-01-05,Integrations,3,1039
1728,10394,2026-05-19,Integrations,6,691
1729,10394,2026-04-08,Reporting,5,1220
1730,10395,2026-06-19,Collaboration,44,609
1731,10395,2026-05-03,Analytics,48,1386
1732,10395,2026-07-08,Integrations,36,1069
1733,10395,2026-05-22,Automation,44,1626
1734,10397,2025-09-19,Collaboration,6,1026
1735,10397,2025-02-18,Collaboration,14,160
1736,10397,2025-04-08,Automation,10,1005
1737,10397,2025-07-23,Integrations,7,269
1738,10397,2025-09-18,Analytics,22,1229
1739,10398,2025-08-08,Integrations,2,900
1740,10398,2025-12-02,Automation,5,883
1741,10398,2025-12-25,Collaboration,4,1788
1742,10398,2025-05-07,Integrations,6,370
1743,10398,2025-09-10,Reporting,6,1351
1744,10399,2026-05-21,Automation,95,437
1745,10399,2025-08-26,Automation,113,932
1746,10399,2026-04-05,Integrations,139,351
1747,10399,2026-08-09,Integrations,104,570
1748,10399,2025-09-19,Reporting,113,1009
1749,10399,2025-09-12,Analytics,112,1579
1750,10399,2026-02-06,Integrations,125,1498
1751,10399,2025-09-02,Automation,108,1789
1752,10399,2026-04-22,Reporting,98,184
1753,10400,2025-12-13,Integrations,8,1601
1754,10400,2025-12-07,Collaboration,10,1038
1755,10400,2026-03-26,Analytics,3,766
1756,10400,2026-04-10,Integrations,6,1261
1757,10400,2026-06-25,Collaboration,6,167
1758,10400,2026-06-05,Analytics,4,859
1759,10400,2026-02-16,Analytics,6,364
1760,10400,2026-01-18,Integrations,5,214
1761,10402,2026-07-18,Reporting,14,745
1762,10402,2026-07-08,Collaboration,26,1457
1763,10403,2025-09-09,Collaboration,1,1020
1764,10403,2026-04-21,Collaboration,2,170
1765,10403,2025-09-08,Integrations,3,780
1766,10403,2026-08-23,Analytics,3,1228
1767,10403,2025-11-25,Reporting,6,1343
1768,10403,2025-10-07,Integrations,3,1145
1769,10403,2025-08-27,Integrations,4,531
1770,10403,2026-01-13,Collaboration,4,248
1771,10403,2026-03-05,Automation,3,37
1772,10403,2025-08-14,Automation,5,691
1773,10405,2026-03-17,Integrations,11,1316
1774,10405,2026-06-15,Analytics,6,525
1775,10405,2026-07-06,Reporting,13,1104
1776,10405,2025-12-12,Analytics,9,980
1777,10405,2025-11-27,Analytics,14,310
1778,10405,2026-02-13,Automation,12,1402
1779,10406,2026-05-04,Integrations,7,585
1780,10406,2026-05-03,Collaboration,9,984
1781,10407,2025-10-10,Automation,38,851
1782,10407,2025-09-24,Integrations,31,1636
1783,10407,2026-01-19,Automation,37,472
1784,10407,2025-10-15,Collaboration,46,304
1785,10407,2026-03-16,Automation,48,420
1786,10408,2026-03-19,Integrations,9,1270
1787,10408,2025-04-07,Integrations,5,1752
1788,10408,2026-02-27,Integrations,10,1305
1789,10408,2026-03-13,Collaboration,8,708
1790,10408,2025-08-28,Integrations,8,1293
1791,10410,2025-05-16,Integrations,51,1214
1792,10410,2025-12-12,Collaboration,41,1716
1793,10410,2025-12-10,Reporting,46,420
1794,10410,2025-07-22,Reporting,30,1008
1795,10410,2025-05-06,Integrations,31,255
1796,10410,2025-01-21,Reporting,39,493
1797,10410,2025-08-29,Automation,40,144
1798,10410,2026-01-08,Reporting,39,1395
1799,10411,2026-02-09,Collaboration,4,317
1800,10411,2025-07-15,Collaboration,8,782
1801,10411,2025-06-11,Collaboration,4,58
1802,10411,2025-12-19,Collaboration,12,238
1803,10412,2026-05-24,Collaboration,12,448
1804,10412,2025-12-20,Analytics,7,1248
1805,10412,2025-08-11,Analytics,12,248
1806,10412,2025-11-24,Integrations,7,1180
1807,10412,2025-06-23,Reporting,16,1005
1808,10413,2025-08-31,Reporting,14,247
1809,10413,2026-06-22,Automation,11,1174
1810,10413,2026-05-23,Reporting,9,1193
1811,10413,2026-04-20,Reporting,11,1393
1812,10413,2025-08-20,Analytics,8,104
1813,10413,2026-05-28,Reporting,11,647
1814,10413,2025-09-24,Automation,21,1456
1815,10413,2025-12-20,Analytics,13,1597
1816,10413,2026-04-29,Automation,15,457
1817,10414,2025-05-06,Reporting,56,1670
1818,10414,2025-05-27,Reporting,63,144
1819,10414,2025-09-23,Automation,72,774
1820,10414,2025-12-06,Automation,79,1058
1821,10414,2026-03-07,Reporting,64,362
1822,10414,2025-06-30,Collaboration,65,1749
1823,10414,2025-11-16,Reporting,70,1149
1824,10415,2026-01-06,Automation,3,603
1825,10415,2025-06-13,Analytics,4,929
1826,10415,2025-03-08,Collaboration,0,994
1827,10415,2026-02-07,Analytics,5,1630
1828,10415,2025-07-16,Reporting,5,909
1829,10415,2025-07-30,Reporting,5,227
1830,10416,2026-08-17,Analytics,3,40
1831,10416,2026-03-11,Integrations,12,321
1832,10418,2026-02-19,Analytics,37,1619
1833,10418,2025-12-05,Analytics,44,773
1834,10418,2025-12-10,Collaboration,25,1238
1835,10418,2026-01-15,Reporting,33,32
1836,10418,2025-08-27,Analytics,30,896
1837,10418,2025-06-04,Reporting,32,722
1838,10418,2025-08-09,Collaboration,26,1403
1839,10418,2025-07-09,Collaboration,42,578
1840,10418,2025-06-25,Analytics,32,1196
1841,10418,2025-12-03,Analytics,25,285
1842,10419,2026-01-19,Integrations,3,308
1843,10419,2025-07-04,Analytics,7,455
1844,10419,2025-10-06,Collaboration,7,1735
1845,10419,2025-09-11,Integrations,4,261
1846,10419,2025-08-16,Automation,7,616
1847,10419,2026-05-11,Reporting,5,917
1848,10419,2026-07-09,Integrations,9,1035
1849,10419,2026-04-07,Collaboration,5,1359
1850,10420,2026-08-04,Analytics,19,1149
1851,10420,2026-02-03,Analytics,14,692
1852,10421,2026-08-26,Automation,44,490
1853,10421,2026-07-18,Analytics,39,1334
1854,10422,2026-04-30,Reporting,39,321
1855,10422,2026-06-17,Analytics,44,379
1856,10423,2026-07-26,Integrations,98,936
1857,10423,2026-07-15,Reporting,86,937
1858,10424,2026-03-15,Collaboration,40,249
1859,10424,2026-02-22,Collaboration,31,956
1860,10425,2026-05-30,Integrations,21,1630
1861,10425,2025-10-26,Collaboration,11,1191
1862,10425,2025-10-22,Collaboration,14,1190
1863,10425,2025-10-28,Automation,13,40
1864,10425,2026-08-02,Reporting,19,1194
1865,10425,2026-06-12,Reporting,20,246
1866,10425,2026-01-14,Automation,16,1196
1867,10425,2026-08-14,Collaboration,15,1308
1868,10425,2025-09-27,Analytics,17,1539
1869,10425,2026-05-17,Reporting,27,1078
1870,10426,2026-06-04,Reporting,3,769
1871,10426,2025-06-24,Analytics,6,176
1872,10426,2025-11-06,Automation,3,1484
1873,10426,2026-04-11,Collaboration,6,1492
1874,10426,2025-08-26,Analytics,6,1010
1875,10426,2025-09-04,Analytics,4,257
1876,10427,2026-08-09,Integrations,57,476
1877,10428,2026-08-10,Reporting,0,417
1878,10429,2025-02-26,Collaboration,21,845
1879,10429,2025-09-19,Automation,18,791
1880,10429,2025-07-29,Integrations,15,797
1881,10429,2025-09-14,Automation,13,775
1882,10430,2026-08-02,Collaboration,2,1446
1883,10430,2026-04-12,Automation,16,1346
1884,10430,2026-06-18,Reporting,3,902
1885,10431,2025-03-30,Collaboration,14,1443
1886,10431,2025-02-21,Analytics,14,1699
1887,10431,2025-10-16,Analytics,12,1220
1888,10431,2025-12-07,Analytics,18,736
1889,10431,2025-11-13,Analytics,9,748
1890,10431,2025-02-21,Automation,16,164
1891,10432,2026-08-22,Analytics,43,1635
1892,10432,2026-06-01,Collaboration,35,1432
1893,10433,2026-06-08,Reporting,25,1052
1894,10434,2026-03-12,Integrations,33,1766
1895,10434,2025-08-01,Collaboration,35,678
1896,10434,2026-01-16,Collaboration,51,763
1897,10434,2025-06-06,Automation,53,453
1898,10434,2025-07-17,Analytics,41,1129
1899,10434,2026-02-26,Analytics,41,978
1900,10434,2025-03-27,Analytics,43,1283
1901,10434,2026-01-17,Reporting,52,928
1902,10434,2026-02-08,Collaboration,40,1329
1903,10434,2025-03-23,Automation,40,685
1904,10435,2025-12-25,Reporting,5,1465
1905,10435,2025-12-06,Automation,5,1793
1906,10435,2026-02-04,Automation,5,1517
1907,10436,2025-05-26,Automation,16,1180
1908,10436,2026-02-23,Integrations,12,1551
1909,10436,2025-05-08,Automation,13,663
1910,10437,2026-05-25,Collaboration,4,322
1911,10437,2026-03-09,Analytics,9,306
1912,10437,2026-03-20,Collaboration,8,382
1913,10437,2026-07-30,Analytics,5,59
1914,10437,2026-03-21,Analytics,6,323
1915,10437,2026-03-30,Integrations,8,140
1916,10438,2026-07-16,Analytics,5,399
1917,10439,2025-08-08,Automation,5,556
1918,10439,2025-03-16,Analytics,9,719
1919,10439,2026-03-13,Reporting,3,1666
1920,10439,2025-09-04,Reporting,8,643
1921,10439,2025-05-04,Analytics,11,704
1922,10439,2025-04-05,Collaboration,10,800
1923,10439,2025-08-30,Reporting,10,488
1924,10440,2026-08-24,Analytics,9,1047
1925,10440,2026-02-07,Analytics,3,527
1926,10440,2026-01-13,Integrations,2,1516
1927,10440,2026-04-03,Reporting,4,787
1928,10440,2025-11-04,Integrations,5,1195
1929,10440,2025-09-18,Collaboration,5,328
1930,10440,2025-09-26,Collaboration,8,1378
1931,10441,2026-08-24,Analytics,7,904
1932,10442,2025-08-07,Collaboration,15,899
1933,10442,2025-09-28,Reporting,17,90
1934,10442,2026-01-02,Collaboration,9,458
1935,10442,2026-02-09,Analytics,9,1575
1936,10442,2026-01-24,Reporting,16,40
1937,10442,2026-07-13,Integrations,12,1247
1938,10442,2025-07-31,Automation,18,1088
1939,10442,2025-08-25,Collaboration,12,387
1940,10443,2025-03-23,Reporting,15,208
1941,10444,2026-08-25,Analytics,13,1042
1942,10444,2026-02-21,Integrations,15,1548
1943,10444,2026-07-07,Reporting,18,995
1944,10444,2025-10-26,Collaboration,12,579
1945,10445,2026-07-09,Analytics,7,1728
1946,10445,2026-03-21,Integrations,4,45
1947,10445,2026-08-10,Collaboration,7,847
1948,10446,2026-05-08,Analytics,1,931
1949,10446,2026-04-22,Integrations,2,239
1950,10447,2026-02-08,Reporting,7,478
1951,10447,2025-12-30,Analytics,7,1063
1952,10447,2026-07-30,Reporting,7,323
1953,10447,2026-08-03,Automation,11,1406
1954,10447,2026-05-28,Collaboration,10,1058
1955,10447,2026-08-26,Collaboration,6,1368
1956,10447,2026-06-10,Reporting,8,522
1957,10447,2026-06-08,Integrations,7,268
1958,10447,2026-07-08,Integrations,11,419
1959,10447,2026-05-09,Analytics,3,809
1960,10448,2026-08-20,Automation,56,1520
1961,10448,2026-08-20,Collaboration,58,434
1962,10449,2026-02-17,Integrations,25,866
1963,10449,2026-08-05,Automation,39,1412
1964,10449,2026-02-02,Automation,33,32
1965,10449,2026-07-30,Integrations,27,862
1966,10450,2025-10-03,Automation,6,1125
1967,10450,2025-09-26,Integrations,6,1329
1968,10450,2025-10-13,Collaboration,7,228
1969,10450,2025-07-20,Integrations,6,1471
1970,10453,2026-07-28,Analytics,11,1762
1971,10453,2026-01-12,Automation,8,310
1972,10453,2026-05-29,Reporting,8,1165
1973,10453,2025-11-24,Collaboration,5,1519
1974,10453,2026-05-23,Automation,8,718
1975,10453,2026-08-07,Integrations,6,1461
1976,10453,2026-07-14,Automation,6,1798
1977,10454,2025-10-01,Integrations,9,76
1978,10454,2025-03-30,Collaboration,7,1006
1979,10454,2025-03-11,Collaboration,4,1685
1980,10454,2025-11-09,Collaboration,11,1788
1981,10454,2025-07-03,Analytics,4,827
1982,10454,2025-06-19,Analytics,6,309
1983,10454,2025-09-12,Analytics,7,1324
1984,10454,2026-01-09,Integrations,7,891
1985,10454,2025-09-16,Reporting,9,1603
1986,10454,2025-07-03,Automation,10,1570
1987,10454,2025-03-19,Integrations,8,513
1988,10455,2026-04-24,Integrations,7,105
1989,10455,2026-04-25,Collaboration,6,258
1990,10455,2026-07-03,Integrations,7,708
1991,10455,2026-07-22,Integrations,3,907
1992,10455,2026-04-09,Automation,7,782
1993,10456,2026-02-26,Automation,17,1643
1994,10456,2026-03-30,Automation,29,1060
1995,10456,2026-05-17,Automation,25,186
1996,10456,2025-12-29,Automation,35,787
1997,10457,2025-05-19,Analytics,87,1719
1998,10457,2026-03-24,Analytics,75,1444
1999,10457,2025-09-25,Collaboration,68,1180
2000,10457,2025-12-01,Analytics,88,1481
2001,10457,2025-04-12,Integrations,69,133
2002,10457,2025-10-15,Integrations,77,1728
2003,10457,2025-06-08,Automation,68,1610
2004,10457,2026-04-27,Reporting,74,1795
2005,10457,2026-01-07,Reporting,74,1106
2006,10458,2026-08-07,Integrations,5,256
2007,10458,2026-05-05,Analytics,4,568
2008,10458,2026-05-26,Reporting,1,476
2009,10458,2026-03-14,Integrations,4,1580
2010,10458,2026-03-05,Collaboration,3,767
2011,10459,2026-07-03,Automation,15,1016
2012,10459,2026-08-26,Collaboration,14,998
2013,10460,2026-01-31,Automation,18,1680
2014,10460,2026-03-24,Automation,21,81
2015,10460,2026-01-02,Integrations,14,1358
2016,10460,2025-03-11,Reporting,11,1423
2017,10460,2025-04-23,Automation,21,1492
2018,10460,2025-08-30,Automation,16,1352
2019,10460,2025-05-14,Reporting,13,1383
2020,10460,2025-08-04,Analytics,15,940
2021,10460,2025-07-19,Reporting,14,1108
2022,10460,2026-04-13,Analytics,15,1686
2023,10462,2025-12-13,Collaboration,14,1476
2024,10462,2026-01-18,Reporting,11,789
2025,10462,2026-02-11,Integrations,17,1218
2026,10462,2026-01-27,Automation,12,1380
2027,10462,2025-04-20,Automation,11,914
2028,10462,2026-05-12,Integrations,13,1301
2029,10462,2026-01-18,Analytics,12,176
2030,10462,2025-10-13,Collaboration,15,1735
2031,10462,2025-06-23,Automation,10,890
2032,10464,2026-02-24,Integrations,22,519
2033,10464,2025-09-21,Integrations,19,965
2034,10464,2025-09-23,Reporting,11,1455
2035,10464,2025-10-04,Integrations,20,832
2036,10465,2025-11-09,Analytics,5,91
2037,10465,2025-05-22,Analytics,5,1632
2038,10465,2025-04-13,Integrations,6,535
2039,10465,2025-07-09,Automation,5,1487
2040,10465,2025-11-09,Collaboration,3,975
2041,10465,2025-12-18,Automation,9,1029
2042,10465,2025-12-25,Integrations,4,617
2043,10466,2026-08-14,Collaboration,94,1022
2044,10467,2025-07-31,Integrations,4,1119
2045,10467,2025-08-23,Reporting,3,1250
2046,10467,2025-08-11,Integrations,3,59
2047,10467,2025-09-23,Reporting,2,220
2048,10467,2025-09-23,Collaboration,3,1448
2049,10467,2025-07-03,Reporting,0,929
2050,10467,2025-04-17,Analytics,2,735
2051,10467,2025-10-19,Collaboration,4,668
2052,10467,2025-05-02,Analytics,4,1489
2053,10467,2025-04-13,Analytics,6,491
2054,10468,2026-08-26,Integrations,8,754
2055,10468,2026-06-28,Analytics,10,763
2056,10469,2026-03-29,Integrations,10,1026
2057,10469,2025-11-21,Collaboration,2,1319
2058,10469,2026-04-10,Collaboration,10,1592
2059,10469,2026-03-25,Reporting,7,863
2060,10469,2025-10-01,Collaboration,8,536
2061,10469,2025-11-09,Collaboration,7,519
2062,10469,2025-12-03,Reporting,6,1706
2063,10469,2025-06-28,Integrations,9,1232
2064,10469,2026-04-23,Integrations,3,706
2065,10469,2025-05-24,Integrations,3,179
2066,10469,2025-08-02,Reporting,8,633
2067,10471,2026-04-08,Reporting,47,1187
2068,10471,2026-08-09,Collaboration,31,458
2069,10472,2026-06-26,Reporting,27,1449
2070,10472,2026-07-28,Analytics,30,850
2071,10472,2026-07-13,Reporting,35,691
2072,10473,2026-03-16,Automation,19,1104
2073,10473,2026-05-29,Collaboration,18,1663
2074,10473,2025-11-27,Reporting,13,1184
2075,10473,2025-10-13,Automation,23,514
2076,10473,2026-03-29,Collaboration,24,325
2077,10473,2026-02-26,Collaboration,12,262
2078,10473,2026-01-13,Integrations,13,1081
2079,10473,2025-11-03,Reporting,17,1004
2080,10474,2026-05-21,Analytics,32,1708
2081,10474,2026-07-28,Reporting,41,995
2082,10474,2025-12-31,Analytics,46,823
2083,10474,2026-08-21,Integrations,32,972
2084,10474,2026-03-17,Analytics,43,201
2085,10474,2026-06-23,Collaboration,49,1529
2086,10474,2025-11-16,Integrations,48,391
2087,10475,2026-07-06,Integrations,28,1645
2088,10475,2026-06-05,Automation,38,447
2089,10475,2026-04-17,Analytics,20,1441
2090,10476,2026-08-16,Collaboration,4,629
2091,10476,2026-04-22,Collaboration,7,1019
2092,10476,2026-04-22,Collaboration,3,589
2093,10476,2026-08-03,Automation,2,1666
2094,10477,2026-07-31,Automation,37,1652
2095,10477,2026-06-06,Integrations,26,291
2096,10477,2026-07-11,Automation,34,907
2097,10478,2025-08-28,Reporting,13,259
2098,10478,2025-09-11,Reporting,16,1101
2099,10478,2025-01-13,Analytics,8,1728
2100,10478,2025-08-13,Collaboration,8,490
2101,10478,2025-05-21,Integrations,11,357
2102,10478,2025-02-25,Analytics,8,1722
2103,10479,2026-07-22,Integrations,10,512
2104,10479,2026-06-11,Collaboration,8,1086
2105,10479,2026-02-20,Reporting,10,135
2106,10479,2026-06-30,Reporting,16,135
2107,10480,2025-04-30,Collaboration,6,1614
2108,10480,2025-05-05,Analytics,3,241
2109,10481,2026-02-25,Automation,9,938
2110,10481,2026-04-17,Collaboration,4,560
2111,10481,2025-08-07,Automation,11,386
2112,10482,2026-08-19,Automation,25,935
2113,10483,2025-12-20,Integrations,27,1485
2114,10483,2025-06-11,Reporting,34,541
2115,10483,2026-02-22,Integrations,48,1357
2116,10483,2026-01-08,Automation,28,981
2117,10483,2025-06-28,Reporting,27,600
2118,10484,2026-04-25,Collaboration,54,1132
2119,10485,2025-12-23,Reporting,64,1499
2120,10485,2026-07-18,Reporting,73,1596
2121,10485,2026-03-30,Automation,71,1442
2122,10485,2026-03-13,Automation,66,876
2123,10485,2026-06-02,Reporting,71,521
2124,10485,2026-01-15,Analytics,60,1610
2125,10486,2026-02-21,Automation,18,696
2126,10486,2025-10-15,Integrations,29,1030
2127,10486,2025-07-29,Reporting,23,1279
2128,10487,2025-08-27,Automation,59,349
2129,10487,2025-07-23,Collaboration,48,1611
2130,10487,2025-12-24,Automation,52,163
2131,10487,2026-03-13,Analytics,51,1790
2132,10487,2026-02-24,Analytics,46,341
2133,10488,2026-01-10,Analytics,33,486
2134,10488,2026-08-01,Collaboration,32,1286
2135,10489,2026-04-13,Collaboration,11,1733
2136,10489,2026-05-03,Reporting,9,540
2137,10489,2026-08-26,Automation,13,461
2138,10490,2026-05-09,Automation,7,696
2139,10490,2026-06-24,Collaboration,10,715
2140,10490,2026-08-06,Reporting,10,607
2141,10490,2026-07-19,Reporting,6,1012
2142,10492,2026-08-16,Analytics,14,1062
2143,10493,2026-04-11,Integrations,10,1238
2144,10494,2026-07-15,Collaboration,3,1165
2145,10494,2026-03-21,Automation,1,1777
2146,10494,2026-08-18,Collaboration,7,829
2147,10494,2026-01-17,Integrations,4,1499
2148,10494,2026-03-05,Integrations,7,1336
2149,10495,2025-11-15,Automation,18,1313
2150,10495,2025-09-19,Analytics,13,1014
2151,10495,2026-01-22,Reporting,16,1322
2152,10495,2026-07-18,Collaboration,18,1149
2153,10495,2025-08-31,Integrations,17,1429
2154,10496,2025-11-14,Collaboration,10,1451
2155,10496,2026-01-26,Collaboration,5,1522
2156,10496,2026-05-19,Integrations,10,519
2157,10496,2026-06-24,Reporting,6,872
2158,10497,2025-06-15,Collaboration,2,912
2159,10497,2025-12-19,Integrations,2,347
2160,10497,2026-02-11,Analytics,3,1139
2161,10497,2025-04-02,Analytics,2,1444
2162,10497,2026-01-21,Automation,4,91
2163,10498,2026-06-07,Collaboration,46,1663
2164,10498,2025-10-13,Automation,56,251
2165,10498,2025-11-14,Reporting,53,179
2166,10498,2026-07-05,Reporting,45,1057
2167,10498,2026-02-17,Integrations,47,1761
2168,10498,2026-02-08,Reporting,47,149
2169,10498,2026-08-22,Analytics,58,918
2170,10498,2025-09-09,Automation,55,1730
2171,10498,2026-03-17,Integrations,43,841
2172,10498,2025-12-22,Reporting,40,1634
2173,10499,2026-08-24,Reporting,26,1267
2174,10499,2026-08-14,Reporting,39,573
2175,10500,2025-09-25,Collaboration,9,377
2176,10501,2025-09-05,Integrations,6,878
2177,10501,2026-02-22,Automation,6,1046
2178,10501,2025-09-15,Automation,8,1407
2179,10501,2025-04-04,Integrations,3,1074
2180,10501,2025-05-19,Analytics,5,846
2181,10501,2025-04-29,Reporting,3,1728
2182,10501,2025-12-25,Analytics,1,1723
2183,10501,2025-08-08,Integrations,5,1756
2184,10501,2025-06-11,Automation,9,491
2185,10502,2026-07-10,Integrations,10,832
2186,10502,2026-04-21,Automation,4,1322
2187,10502,2026-04-30,Analytics,5,212
2188,10502,2026-03-04,Reporting,10,942
2189,10502,2026-06-18,Collaboration,6,1323
2190,10505,2025-09-11,Analytics,3,408
2191,10505,2025-06-22,Integrations,5,899
2192,10506,2025-11-14,Automation,37,1103
2193,10506,2026-02-07,Analytics,36,176
2194,10507,2026-07-02,Automation,3,1299
2195,10507,2026-06-22,Automation,8,1728
2196,10507,2026-06-07,Integrations,11,727
2197,10507,2026-01-13,Reporting,4,181
2198,10507,2026-06-10,Integrations,5,689
2199,10507,2025-12-07,Analytics,3,283
2200,10508,2025-06-20,Analytics,4,1024
2201,10508,2025-06-24,Integrations,12,852
2202,10508,2025-07-08,Integrations,10,971
2203,10508,2025-06-15,Integrations,9,1304
2204,10508,2026-04-24,Reporting,15,266
2205,10508,2026-02-11,Integrations,13,211
2206,10508,2025-08-06,Collaboration,4,161
2207,10508,2025-12-30,Automation,8,1274
2208,10509,2025-09-11,Integrations,134,497
2209,10509,2026-02-09,Reporting,114,97
2210,10509,2025-09-03,Reporting,132,120
2211,10509,2026-05-15,Analytics,123,321
2212,10509,2026-03-17,Integrations,114,716
2213,10509,2026-06-27,Analytics,106,336
2214,10509,2025-08-14,Analytics,105,91
2215,10509,2025-08-27,Integrations,118,688
2216,10509,2026-04-27,Reporting,108,316
2217,10509,2025-08-01,Automation,115,1651
2218,10509,2026-03-12,Reporting,113,1380
2219,10510,2026-02-08,Automation,6,171
2220,10510,2025-10-09,Reporting,9,1324
2221,10510,2025-11-16,Analytics,5,1480
2222,10513,2026-08-02,Reporting,14,1539
2223,10514,2026-05-15,Reporting,45,1525
2224,10514,2026-05-24,Integrations,45,1364
2225,10516,2025-12-29,Automation,8,926
2226,10516,2025-09-15,Collaboration,11,1134
2227,10516,2025-03-15,Analytics,12,1184
2228,10516,2025-08-11,Analytics,9,164
2229,10516,2025-09-29,Collaboration,12,952
2230,10516,2026-02-03,Automation,3,1580
2231,10516,2025-08-04,Integrations,7,1144
2232,10516,2025-11-27,Analytics,8,816
2233,10517,2026-07-13,Integrations,12,1487
2234,10518,2026-01-17,Reporting,38,181
2235,10518,2025-11-14,Analytics,29,1113
2236,10518,2025-04-01,Analytics,46,260
2237,10519,2026-06-22,Collaboration,2,755
2238,10519,2026-08-16,Collaboration,2,833
2239,10519,2026-08-08,Reporting,3,1061
2240,10519,2026-03-09,Integrations,1,1435
2241,10519,2026-07-29,Integrations,2,1315
2242,10519,2026-06-04,Automation,5,435
2243,10519,2026-01-01,Analytics,5,664
2244,10520,2026-06-18,Reporting,32,1301
2245,10520,2026-06-18,Reporting,29,1183
2246,10520,2026-02-12,Collaboration,21,1172
2247,10521,2026-01-21,Integrations,24,1559
2248,10521,2026-04-30,Collaboration,32,538
2249,10521,2026-07-06,Reporting,30,1527
2250,10521,2025-11-05,Collaboration,25,716
2251,10521,2026-06-18,Reporting,17,126
2252,10521,2026-04-10,Collaboration,35,1729
2253,10521,2025-12-28,Collaboration,31,1675
2254,10521,2025-10-23,Collaboration,21,190
2255,10521,2026-06-17,Integrations,29,1559
2256,10521,2025-08-13,Collaboration,27,163
2257,10522,2026-03-02,Analytics,3,1352
2258,10522,2026-03-16,Integrations,4,1649
2259,10522,2025-10-01,Automation,7,495
2260,10522,2025-09-28,Reporting,4,1399
2261,10522,2025-06-20,Automation,3,420
2262,10522,2026-02-19,Integrations,1,247
2263,10522,2026-02-22,Integrations,4,414
2264,10522,2025-03-30,Integrations,3,1313
2265,10522,2026-04-22,Analytics,4,1324
2266,10522,2025-04-19,Integrations,2,1233
2267,10523,2026-06-14,Collaboration,24,688
2268,10523,2025-10-27,Integrations,19,304
2269,10523,2025-05-14,Integrations,13,246
2270,10523,2025-09-08,Reporting,13,918
2271,10524,2026-07-27,Integrations,10,747
2272,10524,2026-06-28,Collaboration,10,411
2273,10524,2026-08-22,Analytics,8,262
2274,10525,2026-05-31,Integrations,9,1477
2275,10525,2025-11-25,Collaboration,12,861
2276,10525,2026-08-25,Collaboration,15,149
2277,10525,2025-11-17,Analytics,12,687
2278,10525,2026-07-10,Collaboration,16,592
2279,10525,2026-06-25,Analytics,14,42
2280,10525,2026-05-29,Integrations,16,1250
2281,10525,2025-10-05,Collaboration,11,207
2282,10525,2026-07-31,Integrations,15,762
2283,10526,2026-05-03,Reporting,24,255
2284,10526,2026-03-12,Collaboration,24,495
2285,10526,2025-09-15,Automation,28,484
2286,10526,2025-09-10,Collaboration,24,688
2287,10526,2026-03-19,Integrations,28,889
2288,10528,2025-06-10,Reporting,15,1655
2289,10528,2026-02-03,Reporting,15,755
2290,10528,2025-11-03,Integrations,17,538
2291,10528,2026-03-21,Integrations,18,1371
2292,10528,2025-05-16,Automation,19,1725
2293,10528,2026-01-17,Reporting,15,859
2294,10528,2026-04-25,Collaboration,9,1368
2295,10528,2026-04-19,Collaboration,14,1473
2296,10528,2025-05-22,Collaboration,11,920
2297,10530,2026-07-14,Automation,119,444
2298,10531,2026-06-16,Integrations,215,1482
2299,10531,2026-06-24,Analytics,218,1753
2300,10531,2026-06-05,Analytics,174,1704
2301,10531,2026-04-26,Collaboration,195,1150
2302,10531,2026-04-10,Integrations,214,1770
2303,10531,2026-08-07,Collaboration,207,312
2304,10532,2025-05-22,Automation,22,300
2305,10532,2025-05-09,Integrations,27,417
2306,10533,2025-04-20,Reporting,5,95
2307,10533,2026-02-12,Collaboration,5,1623
2308,10533,2025-11-23,Reporting,1,299
2309,10534,2026-07-29,Analytics,26,1154
2310,10534,2025-12-17,Collaboration,17,1144
2311,10534,2025-07-10,Reporting,12,418
2312,10534,2025-10-25,Reporting,20,1769
2313,10534,2026-05-06,Reporting,25,40
2314,10534,2026-01-29,Automation,19,906
2315,10534,2026-07-16,Reporting,22,992
2316,10535,2026-02-01,Analytics,127,143
2317,10535,2026-07-21,Automation,126,1256
2318,10535,2026-03-29,Reporting,139,1300
2319,10535,2026-07-28,Reporting,137,1736
2320,10535,2026-05-20,Reporting,136,1666
2321,10535,2026-02-01,Automation,144,836
2322,10536,2025-04-13,Integrations,14,1668
2323,10536,2025-09-04,Reporting,7,1675
2324,10536,2026-02-05,Integrations,10,1045
2325,10536,2026-01-14,Analytics,9,727
2326,10536,2025-10-05,Collaboration,6,1134
2327,10536,2025-06-09,Automation,6,1105
2328,10536,2026-02-02,Automation,17,731
2329,10537,2026-07-12,Reporting,9,788
2330,10537,2026-02-08,Integrations,16,1626
2331,10537,2026-05-10,Analytics,14,455
2332,10537,2026-02-25,Integrations,12,394
2333,10537,2026-04-23,Automation,16,1338
2334,10537,2026-06-26,Reporting,12,870
2335,10537,2026-04-06,Automation,16,852
2336,10537,2026-02-11,Collaboration,15,1071
2337,10538,2026-02-01,Integrations,21,202
2338,10538,2026-05-02,Collaboration,17,1177
2339,10538,2025-03-26,Reporting,22,1432
2340,10538,2025-07-17,Collaboration,23,194
2341,10538,2025-03-24,Analytics,20,1711
2342,10538,2026-03-20,Integrations,24,662
2343,10538,2025-10-24,Automation,26,924
2344,10539,2026-05-05,Analytics,6,1494
2345,10539,2026-06-22,Automation,6,1515
2346,10539,2026-04-15,Collaboration,6,173
2347,10539,2026-06-03,Reporting,8,271
2348,10540,2025-08-24,Automation,46,537
2349,10540,2025-09-21,Analytics,41,452
2350,10540,2025-01-20,Analytics,37,1337
2351,10541,2026-05-26,Reporting,5,678
2352,10541,2026-03-02,Collaboration,3,689
2353,10541,2026-04-07,Reporting,7,810
2354,10542,2025-10-09,Reporting,33,311
2355,10542,2025-11-21,Analytics,33,1252
2356,10542,2025-10-09,Analytics,19,1602
2357,10542,2026-02-25,Integrations,36,506
2358,10542,2025-08-27,Analytics,18,792
2359,10542,2025-04-23,Integrations,33,61
2360,10542,2025-05-24,Integrations,34,681
2361,10542,2025-08-19,Reporting,35,645
2362,10542,2025-03-28,Automation,29,1040
2363,10542,2025-12-27,Collaboration,32,467
2364,10543,2026-05-24,Automation,40,1612
2365,10543,2026-05-30,Collaboration,30,759
2366,10543,2025-06-04,Reporting,27,1011
2367,10543,2025-06-06,Automation,26,1199
2368,10543,2025-09-20,Integrations,28,743
2369,10543,2025-07-31,Automation,36,440
2370,10543,2025-10-09,Reporting,21,38
2371,10543,2025-12-06,Analytics,30,208
2372,10543,2026-05-25,Reporting,33,634
2373,10543,2025-11-01,Integrations,24,611
2374,10543,2026-05-11,Analytics,36,1390
2375,10544,2025-07-14,Reporting,35,228
2376,10544,2025-07-18,Automation,35,1280
2377,10544,2025-06-16,Reporting,28,986
2378,10544,2025-09-14,Automation,29,1535
2379,10544,2025-04-15,Automation,34,656
2380,10544,2025-05-07,Collaboration,26,574
2381,10545,2026-08-17,Integrations,2,920
2382,10546,2025-06-21,Reporting,1,1281
2383,10546,2025-11-22,Analytics,8,1177
2384,10546,2025-09-30,Reporting,3,837
2385,10546,2025-02-15,Analytics,2,1286
2386,10546,2025-03-03,Integrations,0,838
2387,10547,2025-11-27,Collaboration,31,1791
2388,10547,2026-05-09,Collaboration,32,534
2389,10547,2026-02-03,Analytics,23,1193
2390,10548,2026-07-03,Automation,40,281
2391,10548,2026-06-30,Reporting,29,87
2392,10548,2026-02-05,Integrations,44,664
2393,10548,2026-02-21,Collaboration,36,978
2394,10548,2026-08-25,Automation,45,964
2395,10548,2026-01-07,Reporting,42,243
2396,10548,2026-08-01,Collaboration,40,652
2397,10549,2026-07-11,Reporting,15,1103
2398,10549,2025-11-18,Collaboration,17,1212
2399,10549,2026-06-18,Analytics,10,1067
2400,10549,2026-07-31,Automation,13,1597
2401,10549,2026-06-04,Analytics,17,1281
2402,10549,2026-07-21,Reporting,19,453
2403,10549,2026-07-16,Automation,10,931
2404,10550,2026-08-21,Automation,66,1751
2405,10550,2026-02-20,Collaboration,75,1265
2406,10550,2026-05-11,Integrations,51,1569
2407,10550,2026-02-19,Analytics,77,1493
2408,10550,2026-07-23,Reporting,72,1625
2409,10550,2026-08-01,Reporting,63,544
2410,10551,2026-08-07,Collaboration,9,140
2411,10552,2026-01-19,Integrations,61,1098
2412,10552,2025-09-26,Automation,66,1067
2413,10552,2026-04-21,Collaboration,50,1446
2414,10553,2026-06-29,Integrations,3,802
2415,10553,2026-08-23,Reporting,6,589
2416,10553,2026-07-15,Analytics,4,192
2417,10554,2025-11-12,Reporting,6,1040
2418,10554,2026-03-01,Integrations,4,668
2419,10554,2026-07-21,Integrations,8,149
2420,10554,2025-08-09,Reporting,10,1080
2421,10556,2026-05-06,Integrations,12,1209
2422,10556,2026-06-24,Reporting,7,139
2423,10556,2026-04-10,Analytics,6,993
2424,10556,2025-11-18,Reporting,5,716
2425,10556,2025-12-30,Integrations,11,353
2426,10556,2026-01-29,Integrations,15,411
2427,10556,2026-01-27,Reporting,10,50
2428,10556,2026-08-11,Automation,6,677
2429,10557,2026-04-16,Collaboration,3,847
2430,10558,2026-08-19,Analytics,7,483
2431,10558,2026-06-23,Integrations,1,715
2432,10559,2026-08-21,Integrations,17,1520
2433,10560,2026-08-04,Collaboration,29,1320
2434,10561,2026-05-09,Integrations,3,714
2435,10561,2026-01-12,Automation,7,1602
2436,10561,2026-03-23,Integrations,3,1692
2437,10561,2025-11-25,Integrations,7,339
2438,10561,2026-08-10,Analytics,7,292
2439,10561,2026-03-22,Automation,3,1010
2440,10562,2025-08-29,Analytics,35,301
2441,10562,2025-03-06,Analytics,36,1276
2442,10562,2025-04-04,Automation,35,1266
2443,10562,2026-02-21,Reporting,45,1033
2444,10562,2025-12-18,Integrations,42,1783
2445,10562,2025-11-06,Collaboration,37,53
2446,10563,2026-01-04,Analytics,26,726
2447,10563,2026-06-07,Reporting,30,550
2448,10563,2026-05-11,Reporting,26,715
2449,10563,2026-02-02,Integrations,26,1016
2450,10564,2025-09-07,Analytics,10,1792
2451,10564,2025-12-07,Reporting,4,258
2452,10564,2025-08-27,Integrations,7,1368
2453,10564,2026-05-29,Automation,8,607
2454,10564,2026-05-24,Analytics,6,1043
2455,10564,2026-06-02,Integrations,4,803
2456,10565,2026-06-25,Collaboration,11,1564
2457,10566,2026-04-06,Integrations,55,725
2458,10566,2025-09-13,Analytics,67,328
2459,10566,2025-08-28,Integrations,60,1501
2460,10566,2026-05-17,Automation,48,434
2461,10566,2025-12-10,Analytics,60,1014
2462,10566,2025-08-27,Reporting,57,818
2463,10566,2026-05-07,Reporting,54,564
2464,10566,2025-08-31,Integrations,49,1154
2465,10566,2026-06-09,Integrations,47,1082
2466,10567,2025-12-18,Analytics,31,42
2467,10567,2025-05-22,Reporting,34,628
2468,10567,2025-07-20,Integrations,46,1213
2469,10567,2025-08-10,Integrations,32,1286
2470,10567,2026-06-19,Automation,36,1728
2471,10567,2026-07-04,Reporting,29,1621
2472,10567,2025-08-01,Reporting,44,877
2473,10568,2025-11-08,Reporting,5,946
2474,10568,2025-10-18,Analytics,2,1091
2475,10568,2025-06-20,Automation,7,189
2476,10568,2025-08-22,Reporting,6,335
2477,10568,2026-07-09,Reporting,4,1208
2478,10568,2026-05-09,Analytics,8,182
2479,10568,2026-06-12,Automation,4,1766
2480,10568,2026-03-21,Reporting,12,1703
2481,10568,2025-12-07,Integrations,4,106
2482,10568,2025-07-26,Integrations,6,1168
2483,10569,2026-02-08,Automation,40,186
2484,10569,2026-08-01,Automation,55,743
2485,10570,2026-03-18,Analytics,1,1733
2486,10570,2026-02-04,Automation,2,389
2487,10570,2025-12-26,Reporting,4,1076
2488,10570,2026-01-08,Reporting,2,993
2489,10571,2026-08-23,Analytics,7,697
2490,10571,2026-08-08,Collaboration,14,972
2491,10572,2025-11-01,Reporting,22,702
2492,10572,2026-07-21,Integrations,15,1044
2493,10572,2026-03-31,Integrations,15,1581
2494,10572,2025-11-19,Reporting,16,1104
2495,10572,2026-05-09,Collaboration,20,786
2496,10573,2025-11-06,Reporting,6,1385
2497,10573,2025-10-06,Reporting,9,1168
2498,10573,2026-02-25,Analytics,5,1374
2499,10573,2025-11-14,Analytics,11,1054
2500,10573,2025-07-07,Integrations,5,594
2501,10573,2025-06-30,Integrations,11,413
2502,10573,2025-06-29,Collaboration,12,1188
2503,10573,2025-10-30,Collaboration,5,414
2504,10573,2025-09-02,Automation,14,438
2505,10573,2026-04-10,Analytics,12,1683
2506,10573,2026-03-21,Collaboration,10,1518
2507,10574,2025-09-14,Analytics,19,413
2508,10574,2025-11-13,Collaboration,26,84
2509,10574,2025-11-13,Integrations,28,457
2510,10575,2025-05-29,Automation,6,1185
2511,10575,2026-01-09,Reporting,11,1011
2512,10575,2025-09-15,Reporting,19,131
2513,10575,2025-12-16,Automation,9,1207
2514,10575,2025-04-23,Integrations,14,205
2515,10575,2025-04-04,Integrations,5,1043
2516,10575,2025-07-22,Integrations,21,1567
2517,10575,2025-04-01,Automation,2,867
2518,10576,2026-02-28,Automation,39,1668
2519,10576,2026-07-19,Collaboration,38,1499
2520,10576,2026-08-22,Integrations,40,1231
2521,10576,2026-06-14,Collaboration,35,118
2522,10576,2026-05-28,Automation,43,758
2523,10576,2025-12-13,Integrations,41,270
2524,10576,2026-06-03,Reporting,53,1480
2525,10576,2025-12-02,Reporting,43,1371
2526,10576,2025-12-18,Integrations,44,95
2527,10576,2025-10-25,Collaboration,38,41
2528,10577,2026-08-22,Integrations,15,1229
2529,10577,2026-07-27,Automation,15,497
2530,10578,2026-05-01,Collaboration,7,651
2531,10578,2025-11-23,Collaboration,7,1218
2532,10578,2026-05-15,Collaboration,8,1158
2533,10578,2026-05-17,Analytics,4,334
2534,10578,2026-05-31,Collaboration,8,1089
2535,10579,2026-08-14,Collaboration,5,757
2536,10581,2025-03-22,Integrations,57,1337
2537,10581,2025-07-24,Analytics,48,958
2538,10581,2026-04-13,Analytics,42,1272
2539,10581,2025-04-12,Integrations,51,1453
2540,10581,2025-08-29,Analytics,42,1219
2541,10581,2026-01-23,Reporting,48,489
2542,10581,2025-11-06,Collaboration,48,821
2543,10581,2025-07-21,Analytics,61,1340
2544,10581,2025-03-05,Reporting,36,437
2545,10581,2025-07-22,Automation,46,253
2546,10582,2026-05-18,Integrations,8,1224
2547,10582,2026-07-16,Collaboration,9,1342
2548,10582,2026-08-16,Integrations,7,441
2549,10583,2025-04-07,Automation,9,164
2550,10583,2026-01-18,Reporting,8,717
2551,10583,2026-02-28,Collaboration,6,1345
2552,10583,2026-03-07,Integrations,6,984
2553,10584,2025-07-27,Integrations,9,1261
2554,10584,2025-10-26,Collaboration,6,34
2555,10584,2025-05-14,Collaboration,13,1277
2556,10584,2025-03-12,Integrations,5,1350
2557,10584,2025-10-02,Automation,15,1167
2558,10584,2025-03-05,Analytics,13,1656
2559,10584,2025-05-16,Reporting,8,849
2560,10584,2025-10-27,Collaboration,8,1070
2561,10585,2026-07-04,Analytics,2,1553
2562,10585,2025-10-23,Reporting,5,688
2563,10585,2025-09-25,Integrations,3,570
2564,10585,2026-02-06,Reporting,6,756
2565,10585,2026-01-16,Integrations,4,1636
2566,10585,2026-07-19,Automation,7,1685
2567,10586,2026-08-06,Analytics,20,962
2568,10587,2026-03-13,Automation,3,482
2569,10588,2025-04-18,Collaboration,117,1663
2570,10588,2025-11-22,Analytics,120,1319
2571,10588,2025-05-16,Reporting,143,1763
2572,10588,2025-07-08,Analytics,117,1246
2573,10588,2026-01-22,Reporting,132,274
2574,10588,2026-03-29,Automation,129,1568
2575,10588,2025-10-22,Automation,119,247
2576,10588,2025-12-23,Analytics,112,235
2577,10589,2026-06-04,Analytics,3,1715
2578,10589,2026-08-06,Collaboration,2,970
2579,10589,2026-08-23,Analytics,4,798
2580,10590,2026-08-19,Analytics,15,290
2581,10590,2026-07-13,Integrations,11,1689
2582,10590,2026-07-20,Collaboration,25,689
2583,10591,2026-05-27,Collaboration,11,845
2584,10592,2026-07-12,Automation,19,939
2585,10592,2026-08-13,Automation,9,67
2586,10593,2025-06-17,Collaboration,42,1533
2587,10593,2025-12-11,Automation,34,545
2588,10593,2026-01-11,Automation,52,794
2589,10593,2026-02-16,Analytics,34,1687
2590,10593,2026-06-18,Integrations,55,1009
2591,10593,2026-03-28,Reporting,49,1025
2592,10593,2025-05-24,Automation,50,754
2593,10593,2026-03-29,Automation,52,1628
2594,10595,2025-10-03,Analytics,48,294
2595,10595,2025-07-21,Automation,52,478
2596,10595,2026-05-20,Integrations,49,1612
2597,10595,2025-12-19,Automation,40,1640
2598,10595,2026-08-01,Collaboration,38,1357
2599,10595,2026-06-12,Collaboration,35,1118
2600,10595,2025-07-18,Integrations,38,432
2601,10595,2026-05-22,Reporting,31,601
2602,10595,2025-11-19,Collaboration,46,1420
2603,10596,2026-07-06,Integrations,7,717
2604,10596,2026-04-28,Reporting,9,475
2605,10596,2026-08-12,Automation,4,736
2606,10597,2026-03-23,Automation,5,1240
2607,10597,2026-08-04,Analytics,9,485
2608,10599,2026-04-11,Analytics,8,1131
2609,10599,2026-03-05,Integrations,2,430
2610,10600,2026-04-24,Reporting,13,649
2611,10600,2026-03-19,Automation,25,696
2612,10600,2026-07-09,Collaboration,12,471
2613,10600,2026-05-26,Reporting,22,843
2614,10600,2026-05-22,Reporting,18,86
2615,10600,2026-08-11,Automation,13,38
2616,10601,2026-07-03,Integrations,24,604
2617,10601,2026-05-28,Integrations,26,400
2618,10601,2026-05-07,Analytics,20,1346
2619,10602,2026-04-14,Reporting,20,1658
2620,10602,2026-07-06,Collaboration,23,1540
2621,10602,2026-04-15,Analytics,25,1730
2622,10603,2026-05-18,Collaboration,50,1282
2623,10603,2026-08-07,Automation,66,896
2624,10603,2026-08-23,Automation,52,1529
2625,10603,2026-05-28,Reporting,64,462
2626,10604,2026-02-16,Collaboration,29,726
2627,10604,2025-10-22,Automation,40,784
2628,10604,2025-11-24,Collaboration,33,1600
2629,10604,2025-11-14,Collaboration,26,1642
2630,10604,2025-10-07,Analytics,21,91
2631,10604,2025-08-17,Analytics,14,1559
2632,10604,2026-01-28,Automation,20,1722
2633,10604,2026-04-07,Reporting,25,1260
2634,10604,2026-04-29,Reporting,26,1204
2635,10604,2026-04-11,Integrations,26,420
2636,10604,2026-05-05,Automation,33,833
2637,10606,2026-04-21,Integrations,10,1507
2638,10606,2026-03-04,Automation,3,1763
2639,10606,2026-05-26,Reporting,7,1094
2640,10606,2026-08-21,Automation,12,1674
2641,10606,2026-03-07,Collaboration,6,1135
2642,10606,2026-04-27,Analytics,3,146
2643,10606,2026-04-10,Analytics,1,842
2644,10607,2026-02-19,Analytics,19,1524
2645,10607,2026-06-18,Collaboration,20,752
2646,10607,2025-12-11,Analytics,16,1635
2647,10607,2026-05-06,Analytics,25,822
2648,10607,2026-05-30,Automation,27,608
2649,10607,2025-10-19,Collaboration,18,1498
2650,10607,2025-10-11,Automation,23,184
2651,10607,2025-11-26,Integrations,25,216
2652,10607,2026-08-25,Integrations,24,1677
2653,10607,2026-01-18,Automation,20,312
2654,10608,2026-01-15,Analytics,37,682
2655,10608,2026-05-20,Analytics,41,1637
2656,10608,2026-01-17,Automation,37,1170
2657,10608,2026-01-21,Collaboration,50,391
2658,10608,2025-12-22,Reporting,41,1519
2659,10610,2026-07-29,Analytics,11,1130
2660,10610,2026-08-09,Collaboration,5,1407
2661,10610,2026-06-29,Automation,9,649
2662,10612,2025-10-15,Automation,27,721
2663,10613,2026-07-18,Analytics,26,400
2664,10614,2025-12-01,Reporting,2,223
2665,10614,2026-06-23,Analytics,4,911
2666,10614,2026-02-08,Automation,6,1492
2667,10614,2025-10-21,Collaboration,2,399
2668,10614,2026-04-16,Automation,4,908
2669,10614,2026-06-01,Automation,2,1181
2670,10615,2026-02-17,Reporting,11,1748
2671,10615,2026-07-15,Automation,7,674
2672,10616,2026-03-21,Integrations,10,1403
2673,10616,2026-07-25,Automation,14,90
2674,10616,2026-01-24,Automation,13,933
2675,10616,2026-01-23,Collaboration,15,691
2676,10616,2026-07-05,Collaboration,16,712
2677,10616,2026-03-27,Collaboration,13,1466
2678,10617,2025-08-13,Reporting,9,258
2679,10617,2025-07-10,Analytics,14,522
2680,10617,2025-08-26,Reporting,9,484
2681,10618,2026-05-04,Collaboration,16,603
2682,10618,2025-08-09,Reporting,15,1519
2683,10618,2025-07-11,Collaboration,9,1514
2684,10618,2026-06-30,Integrations,11,993
2685,10618,2026-03-28,Analytics,19,542
2686,10619,2026-03-20,Collaboration,9,557
2687,10619,2025-10-07,Automation,8,585
2688,10619,2026-02-10,Integrations,5,1568
2689,10620,2025-09-17,Integrations,7,558
2690,10620,2025-07-21,Analytics,10,235
2691,10620,2025-05-02,Analytics,9,1564
2692,10620,2025-04-28,Integrations,8,281
2693,10620,2025-10-04,Automation,13,222
2694,10620,2025-11-19,Reporting,5,787
2695,10620,2026-01-30,Collaboration,8,1036
2696,10620,2025-07-17,Automation,6,1657
2697,10620,2026-03-13,Automation,10,1631
2698,10620,2026-02-07,Reporting,6,1563
2699,10621,2026-02-06,Analytics,3,1462
2700,10621,2026-05-30,Automation,5,479
2701,10621,2026-03-30,Analytics,6,1128
2702,10621,2026-03-14,Reporting,8,427
2703,10621,2026-07-22,Collaboration,6,1210
2704,10621,2025-10-20,Collaboration,5,1010
2705,10621,2026-02-22,Analytics,5,972
2706,10621,2025-11-14,Automation,3,915
2707,10622,2026-01-21,Reporting,5,1766
2708,10622,2026-08-20,Analytics,9,188
2709,10622,2025-11-01,Analytics,6,982
2710,10622,2026-04-09,Automation,7,351
2711,10622,2026-02-25,Automation,6,251
2712,10623,2025-07-14,Integrations,33,1112
2713,10623,2025-11-17,Automation,31,1263
2714,10623,2026-05-12,Collaboration,36,672
2715,10623,2026-03-13,Integrations,29,126
2716,10623,2025-05-07,Collaboration,23,347
2717,10623,2025-11-09,Automation,28,1116
2718,10623,2025-04-20,Reporting,23,57
2719,10624,2025-12-15,Reporting,14,1192
2720,10624,2026-05-02,Automation,16,538
2721,10624,2025-10-11,Integrations,19,1459
2722,10624,2025-09-27,Collaboration,14,1267
2723,10624,2025-10-21,Collaboration,6,797
2724,10624,2025-10-07,Collaboration,18,1193
2725,10624,2026-01-08,Reporting,12,977
2726,10625,2026-02-09,Collaboration,5,973
2727,10625,2026-08-13,Integrations,8,1125
2728,10625,2026-02-01,Integrations,10,1276
2729,10625,2026-04-06,Collaboration,5,1457
2730,10625,2026-05-22,Reporting,4,1198
2731,10625,2026-07-09,Collaboration,7,1208
2732,10625,2026-02-25,Automation,6,549
2733,10626,2025-07-14,Integrations,20,1727
2734,10626,2025-11-23,Automation,21,171
2735,10626,2025-06-15,Reporting,15,1296
2736,10626,2025-06-09,Automation,22,1640
2737,10626,2025-08-16,Analytics,25,769
2738,10626,2026-03-27,Integrations,23,524
2739,10626,2026-06-28,Integrations,10,988
2740,10627,2026-08-23,Collaboration,12,678
2741,10627,2026-02-17,Automation,13,492
2742,10627,2026-01-18,Integrations,14,600
2743,10627,2026-02-03,Integrations,10,194
2744,10627,2026-01-13,Collaboration,14,1339
2745,10627,2026-07-06,Integrations,13,1578
2746,10628,2026-06-13,Analytics,26,650
2747,10628,2025-10-01,Integrations,18,1288
2748,10629,2025-11-08,Collaboration,39,746
2749,10629,2026-02-05,Automation,23,1088
2750,10629,2026-02-12,Collaboration,26,446
2751,10629,2026-06-13,Integrations,31,79
2752,10629,2026-02-23,Integrations,33,248
2753,10630,2025-09-27,Collaboration,3,428
2754,10630,2025-12-05,Integrations,3,221
2755,10630,2025-09-12,Reporting,5,1161
2756,10630,2026-05-02,Reporting,1,627
2757,10630,2026-02-01,Reporting,2,755
2758,10630,2025-12-26,Integrations,4,1314
2759,10630,2026-04-22,Analytics,3,854
2760,10630,2025-12-24,Reporting,6,48
2761,10630,2025-11-30,Analytics,8,1518
2762,10630,2025-09-09,Analytics,6,1458
2763,10630,2026-04-12,Automation,4,920
2764,10631,2026-05-18,Reporting,8,1782
2765,10631,2026-03-31,Analytics,3,1605
2766,10631,2026-03-28,Collaboration,2,1635
2767,10632,2026-07-09,Collaboration,25,1024
2768,10632,2026-08-24,Analytics,20,1159
2769,10632,2025-09-12,Integrations,30,1250
2770,10632,2025-11-01,Automation,23,1167
2771,10632,2026-07-03,Collaboration,24,355
2772,10632,2025-12-25,Reporting,14,153
2773,10632,2025-11-06,Analytics,18,1732
2774,10632,2026-05-04,Collaboration,17,1395
2775,10632,2025-09-22,Automation,26,1243
2776,10633,2025-09-27,Analytics,9,792
2777,10633,2026-06-24,Analytics,7,232
2778,10633,2025-12-12,Automation,4,546
2779,10633,2026-03-31,Analytics,7,372
2780,10633,2026-05-27,Automation,8,1479
2781,10633,2026-03-23,Collaboration,6,766
2782,10634,2026-02-15,Integrations,12,1418
2783,10634,2026-01-10,Reporting,5,1545
2784,10634,2026-05-24,Automation,8,973
2785,10634,2026-07-18,Analytics,4,1699
2786,10634,2025-11-15,Analytics,10,1042
2787,10634,2025-10-31,Automation,9,819
2788,10634,2025-11-12,Reporting,3,1426
2789,10634,2026-08-21,Automation,1,549
2790,10635,2026-04-08,Reporting,10,67
2791,10635,2025-09-05,Integrations,3,1781
2792,10635,2025-07-19,Automation,11,1154
2793,10635,2026-01-02,Analytics,7,738
2794,10635,2026-03-15,Reporting,11,1484
2795,10635,2025-09-13,Integrations,4,891
2796,10635,2025-04-29,Analytics,4,162
2797,10635,2025-12-29,Analytics,13,222
2798,10635,2025-06-22,Automation,8,1276
2799,10635,2025-08-25,Analytics,8,359
2800,10636,2026-05-22,Analytics,5,755
2801,10637,2026-05-06,Automation,8,760
2802,10637,2025-08-27,Collaboration,6,1083
2803,10637,2026-01-10,Collaboration,9,275
2804,10637,2026-06-26,Analytics,3,534
2805,10637,2026-02-19,Reporting,5,289
2806,10637,2025-05-28,Collaboration,3,491
2807,10638,2026-06-16,Analytics,9,1330
2808,10638,2026-05-27,Analytics,13,378
2809,10638,2026-06-07,Integrations,13,1356
2810,10638,2025-10-23,Analytics,13,1529
2811,10638,2025-09-22,Reporting,7,959
2812,10638,2025-11-25,Integrations,13,1267
2813,10638,2025-11-19,Analytics,17,1162
2814,10638,2025-11-20,Reporting,12,1248
2815,10639,2026-05-15,Integrations,2,385
2816,10639,2026-07-21,Collaboration,7,1668
2817,10639,2026-08-04,Integrations,6,931
2818,10641,2026-03-27,Analytics,31,748
2819,10641,2026-05-08,Reporting,27,1560
2820,10641,2026-05-08,Analytics,31,1234
2821,10641,2026-08-16,Automation,43,646
2822,10641,2026-03-02,Collaboration,37,1153
2823,10642,2026-07-13,Reporting,9,1166
2824,10643,2026-07-25,Integrations,7,1374
2825,10643,2026-07-15,Reporting,4,721
2826,10644,2026-05-05,Reporting,0,1175
2827,10644,2026-06-15,Analytics,3,804
2828,10644,2026-08-07,Automation,7,485
2829,10644,2026-04-14,Automation,10,1029
2830,10644,2025-12-11,Analytics,5,1392
2831,10644,2026-03-09,Integrations,7,1191
2832,10644,2025-12-01,Analytics,5,155
2833,10645,2026-05-17,Integrations,5,694
2834,10645,2026-08-11,Integrations,5,1136
2835,10646,2026-06-13,Reporting,9,99
2836,10646,2026-01-20,Collaboration,7,304
2837,10646,2026-08-11,Collaboration,7,229
2838,10646,2026-04-01,Reporting,7,287
2839,10646,2026-03-17,Collaboration,2,623
2840,10647,2026-02-07,Collaboration,8,1227
2841,10647,2025-10-10,Reporting,7,1791
2842,10647,2025-11-25,Collaboration,7,865
2843,10647,2025-10-18,Integrations,14,1637
2844,10647,2026-05-22,Integrations,13,1357
2845,10647,2025-10-29,Collaboration,20,760
2846,10647,2025-12-19,Analytics,15,1362
2847,10648,2026-02-18,Integrations,5,1232
2848,10648,2026-06-23,Collaboration,4,341
2849,10648,2026-04-13,Analytics,3,795
2850,10651,2026-03-16,Reporting,4,1125
2851,10651,2025-10-21,Analytics,4,566
2852,10651,2026-03-15,Automation,5,1158
2853,10651,2025-10-23,Analytics,2,473
2854,10651,2026-06-09,Analytics,5,325
2855,10652,2026-08-03,Integrations,4,257
2856,10652,2026-03-20,Collaboration,7,1532
2857,10653,2026-03-28,Analytics,4,793
2858,10653,2026-03-06,Collaboration,4,1731
2859,10653,2025-10-10,Automation,4,177
2860,10653,2026-05-04,Collaboration,5,140
2861,10654,2026-08-23,Collaboration,10,841
2862,10655,2026-03-10,Integrations,9,1630
2863,10655,2026-08-14,Collaboration,5,524
2864,10655,2026-08-04,Integrations,9,1134
2865,10655,2026-08-22,Reporting,10,1175
2866,10655,2026-06-30,Collaboration,12,829
2867,10655,2026-03-06,Reporting,5,1034
2868,10655,2026-03-03,Analytics,10,323
2869,10656,2025-12-17,Integrations,11,1355
2870,10656,2026-01-02,Automation,26,607
2871,10656,2026-06-03,Collaboration,24,731
2872,10656,2026-05-23,Automation,17,1194
2873,10656,2026-05-19,Analytics,15,803
2874,10657,2026-07-15,Automation,25,960
2875,10657,2026-08-14,Integrations,24,967
2876,10657,2026-05-17,Integrations,20,1593
2877,10657,2026-05-08,Analytics,25,1753
2878,10658,2026-07-04,Integrations,51,1271
2879,10658,2026-03-10,Analytics,63,287
2880,10659,2025-09-04,Integrations,24,279
2881,10659,2026-03-18,Automation,40,77
2882,10659,2025-04-17,Automation,28,456
2883,10659,2025-04-25,Analytics,23,272
2884,10659,2025-03-27,Automation,18,422
2885,10659,2025-09-26,Analytics,28,1117
2886,10659,2025-12-18,Analytics,26,1746
2887,10660,2025-09-20,Reporting,71,1797
2888,10660,2026-08-08,Automation,78,1446
2889,10660,2026-07-26,Integrations,81,689
2890,10660,2026-05-13,Analytics,83,520
2891,10660,2025-09-04,Reporting,65,370
2892,10660,2025-11-30,Automation,70,598
2893,10661,2025-06-14,Collaboration,3,44
2894,10661,2025-06-08,Automation,4,1011
2895,10661,2025-11-20,Collaboration,3,780
2896,10661,2025-12-18,Integrations,9,1013
2897,10661,2025-12-08,Integrations,7,1408
2898,10661,2025-05-29,Analytics,1,1790
2899,10661,2026-04-19,Automation,7,325
2900,10661,2026-01-09,Automation,2,1489
2901,10662,2026-08-24,Analytics,11,907
2902,10662,2026-04-26,Reporting,13,950
2903,10662,2026-04-16,Collaboration,7,840
2904,10663,2025-05-12,Automation,3,1087
2905,10664,2025-10-15,Collaboration,37,861
2906,10664,2025-12-01,Reporting,48,561
2907,10664,2025-05-05,Analytics,54,710
2908,10664,2025-09-06,Integrations,43,1149
2909,10664,2026-05-10,Integrations,40,161
2910,10664,2025-08-22,Collaboration,43,1142
2911,10664,2025-10-07,Analytics,42,983
2912,10664,2026-03-08,Integrations,46,1031
2913,10664,2026-04-21,Automation,34,239
2914,10664,2025-08-03,Collaboration,56,906
2915,10664,2026-03-14,Reporting,51,595
2916,10665,2026-05-25,Analytics,9,1512
2917,10665,2026-03-27,Analytics,12,624
2918,10665,2026-01-05,Collaboration,14,1622
2919,10665,2026-05-10,Integrations,14,1639
2920,10665,2026-05-17,Integrations,18,1447
2921,10665,2026-07-14,Analytics,10,1099
2922,10665,2026-01-31,Reporting,11,545
2923,10665,2026-01-05,Automation,7,1096
2924,10665,2026-07-15,Automation,9,998
2925,10666,2026-08-06,Integrations,59,140
2926,10667,2026-02-15,Reporting,3,1533
2927,10667,2026-03-06,Collaboration,4,214
2928,10667,2026-03-31,Automation,5,655
2929,10667,2025-11-08,Integrations,10,346
2930,10667,2026-08-25,Automation,3,475
2931,10668,2026-06-22,Reporting,97,1743
2932,10669,2026-07-12,Integrations,24,1493
2933,10670,2025-06-26,Automation,35,1401
2934,10670,2025-03-29,Automation,30,1070
2935,10670,2025-04-24,Integrations,36,698
2936,10670,2025-12-15,Integrations,32,1455
2937,10670,2025-09-05,Automation,35,1121
2938,10670,2026-05-09,Integrations,31,1097
2939,10671,2026-08-23,Collaboration,81,1130
2940,10671,2026-07-27,Reporting,64,1167
2941,10671,2026-08-03,Integrations,77,733
2942,10672,2026-06-28,Automation,4,1790
2943,10672,2026-01-07,Automation,4,746
2944,10672,2026-01-29,Analytics,4,239
2945,10672,2026-07-26,Automation,7,681
2946,10672,2026-08-20,Collaboration,4,137
2947,10672,2026-01-07,Integrations,6,970
2948,10673,2026-02-12,Reporting,20,156
2949,10673,2026-04-06,Collaboration,12,58
2950,10673,2026-07-27,Reporting,12,1148
2951,10673,2026-07-19,Analytics,10,1756
2952,10673,2026-06-10,Integrations,10,347
2953,10673,2026-06-23,Analytics,12,66
2954,10673,2026-02-09,Analytics,7,1120
2955,10674,2025-05-09,Reporting,13,1477
2956,10674,2025-05-19,Reporting,9,1413
2957,10674,2026-01-05,Analytics,14,558
2958,10674,2026-03-06,Analytics,6,1578
2959,10674,2026-02-24,Collaboration,9,583
2960,10674,2025-08-19,Collaboration,12,1111
2961,10674,2025-03-06,Analytics,12,1630
2962,10675,2026-05-27,Integrations,4,671
2963,10675,2026-07-30,Analytics,15,783
2964,10675,2026-07-02,Collaboration,11,859
2965,10675,2026-03-14,Integrations,10,1529
2966,10675,2026-02-13,Collaboration,6,1198
2967,10675,2026-07-31,Reporting,7,1540
2968,10676,2026-05-23,Automation,4,1240
2969,10676,2026-05-20,Collaboration,3,1698
2970,10676,2026-05-17,Integrations,2,1644
2971,10676,2026-06-14,Reporting,2,773
2972,10676,2026-05-28,Automation,4,1315
2973,10676,2026-04-29,Collaboration,2,1103
2974,10677,2026-04-10,Automation,5,1770
2975,10677,2026-08-12,Integrations,11,1060
2976,10677,2026-07-25,Collaboration,5,1520
2977,10677,2026-03-25,Automation,4,290
2978,10677,2025-12-24,Analytics,4,562
2979,10677,2026-01-15,Reporting,7,660
2980,10678,2025-09-02,Automation,4,1444
2981,10678,2025-10-14,Analytics,3,1213
2982,10678,2026-01-05,Reporting,4,1316
2983,10678,2025-06-29,Analytics,7,336
2984,10678,2025-11-08,Automation,4,406
2985,10678,2026-02-02,Integrations,5,504
2986,10678,2025-05-23,Analytics,10,1689
2987,10679,2025-12-30,Analytics,38,1019
2988,10679,2026-03-12,Automation,29,1460
2989,10679,2026-02-27,Analytics,25,89
2990,10679,2026-02-01,Analytics,36,959
2991,10679,2026-06-26,Integrations,24,708
2992,10679,2026-03-04,Analytics,24,1494
2993,10679,2026-07-17,Reporting,27,520
2994,10680,2026-07-22,Integrations,15,1213
2995,10681,2026-06-04,Collaboration,3,1693
2996,10681,2026-05-29,Collaboration,7,1653
2997,10681,2026-06-22,Reporting,1,1695
2998,10682,2026-04-07,Automation,11,1389
2999,10682,2026-04-01,Collaboration,9,1110
3000,10682,2025-09-27,Automation,9,886
3001,10682,2026-03-07,Integrations,7,1001
3002,10682,2025-05-04,Integrations,7,1652
3003,10682,2025-04-06,Integrations,10,111
3004,10685,2026-03-04,Integrations,54,1179
3005,10685,2025-11-15,Collaboration,50,241
3006,10685,2025-08-01,Automation,38,354
3007,10685,2025-05-17,Reporting,38,1423
3008,10685,2025-04-22,Automation,43,86
3009,10685,2025-08-10,Integrations,32,88
3010,10685,2026-02-16,Collaboration,33,893
3011,10685,2026-01-30,Integrations,38,1587
3012,10685,2026-03-18,Analytics,46,1600
3013,10686,2026-06-21,Reporting,16,666
3014,10686,2026-05-08,Reporting,28,199
3015,10687,2025-10-09,Reporting,11,1242
3016,10687,2025-09-09,Collaboration,6,149
3017,10687,2025-11-28,Automation,6,1533
3018,10687,2026-05-05,Integrations,6,666
3019,10687,2026-03-08,Automation,8,312
3020,10687,2026-05-17,Automation,11,1221
3021,10687,2026-02-17,Analytics,11,1132
3022,10687,2025-09-04,Analytics,7,1639
3023,10688,2026-06-21,Automation,10,929
3024,10688,2026-04-08,Integrations,16,1148
3025,10688,2026-06-15,Reporting,7,1624
3026,10688,2026-06-05,Integrations,10,477
3027,10688,2026-02-02,Integrations,7,1054
3028,10689,2026-06-21,Analytics,48,1591
3029,10689,2026-02-27,Integrations,31,483
3030,10689,2026-02-05,Analytics,39,1073
3031,10689,2026-01-31,Integrations,39,1271
3032,10690,2026-07-23,Analytics,8,459
3033,10690,2026-06-08,Collaboration,18,333
3034,10695,2025-11-06,Integrations,7,1327
3035,10695,2026-02-27,Integrations,5,678
3036,10695,2025-10-04,Analytics,6,1656
3037,10696,2026-06-03,Integrations,8,1127
3038,10696,2025-07-19,Automation,7,1620
3039,10696,2026-06-13,Integrations,6,1673
3040,10696,2026-06-10,Automation,3,81
3041,10696,2025-09-06,Automation,11,160
3042,10696,2025-11-21,Collaboration,6,552
3043,10696,2026-01-06,Integrations,4,675
3044,10696,2025-12-08,Integrations,10,754
3045,10696,2026-06-21,Reporting,5,1202
3046,10696,2025-06-20,Automation,5,1560
3047,10696,2025-08-21,Collaboration,10,287
3048,10697,2026-07-06,Automation,5,652
3049,10697,2026-08-02,Collaboration,2,1554
3050,10697,2026-07-28,Analytics,8,1368
3051,10698,2026-06-27,Analytics,7,268
3052,10698,2026-06-28,Reporting,3,722
3053,10699,2025-09-17,Analytics,12,449
3054,10699,2025-04-03,Analytics,18,541
3055,10699,2025-10-23,Collaboration,12,1292
3056,10699,2025-08-11,Collaboration,15,1788
3057,10699,2025-04-21,Collaboration,16,914
3058,10699,2025-11-22,Analytics,14,1580
3059,10699,2025-12-05,Automation,18,1127
3060,10699,2025-12-26,Integrations,11,1599
3061,10700,2025-07-29,Reporting,12,1791
3062,10700,2026-01-16,Reporting,8,819
3063,10700,2026-03-28,Integrations,13,1322
3064,10700,2025-10-02,Reporting,7,715
3065,10700,2025-06-08,Analytics,17,957
3066,10700,2025-05-10,Reporting,9,383
3067,10700,2026-01-11,Analytics,9,507
3068,10700,2026-01-06,Analytics,7,1569
3069,10700,2025-12-06,Integrations,15,884
3070,10700,2026-04-12,Automation,8,175
3071,10701,2026-08-20,Integrations,2,1751
3072,10701,2026-06-01,Reporting,5,767
3073,10701,2026-06-30,Collaboration,3,175
3074,10701,2026-03-04,Collaboration,0,1795
3075,10701,2026-07-09,Analytics,4,1736
3076,10702,2026-03-25,Analytics,9,805
3077,10702,2026-02-14,Integrations,4,1724
3078,10702,2026-02-26,Integrations,4,1282
3079,10702,2026-07-25,Analytics,8,1774
3080,10703,2026-03-13,Integrations,22,496
3081,10703,2026-03-19,Collaboration,13,1328
3082,10703,2025-06-08,Analytics,17,519
3083,10703,2025-12-11,Collaboration,11,905
3084,10703,2025-12-10,Reporting,14,598
3085,10703,2026-05-31,Collaboration,16,1485
3086,10703,2026-03-03,Collaboration,14,1085
3087,10703,2026-01-03,Integrations,19,671
3088,10704,2026-04-22,Automation,2,272
3089,10704,2025-05-05,Analytics,6,890
3090,10704,2026-04-15,Reporting,4,973
3091,10704,2025-08-10,Collaboration,3,1320
3092,10704,2026-05-03,Collaboration,12,273
3093,10704,2025-10-27,Reporting,3,69
3094,10704,2025-07-22,Integrations,3,928
3095,10704,2026-05-11,Reporting,3,1600
3096,10704,2025-06-16,Analytics,9,295
3097,10705,2025-09-20,Collaboration,19,1038
3098,10705,2026-03-05,Automation,21,1127
3099,10705,2025-10-20,Collaboration,18,168
3100,10705,2025-06-06,Integrations,29,1264
3101,10705,2025-06-06,Collaboration,36,1335
3102,10705,2026-03-23,Analytics,27,1727
3103,10705,2025-03-25,Integrations,19,366
3104,10706,2026-01-23,Integrations,31,1376
3105,10706,2026-08-22,Reporting,30,353
3106,10706,2026-04-17,Analytics,36,169
3107,10706,2026-02-03,Integrations,31,1003
3108,10706,2026-03-03,Analytics,33,1179
3109,10707,2025-10-06,Integrations,11,1591
3110,10707,2025-11-03,Automation,8,525
3111,10707,2026-02-04,Analytics,8,93
3112,10707,2025-09-28,Reporting,10,566
3113,10707,2025-12-22,Automation,10,508
3114,10707,2025-12-11,Automation,8,1098
3115,10707,2025-12-09,Analytics,10,831
3116,10707,2026-02-09,Collaboration,12,130
3117,10707,2025-07-26,Reporting,11,1663
3118,10707,2025-01-25,Integrations,9,1696
3119,10708,2025-12-20,Integrations,8,1324
3120,10708,2026-06-26,Integrations,5,1220
3121,10708,2026-01-30,Integrations,12,315
3122,10708,2025-12-26,Automation,9,915
3123,10708,2026-02-07,Reporting,14,1739
3124,10708,2026-05-09,Automation,12,335
3125,10709,2026-08-05,Analytics,3,1401
3126,10709,2026-04-11,Automation,6,104
3127,10709,2026-03-20,Automation,5,778
3128,10709,2026-03-20,Automation,1,1004
3129,10709,2026-06-01,Analytics,3,1610
3130,10709,2026-02-09,Reporting,3,964
3131,10709,2026-07-09,Integrations,4,1005
3132,10709,2025-11-03,Collaboration,7,933
3133,10710,2026-04-27,Analytics,77,663
3134,10710,2026-01-04,Reporting,86,1371
3135,10710,2026-01-28,Automation,95,1072
3136,10710,2025-10-27,Integrations,91,270
3137,10710,2026-06-14,Collaboration,83,1011
3138,10710,2026-07-08,Collaboration,82,647
3139,10710,2026-01-30,Automation,66,1340
3140,10710,2025-12-07,Integrations,69,998
3141,10710,2026-01-23,Reporting,76,1253
3142,10711,2026-05-13,Analytics,8,1380
3143,10711,2026-05-22,Reporting,14,1276
3144,10711,2026-06-03,Analytics,10,1483
3145,10712,2026-01-05,Integrations,52,294
3146,10712,2026-03-19,Reporting,40,1421
3147,10712,2026-01-20,Analytics,58,1396
3148,10712,2025-12-10,Integrations,49,502
3149,10712,2025-12-23,Automation,45,1639
3150,10712,2026-08-19,Reporting,51,777
3151,10713,2026-03-13,Integrations,8,77
3152,10713,2026-08-19,Integrations,10,1759
3153,10713,2026-08-25,Reporting,15,1633
3154,10713,2026-07-15,Reporting,13,1258
3155,10713,2026-03-29,Integrations,10,796
3156,10713,2026-04-28,Reporting,19,696
3157,10714,2026-06-26,Integrations,11,647
3158,10714,2026-05-03,Reporting,3,1073
3159,10714,2026-04-10,Analytics,4,1776
3160,10714,2026-07-23,Integrations,5,835
3161,10714,2026-05-13,Analytics,2,1569
3162,10715,2026-07-12,Integrations,5,1078
3163,10715,2026-08-10,Automation,4,1273
3164,10716,2026-05-19,Automation,25,184
3165,10717,2026-03-23,Integrations,17,905
3166,10717,2026-08-14,Analytics,14,1656
3167,10717,2026-08-26,Analytics,12,579
3168,10717,2026-04-22,Integrations,21,1531
3169,10717,2026-07-04,Analytics,15,904
3170,10717,2026-01-30,Collaboration,29,1014
3171,10717,2025-12-05,Automation,18,1761
3172,10717,2025-12-06,Reporting,15,1552
3173,10718,2026-06-30,Analytics,1,480
3174,10718,2026-01-27,Collaboration,4,945
3175,10718,2026-06-22,Integrations,4,1209
3176,10718,2026-02-22,Analytics,3,726
3177,10718,2025-11-18,Automation,4,498
3178,10718,2026-08-04,Collaboration,6,60
3179,10718,2025-12-07,Collaboration,4,180
3180,10718,2025-12-19,Integrations,6,908
3181,10718,2026-03-21,Analytics,2,1429
3182,10718,2025-12-28,Integrations,3,1083
3183,10718,2026-08-06,Automation,9,983
3184,10719,2025-10-23,Integrations,36,1460
3185,10719,2026-01-09,Integrations,42,538
3186,10719,2026-01-15,Automation,39,1091
3187,10719,2026-03-20,Analytics,38,862
3188,10719,2026-02-06,Integrations,40,1145
3189,10719,2025-12-04,Automation,37,1163
3190,10719,2025-06-26,Reporting,34,1762
3191,10719,2025-10-04,Reporting,38,1355
3192,10719,2025-07-13,Reporting,35,227
3193,10719,2025-07-19,Integrations,50,1479
3194,10720,2026-01-24,Analytics,17,1098
3195,10720,2026-02-02,Collaboration,22,1459
3196,10720,2026-02-07,Integrations,14,125
3197,10720,2026-03-02,Collaboration,14,1310
3198,10721,2026-02-21,Collaboration,20,1213
3199,10721,2025-07-16,Reporting,13,1134
3200,10721,2026-05-08,Analytics,23,325
3201,10721,2025-05-07,Integrations,18,1280
3202,10721,2025-07-26,Automation,16,757
3203,10721,2025-06-01,Analytics,10,931
3204,10723,2026-07-16,Reporting,6,541
3205,10724,2026-01-16,Collaboration,68,1686
3206,10724,2025-06-02,Integrations,71,731
3207,10724,2025-06-18,Collaboration,70,931
3208,10724,2026-01-18,Automation,70,1142
3209,10724,2025-06-30,Automation,69,299
3210,10724,2026-01-03,Collaboration,60,1335
3211,10724,2025-07-02,Automation,61,1644
3212,10724,2026-02-24,Analytics,77,1133
3213,10724,2025-09-05,Analytics,69,263
3214,10724,2025-04-05,Automation,70,1215
3215,10724,2025-04-26,Reporting,64,643
3216,10725,2026-04-21,Reporting,4,1665
3217,10726,2025-06-09,Analytics,41,1523
3218,10726,2025-09-30,Reporting,39,395
3219,10726,2026-04-05,Analytics,40,1024
3220,10726,2025-10-25,Collaboration,38,1145
3221,10726,2025-11-23,Collaboration,37,230
3222,10726,2026-01-18,Collaboration,37,633
3223,10727,2026-03-09,Analytics,8,623
3224,10727,2026-05-22,Reporting,6,970
3225,10728,2025-12-25,Automation,14,1004
3226,10728,2025-12-17,Analytics,20,1019
3227,10728,2025-03-29,Reporting,15,1429
3228,10729,2026-03-18,Reporting,11,52
3229,10730,2026-02-28,Collaboration,5,1588
3230,10730,2026-07-09,Reporting,4,375
3231,10730,2026-08-24,Collaboration,7,1387
3232,10731,2026-08-11,Automation,63,675
3233,10731,2026-06-11,Reporting,44,1414
3234,10732,2026-01-20,Automation,24,548
3235,10732,2026-05-10,Automation,26,882
3236,10732,2026-02-05,Analytics,29,1243
3237,10732,2026-05-24,Reporting,26,1532
3238,10732,2026-07-24,Analytics,31,136
3239,10733,2026-07-12,Automation,13,34
3240,10734,2026-07-17,Collaboration,120,1667
3241,10734,2026-07-06,Analytics,112,1107
3242,10734,2026-08-08,Automation,128,1528
3243,10734,2026-07-13,Analytics,115,1554
3244,10735,2025-05-08,Integrations,58,281
3245,10735,2026-05-28,Analytics,73,493
3246,10735,2025-06-07,Integrations,73,540
3247,10736,2026-06-12,Integrations,45,535
3248,10736,2026-06-26,Automation,50,444
3249,10737,2026-06-26,Collaboration,4,1192
3250,10738,2026-03-15,Integrations,24,1538
3251,10738,2026-05-03,Reporting,30,153
3252,10738,2026-07-08,Collaboration,23,1551
3253,10738,2026-04-21,Analytics,25,223
3254,10738,2026-04-08,Collaboration,18,155
3255,10738,2026-02-02,Reporting,20,1286
3256,10738,2026-03-28,Integrations,25,647
3257,10739,2026-05-20,Collaboration,63,1751
3258,10739,2026-06-13,Reporting,75,1424
3259,10740,2026-07-20,Collaboration,6,1193
3260,10740,2026-08-14,Reporting,4,556
3261,10741,2026-07-09,Reporting,4,685
3262,10741,2026-08-15,Reporting,2,240
3263,10741,2026-06-28,Automation,1,173
3264,10741,2026-07-28,Reporting,4,1675
3265,10742,2026-08-10,Collaboration,23,712
3266,10742,2026-08-02,Integrations,35,1208
3267,10742,2026-08-05,Analytics,22,575
3268,10742,2026-05-28,Reporting,33,1212
3269,10742,2026-04-23,Analytics,27,482
3270,10743,2026-05-24,Collaboration,17,210
3271,10743,2026-03-14,Collaboration,25,105
3272,10744,2025-06-27,Collaboration,17,653
3273,10744,2025-06-13,Analytics,16,539
3274,10744,2026-04-18,Reporting,26,554
3275,10744,2026-06-01,Analytics,22,1185
3276,10744,2026-04-11,Collaboration,14,1619
3277,10744,2026-07-29,Automation,20,1590
3278,10744,2026-06-20,Analytics,19,477
3279,10744,2025-12-30,Reporting,23,651
3280,10744,2026-04-14,Collaboration,17,1295
3281,10744,2026-03-24,Analytics,14,1087
3282,10744,2025-12-16,Automation,19,252
3283,10745,2026-04-28,Integrations,88,1365
3284,10745,2026-05-24,Reporting,104,1724
3285,10745,2026-05-07,Integrations,84,1370
3286,10745,2026-07-15,Analytics,115,1108
3287,10745,2026-07-26,Reporting,98,1244
3288,10746,2025-11-19,Collaboration,17,953
3289,10746,2026-05-02,Analytics,22,771
3290,10746,2026-01-22,Integrations,27,536
3291,10747,2026-03-05,Reporting,19,1747
3292,10747,2026-07-06,Reporting,9,1404
3293,10747,2026-08-25,Collaboration,22,41
3294,10747,2025-11-21,Analytics,19,1443
3295,10747,2026-01-29,Automation,19,1476
3296,10748,2026-07-28,Collaboration,15,1638
3297,10748,2025-08-19,Analytics,4,117
3298,10748,2025-12-07,Automation,20,840
3299,10748,2026-01-25,Collaboration,8,636
3300,10748,2026-04-04,Collaboration,15,124
3301,10748,2026-04-13,Automation,8,570
3302,10748,2026-01-11,Integrations,11,457
3303,10748,2026-01-06,Reporting,9,904
3304,10748,2025-12-25,Collaboration,10,1763
3305,10748,2025-10-04,Reporting,13,1625
3306,10748,2026-05-03,Analytics,9,471
3307,10749,2025-08-08,Analytics,7,1456
3308,10749,2026-02-06,Analytics,4,1369
3309,10749,2026-03-01,Integrations,5,1310
3310,10749,2026-01-20,Analytics,9,1253
3311,10749,2026-08-04,Collaboration,8,983
3312,10749,2025-07-10,Collaboration,7,1624
3313,10749,2025-08-29,Analytics,7,186
3314,10749,2026-06-17,Integrations,6,900
3315,10749,2026-05-22,Integrations,6,1434
3316,10749,2026-05-07,Automation,10,1374
3317,10750,2025-07-23,Analytics,11,1535
3318,10750,2026-01-25,Analytics,8,1405
3319,10750,2025-08-12,Automation,8,1628
3320,10750,2025-04-11,Reporting,9,1223
3321,10750,2026-02-14,Integrations,8,537
3322,10750,2025-09-23,Automation,8,1186
3323,10752,2026-01-16,Collaboration,45,125
3324,10752,2025-06-28,Reporting,51,647
3325,10752,2025-05-22,Analytics,44,410
3326,10752,2025-08-23,Collaboration,47,1102
3327,10752,2026-05-05,Integrations,31,352
3328,10752,2026-04-05,Automation,51,1570
3329,10752,2025-08-23,Automation,47,1636
3330,10752,2026-03-06,Integrations,48,657
3331,10752,2026-04-10,Integrations,47,573
3332,10752,2026-01-20,Automation,60,306
3333,10753,2026-02-04,Collaboration,11,801
3334,10753,2025-12-14,Analytics,3,1266
3335,10753,2026-03-20,Collaboration,2,1248
3336,10753,2025-11-13,Automation,2,489
3337,10753,2025-11-07,Collaboration,9,1343
3338,10753,2026-02-12,Integrations,5,714
3339,10753,2025-04-26,Integrations,6,107
3340,10753,2025-07-19,Reporting,6,569
3341,10753,2025-12-06,Analytics,6,1116
3342,10755,2026-06-06,Integrations,72,737
3343,10755,2026-08-07,Collaboration,76,239
3344,10755,2026-05-02,Integrations,70,443
3345,10755,2026-05-16,Integrations,58,120
3346,10755,2026-01-09,Analytics,69,278
3347,10756,2026-06-01,Automation,4,650
3348,10756,2025-10-04,Analytics,4,423
3349,10756,2026-04-26,Collaboration,5,1197
3350,10756,2026-04-20,Analytics,7,596
3351,10756,2026-08-17,Reporting,4,49
3352,10756,2026-03-12,Collaboration,1,1194
3353,10757,2026-08-03,Automation,20,265
3354,10757,2026-06-14,Collaboration,18,385
3355,10757,2026-05-27,Integrations,18,338
3356,10757,2026-07-26,Integrations,20,393
3357,10757,2026-05-05,Integrations,22,517
3358,10758,2026-07-18,Collaboration,25,512
3359,10758,2026-04-12,Integrations,13,1162
3360,10758,2026-02-16,Automation,12,217
3361,10758,2026-06-25,Reporting,17,1648
3362,10758,2026-06-15,Analytics,18,1760
3363,10758,2026-02-20,Reporting,11,1340
3364,10758,2026-01-15,Reporting,21,312
3365,10758,2026-04-17,Automation,19,1462
3366,10759,2026-01-02,Automation,6,673
3367,10759,2026-04-02,Integrations,15,1653
3368,10759,2026-04-28,Analytics,24,1644
3369,10759,2025-04-30,Automation,8,1632
3370,10759,2025-05-02,Collaboration,14,1181
3371,10759,2026-01-18,Reporting,21,1095
3372,10759,2025-03-21,Analytics,10,921
3373,10759,2026-04-20,Integrations,11,205
3374,10760,2026-08-13,Integrations,5,1195
3375,10760,2026-05-28,Automation,7,1179
3376,10760,2026-03-24,Integrations,3,1319
3377,10760,2026-08-19,Automation,10,204
3378,10761,2025-12-11,Automation,30,601
3379,10761,2025-11-03,Analytics,16,915
3380,10761,2026-05-05,Collaboration,24,710
3381,10762,2026-05-21,Reporting,8,865
3382,10762,2026-03-17,Integrations,11,1381
3383,10762,2026-07-06,Automation,6,1174
3384,10762,2026-05-01,Analytics,8,1094
3385,10763,2026-07-29,Analytics,11,1298
3386,10763,2026-08-11,Integrations,7,1486
3387,10765,2025-09-29,Integrations,44,450
3388,10765,2025-09-08,Integrations,23,1638
3389,10765,2026-04-30,Reporting,34,1445
3390,10765,2025-11-22,Integrations,26,762
3391,10765,2025-08-08,Collaboration,31,1773
3392,10765,2026-08-23,Collaboration,28,647
3393,10765,2026-04-21,Analytics,32,1132
3394,10765,2025-10-24,Collaboration,24,880
3395,10765,2025-12-29,Automation,27,1435
3396,10765,2026-03-13,Analytics,28,230
3397,10766,2026-08-13,Integrations,13,336
3398,10766,2026-04-25,Integrations,12,886
3399,10767,2026-06-14,Integrations,5,835
3400,10768,2026-01-03,Integrations,14,332
3401,10768,2025-10-25,Automation,16,1678
3402,10768,2026-07-05,Integrations,14,502
3403,10768,2025-10-22,Automation,15,1232
3404,10768,2025-10-28,Automation,13,1609
3405,10768,2025-12-29,Reporting,13,858
3406,10768,2026-06-02,Analytics,14,364
3407,10768,2025-12-03,Integrations,13,553
3408,10769,2025-12-19,Automation,7,1434
3409,10769,2025-08-24,Automation,7,1463
3410,10769,2025-07-24,Reporting,6,1463
3411,10769,2025-05-08,Automation,6,1773
3412,10769,2025-09-08,Reporting,5,365
3413,10769,2025-05-17,Analytics,6,79
3414,10769,2025-08-21,Automation,12,1624
3415,10769,2026-01-18,Collaboration,5,1031
3416,10769,2025-12-30,Collaboration,7,545
3417,10769,2025-06-13,Analytics,12,67
3418,10770,2025-08-30,Reporting,9,1027
3419,10770,2025-11-15,Integrations,6,1052
3420,10770,2026-05-23,Reporting,2,242
3421,10770,2025-10-09,Automation,4,172
3422,10770,2026-08-05,Automation,7,132
3423,10771,2026-05-18,Collaboration,5,1078
3424,10771,2026-04-30,Collaboration,2,1075
3425,10771,2026-02-11,Reporting,3,420
3426,10773,2025-07-27,Integrations,8,1011
3427,10773,2025-02-05,Integrations,5,512
3428,10773,2025-01-16,Collaboration,7,366
3429,10773,2025-08-18,Analytics,4,1285
3430,10773,2025-04-04,Analytics,6,281
3431,10774,2026-04-29,Integrations,53,1139
3432,10774,2026-04-26,Automation,42,295
3433,10774,2026-03-26,Integrations,50,391
3434,10774,2026-04-04,Collaboration,47,1556
3435,10774,2026-04-13,Analytics,52,767
3436,10774,2026-07-18,Reporting,49,206
3437,10776,2026-08-05,Automation,4,1541
3438,10777,2025-12-11,Analytics,23,1555
3439,10777,2026-03-06,Reporting,18,546
3440,10777,2026-04-06,Reporting,21,1670
3441,10778,2025-11-24,Analytics,35,1096
3442,10778,2026-01-13,Automation,26,1325
3443,10778,2025-12-19,Analytics,31,708
3444,10778,2025-11-08,Analytics,34,150
3445,10779,2026-05-17,Integrations,29,1407
3446,10779,2026-02-08,Reporting,22,1278
3447,10779,2026-05-27,Analytics,28,1034
3448,10779,2025-11-30,Analytics,23,1157
3449,10780,2026-06-17,Reporting,9,1329
3450,10780,2026-07-23,Automation,10,1458
3451,10780,2026-07-13,Collaboration,11,907
3452,10780,2026-08-08,Automation,11,1341
3453,10781,2026-08-01,Analytics,8,882
3454,10782,2026-08-20,Integrations,8,733
3455,10782,2026-06-27,Analytics,9,92
3456,10782,2026-06-12,Analytics,8,672
3457,10783,2025-05-09,Collaboration,21,242
3458,10783,2025-12-10,Collaboration,17,333
3459,10783,2025-12-18,Analytics,24,1647
3460,10783,2025-09-26,Integrations,13,748
3461,10783,2025-11-13,Analytics,16,515
3462,10784,2026-01-01,Automation,106,345
3463,10784,2025-12-14,Integrations,108,1394
3464,10784,2025-04-10,Analytics,100,785
3465,10784,2025-08-17,Analytics,115,627
3466,10784,2026-01-04,Reporting,105,1323
3467,10784,2025-12-10,Integrations,113,1681
3468,10784,2025-10-26,Integrations,84,674
3469,10785,2025-10-25,Integrations,99,100
3470,10785,2026-07-08,Reporting,114,726
3471,10785,2025-12-26,Integrations,113,1053
3472,10785,2025-12-09,Analytics,113,1262
3473,10785,2026-03-15,Collaboration,95,1020
3474,10785,2026-08-12,Integrations,105,519
3475,10786,2026-08-26,Integrations,3,1260
3476,10787,2025-07-17,Automation,34,728
3477,10787,2025-05-26,Integrations,22,953
3478,10787,2025-10-02,Collaboration,19,593
3479,10787,2026-01-12,Collaboration,19,1133
3480,10787,2025-04-05,Reporting,15,281
3481,10787,2025-04-08,Reporting,41,1636
3482,10787,2025-02-15,Collaboration,22,1062
3483,10787,2025-07-27,Analytics,24,205
3484,10787,2025-09-05,Automation,15,1439
3485,10787,2025-10-06,Automation,24,1668
3486,10787,2025-10-06,Automation,17,426
3487,10788,2026-06-21,Analytics,3,1061
3488,10788,2026-03-19,Analytics,8,584
3489,10789,2026-01-28,Integrations,38,777
3490,10790,2025-11-14,Reporting,4,926
3491,10790,2025-03-02,Analytics,9,722
3492,10790,2026-01-12,Integrations,7,333
3493,10790,2025-05-26,Automation,6,626
3494,10790,2025-12-17,Collaboration,4,669
3495,10790,2025-04-17,Integrations,4,1597
3496,10790,2025-11-02,Reporting,4,1020
3497,10790,2025-10-27,Integrations,4,621
3498,10790,2025-10-18,Integrations,8,154
3499,10791,2025-03-21,Automation,74,954
3500,10791,2025-03-02,Integrations,81,1476
3501,10792,2025-12-22,Integrations,32,1280
3502,10792,2026-01-03,Collaboration,18,742
3503,10793,2026-04-13,Integrations,5,1658
3504,10793,2026-07-19,Analytics,8,874
3505,10793,2026-04-22,Reporting,5,1400
3506,10793,2026-06-15,Automation,4,660
3507,10793,2026-06-24,Automation,6,1338
3508,10794,2026-05-26,Reporting,5,1227
3509,10795,2025-11-26,Integrations,28,880
3510,10796,2025-10-28,Reporting,1,814
3511,10796,2025-11-01,Automation,11,1696
3512,10796,2026-02-25,Automation,2,503
3513,10796,2025-12-22,Reporting,9,674
3514,10796,2026-03-02,Analytics,8,916
3515,10796,2025-08-01,Integrations,10,499
3516,10798,2026-04-15,Collaboration,33,334
3517,10798,2026-04-12,Collaboration,50,942
3518,10798,2026-02-23,Collaboration,41,1415
3519,10798,2025-11-06,Analytics,30,334
3520,10798,2026-02-26,Reporting,47,85
3521,10799,2026-04-29,Reporting,17,1357
3522,10799,2026-06-06,Collaboration,22,236
3523,10799,2026-02-09,Reporting,17,1503
3524,10799,2025-09-26,Collaboration,15,361
3525,10799,2025-08-13,Automation,10,799
3526,10799,2025-12-24,Collaboration,10,699
3527,10800,2026-07-25,Collaboration,1,529
3528,10800,2026-08-19,Analytics,2,630
3529,10800,2026-01-24,Integrations,4,226
3530,10800,2025-11-14,Automation,2,640
3531,10801,2025-07-28,Integrations,32,1410
3532,10801,2026-02-12,Automation,18,1735
3533,10801,2025-12-28,Analytics,25,272
3534,10802,2025-10-03,Reporting,7,1146
3535,10802,2026-07-10,Analytics,10,205
3536,10802,2025-08-30,Analytics,12,157
3537,10803,2025-12-08,Automation,146,1312
3538,10803,2026-05-07,Automation,147,622
3539,10803,2026-03-01,Collaboration,134,1724
3540,10803,2026-08-14,Analytics,137,996
3541,10803,2026-04-28,Analytics,148,666
3542,10804,2026-08-03,Automation,6,555
3543,10804,2026-08-13,Collaboration,7,95
3544,10804,2026-07-16,Integrations,8,874
3545,10805,2026-04-30,Automation,5,896
3546,10805,2026-08-17,Collaboration,6,765
3547,10805,2026-08-15,Reporting,3,950
3548,10806,2026-08-16,Collaboration,10,543
3549,10806,2026-05-31,Collaboration,12,1270
3550,10807,2026-06-04,Reporting,155,1246
3551,10807,2026-07-31,Integrations,175,1122
3552,10807,2026-07-10,Integrations,184,496
3553,10807,2026-07-08,Automation,154,1641
3554,10808,2025-12-22,Collaboration,9,530
3555,10808,2025-10-31,Automation,7,654
3556,10808,2026-01-09,Integrations,12,1462
3557,10808,2025-09-05,Integrations,3,360
3558,10808,2026-02-12,Analytics,9,1449
3559,10809,2026-06-22,Reporting,22,606
3560,10809,2026-05-24,Automation,15,1116
3561,10809,2026-08-14,Automation,25,1083
3562,10811,2026-03-20,Collaboration,39,996
3563,10811,2025-02-07,Automation,52,526
3564,10811,2025-09-28,Automation,31,1189
3565,10811,2025-11-24,Analytics,37,34
3566,10811,2025-06-21,Analytics,49,900
3567,10811,2025-08-22,Integrations,39,608
3568,10811,2025-03-09,Analytics,45,963
3569,10811,2026-03-20,Reporting,30,344
3570,10811,2025-11-20,Analytics,39,919
3571,10811,2026-01-24,Automation,31,1216
3572,10811,2026-03-20,Automation,48,119
3573,10812,2026-07-03,Collaboration,59,951
3574,10813,2026-06-20,Collaboration,41,1651
3575,10813,2026-07-18,Automation,51,1480
3576,10813,2026-03-11,Integrations,38,947
3577,10813,2026-03-08,Integrations,33,113
3578,10814,2025-12-01,Analytics,204,1457
3579,10814,2025-09-04,Reporting,194,1019
3580,10814,2025-12-01,Automation,212,1560
3581,10814,2026-03-23,Reporting,199,1172
3582,10814,2026-03-01,Analytics,195,986
3583,10814,2026-07-27,Analytics,210,227
3584,10814,2025-07-25,Integrations,197,227
3585,10814,2025-12-02,Reporting,176,931
3586,10815,2026-07-18,Collaboration,7,1078
3587,10815,2026-08-22,Analytics,7,284
3588,10817,2025-08-27,Automation,17,1340
3589,10817,2026-02-07,Automation,12,393
3590,10817,2025-06-06,Integrations,16,1545
3591,10817,2025-02-03,Collaboration,17,37
3592,10817,2026-03-05,Integrations,27,1581
3593,10817,2025-08-09,Integrations,18,537
3594,10817,2025-11-15,Analytics,20,627
3595,10817,2025-12-10,Integrations,21,463
3596,10817,2026-01-10,Analytics,19,1251
3597,10817,2025-12-28,Automation,15,900
3598,10817,2025-01-28,Integrations,16,457
3599,10818,2025-09-11,Reporting,24,828
3600,10818,2025-07-29,Analytics,13,1607
3601,10818,2025-10-02,Automation,19,1123
3602,10818,2025-09-19,Collaboration,16,932
3603,10818,2026-03-04,Reporting,11,1646
3604,10818,2026-02-08,Integrations,14,730
3605,10818,2025-04-01,Reporting,17,466
3606,10818,2025-09-06,Integrations,24,32
3607,10818,2026-04-21,Reporting,15,1108
3608,10818,2026-01-20,Analytics,17,935
3609,10819,2026-04-07,Integrations,36,1452
3610,10819,2026-08-02,Reporting,43,825
3611,10819,2026-04-05,Collaboration,42,1143
3612,10819,2026-03-28,Collaboration,50,829
3613,10821,2025-11-27,Collaboration,14,372
3614,10821,2025-07-12,Analytics,17,288
3615,10821,2025-06-11,Reporting,14,1728
3616,10821,2025-07-27,Automation,14,1561
3617,10821,2025-03-20,Collaboration,9,1570
3618,10821,2025-03-20,Collaboration,9,1463
3619,10821,2025-07-26,Reporting,16,1651
3620,10821,2025-07-01,Integrations,10,952
3621,10821,2025-12-11,Analytics,12,1271
3622,10821,2025-03-22,Analytics,19,1555
3623,10822,2026-06-10,Collaboration,23,900
3624,10822,2026-05-09,Automation,21,1178
3625,10823,2026-01-09,Collaboration,18,1031
3626,10823,2026-04-12,Analytics,31,1186
3627,10823,2025-04-19,Reporting,20,298
3628,10823,2025-09-19,Integrations,20,914
3629,10823,2025-11-13,Reporting,29,1669
3630,10823,2026-03-25,Automation,23,1073
3631,10823,2026-03-07,Reporting,31,166
3632,10823,2025-10-22,Analytics,20,698
3633,10823,2025-05-10,Automation,36,1247
3634,10823,2026-04-25,Collaboration,25,965
3635,10823,2025-04-16,Reporting,27,63
3636,10824,2026-02-25,Integrations,4,277
3637,10825,2026-07-19,Collaboration,4,1028
3638,10825,2026-02-11,Collaboration,7,339
3639,10825,2026-02-19,Analytics,6,1209
3640,10826,2026-01-07,Reporting,7,1089
3641,10826,2025-05-18,Integrations,7,1669
3642,10826,2025-12-14,Integrations,8,1444
3643,10826,2025-04-30,Reporting,7,788
3644,10826,2026-04-13,Reporting,3,387
3645,10826,2025-05-25,Collaboration,8,808
3646,10827,2026-07-04,Analytics,6,1436
3647,10827,2026-03-03,Integrations,4,276
3648,10827,2026-06-23,Integrations,9,1171
3649,10827,2026-06-04,Analytics,5,1475
3650,10829,2026-06-18,Collaboration,59,251
3651,10830,2025-10-01,Collaboration,20,1215
3652,10830,2025-02-24,Integrations,17,1757
3653,10830,2025-07-17,Collaboration,15,1707
3654,10831,2025-07-26,Collaboration,41,38
3655,10831,2025-06-19,Integrations,65,848
3656,10831,2025-07-18,Integrations,50,381
3657,10831,2025-09-23,Integrations,55,600
3658,10832,2026-06-04,Reporting,28,1202
3659,10832,2025-11-05,Analytics,20,969
3660,10832,2026-05-18,Automation,13,1066
3661,10832,2025-08-19,Reporting,17,882
3662,10832,2026-07-04,Analytics,20,1086
3663,10832,2025-10-04,Analytics,14,1500
3664,10833,2025-11-30,Automation,8,667
3665,10833,2026-06-24,Automation,9,1537
3666,10833,2026-01-07,Reporting,9,538
3667,10833,2025-11-16,Reporting,8,797
3668,10833,2026-03-09,Automation,5,445
3669,10833,2026-03-12,Collaboration,5,1031
3670,10833,2025-10-01,Automation,8,1569
3671,10834,2025-08-23,Automation,1,36
3672,10834,2025-05-09,Collaboration,3,559
3673,10834,2025-05-11,Analytics,4,1440
3674,10834,2025-12-31,Collaboration,4,687
3675,10834,2026-04-13,Collaboration,3,1379
3676,10834,2026-02-11,Integrations,5,428
3677,10836,2026-06-11,Reporting,102,1045
3678,10836,2026-08-18,Integrations,96,356
3679,10836,2026-06-11,Reporting,117,465
3680,10836,2026-07-28,Automation,108,470
3681,10836,2026-05-12,Analytics,83,1792
3682,10838,2025-09-28,Reporting,11,1241
3683,10838,2025-09-08,Collaboration,13,740
3684,10838,2026-01-03,Integrations,8,1461
3685,10838,2025-06-18,Integrations,6,1275
3686,10838,2026-05-21,Reporting,15,137
3687,10838,2025-09-01,Collaboration,6,817
3688,10838,2025-11-01,Automation,18,1465
3689,10838,2026-02-09,Analytics,8,1700
3690,10838,2026-04-14,Integrations,7,649
3691,10839,2025-01-30,Reporting,26,40
3692,10839,2025-03-19,Integrations,26,1595
3693,10839,2026-01-14,Automation,25,55
3694,10839,2025-07-10,Analytics,21,82
3695,10839,2025-10-01,Automation,23,1136
3696,10839,2025-09-15,Collaboration,24,1421
3697,10841,2026-01-05,Analytics,4,1729
3698,10841,2025-11-18,Reporting,8,1344
3699,10841,2025-11-17,Analytics,6,909
3700,10841,2025-11-27,Collaboration,6,1349
3701,10841,2025-09-14,Analytics,6,908
3702,10842,2026-06-01,Collaboration,2,867
3703,10842,2026-06-06,Integrations,6,1144
3704,10842,2026-08-26,Automation,3,900
3705,10842,2026-02-08,Analytics,10,900
3706,10844,2025-05-13,Analytics,7,548
3707,10844,2026-01-10,Analytics,6,1772
3708,10844,2025-03-24,Reporting,4,1714
3709,10844,2025-09-13,Integrations,2,1092
3710,10844,2026-01-01,Reporting,3,1450
3711,10845,2025-04-07,Automation,6,1498
3712,10845,2025-09-05,Analytics,11,817
3713,10845,2025-08-08,Analytics,13,1010
3714,10845,2026-01-10,Automation,10,727
3715,10845,2025-04-27,Integrations,6,966
3716,10845,2026-02-01,Integrations,13,1689
3717,10845,2025-03-19,Collaboration,9,1528
3718,10845,2025-02-04,Automation,5,1546
3719,10845,2026-01-21,Reporting,11,1108
3720,10846,2025-07-13,Reporting,19,1651
3721,10846,2025-10-27,Automation,11,184
3722,10846,2025-10-16,Automation,14,1476
3723,10846,2025-09-06,Automation,10,1531
3724,10846,2025-08-01,Reporting,17,232
3725,10846,2025-09-01,Collaboration,16,1210
3726,10846,2025-10-18,Reporting,15,932
3727,10846,2025-09-07,Reporting,11,1469
3728,10846,2025-12-25,Integrations,14,1284
3729,10846,2025-02-07,Analytics,12,461
3730,10847,2025-04-06,Integrations,40,63
3731,10847,2025-04-19,Integrations,30,124
3732,10847,2025-11-23,Integrations,41,201
3733,10847,2025-07-27,Analytics,35,884
3734,10847,2026-05-11,Analytics,34,1644
3735,10847,2026-02-27,Analytics,35,548
3736,10847,2026-04-30,Collaboration,46,1343
3737,10847,2025-09-15,Collaboration,47,1143
3738,10847,2025-05-04,Reporting,43,1550
3739,10848,2025-04-06,Collaboration,26,718
3740,10848,2025-08-29,Automation,23,539
3741,10848,2025-04-29,Analytics,29,113
3742,10848,2025-09-12,Analytics,28,690
3743,10848,2025-09-27,Integrations,16,333
3744,10848,2025-05-05,Analytics,24,737
3745,10848,2025-12-02,Integrations,17,1429
3746,10848,2025-05-25,Reporting,24,675
3747,10849,2026-07-07,Analytics,13,752
3748,10849,2026-05-14,Reporting,14,426
3749,10849,2026-08-11,Collaboration,9,1431
3750,10849,2026-07-18,Integrations,12,614
3751,10850,2026-03-14,Integrations,3,296
3752,10850,2026-06-12,Collaboration,5,1148
3753,10852,2026-07-11,Collaboration,31,821
3754,10852,2026-05-27,Collaboration,21,1530
3755,10854,2025-09-12,Automation,61,1388
3756,10854,2026-06-30,Automation,58,37
3757,10854,2026-06-28,Automation,60,472
3758,10854,2026-01-24,Automation,48,1334
3759,10854,2026-03-11,Analytics,53,417
3760,10854,2026-04-11,Reporting,52,1399
3761,10854,2026-02-20,Analytics,58,512
3762,10854,2026-05-27,Integrations,45,356
3763,10855,2025-10-09,Collaboration,8,315
3764,10855,2026-01-11,Collaboration,7,226
3765,10855,2026-02-10,Analytics,9,756
3766,10855,2025-08-22,Integrations,10,1356
3767,10855,2026-03-23,Analytics,8,312
3768,10856,2026-07-04,Collaboration,4,954
3769,10857,2026-03-26,Reporting,7,900
3770,10857,2025-08-13,Automation,6,1193
3771,10857,2026-04-28,Automation,2,769
3772,10857,2025-12-02,Automation,7,1654
3773,10857,2025-12-13,Reporting,7,1728
3774,10858,2025-08-08,Collaboration,7,1163
3775,10858,2025-04-04,Collaboration,5,785
3776,10858,2025-10-09,Integrations,10,1163
3777,10858,2026-03-13,Reporting,7,1720
3778,10858,2025-12-28,Automation,9,239
3779,10858,2025-12-16,Automation,6,324
3780,10858,2025-05-14,Reporting,10,1389
3781,10858,2025-10-17,Integrations,11,1768
3782,10859,2026-04-25,Automation,68,1358
3783,10859,2026-07-29,Integrations,65,585
3784,10859,2026-04-13,Automation,61,1057
3785,10859,2026-08-01,Collaboration,76,1661
3786,10859,2026-03-20,Automation,79,1713
3787,10859,2026-02-21,Collaboration,73,474
3788,10860,2026-07-14,Reporting,7,979
3789,10860,2026-07-12,Reporting,6,1315
3790,10860,2026-08-12,Collaboration,4,1569
3791,10861,2026-08-10,Collaboration,57,500
3792,10861,2026-08-21,Automation,40,905
3793,10863,2025-03-25,Reporting,10,611
3794,10863,2026-05-05,Collaboration,12,1509
3795,10863,2025-09-23,Reporting,12,497
3796,10863,2025-09-15,Automation,11,123
3797,10863,2026-01-04,Collaboration,12,1315
3798,10864,2026-08-02,Analytics,2,753
3799,10864,2026-05-29,Reporting,5,1525
3800,10865,2026-08-03,Analytics,11,1607
3801,10865,2026-08-04,Analytics,12,771
3802,10865,2026-08-02,Reporting,12,1121
3803,10865,2026-08-20,Integrations,9,153
3804,10866,2026-05-20,Automation,28,568
3805,10867,2026-08-20,Reporting,22,693
3806,10867,2026-05-22,Automation,15,106
3807,10868,2026-07-16,Automation,3,1206
3808,10869,2026-06-26,Reporting,17,951
3809,10869,2026-08-08,Automation,17,766
3810,10869,2025-09-28,Integrations,16,47
3811,10869,2026-08-13,Integrations,19,1656
3812,10869,2026-01-22,Integrations,13,1126
3813,10870,2025-06-02,Reporting,8,162
3814,10870,2025-10-14,Analytics,8,349
3815,10870,2025-04-20,Collaboration,12,402
3816,10870,2025-02-11,Automation,6,1349
3817,10870,2025-03-16,Automation,8,1437
3818,10870,2025-04-06,Collaboration,11,1196
3819,10870,2025-04-12,Collaboration,7,769
3820,10870,2025-10-26,Integrations,11,121
3821,10871,2026-01-02,Analytics,64,592
3822,10871,2025-11-03,Analytics,65,148
3823,10871,2026-07-10,Reporting,70,1332
3824,10871,2025-12-17,Collaboration,52,1667
3825,10871,2025-11-05,Automation,59,1319
3826,10872,2025-12-15,Reporting,6,1519
3827,10872,2026-03-15,Collaboration,4,908
3828,10872,2025-08-23,Reporting,4,1429
3829,10873,2025-04-29,Analytics,10,1210
3830,10874,2025-04-17,Integrations,21,994
3831,10874,2026-02-11,Analytics,18,162
3832,10874,2025-06-19,Automation,12,432
3833,10874,2025-07-28,Analytics,17,1068
3834,10874,2025-12-23,Reporting,26,1456
3835,10874,2025-08-19,Automation,12,1241
3836,10874,2025-05-16,Integrations,19,1286
3837,10874,2026-03-27,Collaboration,18,1650
3838,10874,2025-08-25,Analytics,12,348
3839,10875,2026-03-29,Reporting,15,1075
3840,10875,2026-07-12,Reporting,12,854
3841,10875,2026-06-03,Integrations,6,1567
3842,10876,2026-07-14,Reporting,19,251
3843,10876,2026-07-23,Collaboration,9,101
3844,10876,2026-04-20,Analytics,16,1097
3845,10876,2026-03-06,Analytics,10,1316
3846,10877,2026-05-16,Reporting,18,1094
3847,10878,2026-08-08,Automation,127,836
3848,10878,2026-06-12,Automation,127,1255
3849,10879,2026-05-28,Integrations,29,979
3850,10880,2026-02-01,Analytics,12,1111
3851,10880,2026-04-27,Automation,21,1392
3852,10880,2026-06-09,Automation,12,425
3853,10880,2026-04-22,Integrations,8,1799
3854,10880,2026-02-09,Automation,25,1128
3855,10881,2025-05-27,Reporting,22,956
3856,10881,2025-05-04,Analytics,17,1087
3857,10881,2025-04-30,Collaboration,18,1783
3858,10882,2026-07-15,Reporting,7,1289
3859,10882,2026-07-25,Integrations,11,152
3860,10882,2026-07-01,Integrations,15,1560
3861,10883,2026-05-10,Integrations,17,303
3862,10883,2026-07-07,Reporting,15,1628
3863,10884,2025-11-05,Collaboration,4,1302
3864,10884,2025-07-20,Analytics,17,626
3865,10884,2025-12-02,Analytics,5,1012
3866,10884,2025-07-13,Automation,5,890
3867,10884,2025-11-08,Reporting,7,1379
3868,10884,2025-06-18,Collaboration,11,668
3869,10885,2026-05-07,Collaboration,21,1287
3870,10885,2026-07-04,Automation,16,1520
3871,10886,2026-06-06,Reporting,5,295
3872,10886,2026-05-21,Collaboration,4,1423
3873,10887,2025-04-29,Integrations,59,875
3874,10887,2025-06-17,Automation,60,1273
3875,10887,2025-02-25,Collaboration,60,1630
3876,10887,2025-02-27,Automation,73,195
3877,10887,2025-11-28,Reporting,66,859
3878,10887,2026-03-22,Collaboration,75,1482
3879,10887,2026-01-12,Analytics,60,189
3880,10887,2026-02-16,Integrations,49,1244
3881,10887,2025-05-18,Automation,65,485
3882,10887,2025-06-26,Integrations,60,363
3883,10888,2025-09-29,Collaboration,18,1557
3884,10888,2025-08-05,Integrations,28,894
3885,10888,2026-04-24,Reporting,22,1253
3886,10888,2026-03-06,Integrations,29,1267
3887,10888,2026-01-21,Automation,19,43
3888,10888,2026-02-27,Automation,30,1465
3889,10888,2026-02-04,Analytics,27,765
3890,10889,2025-12-12,Automation,32,1551
3891,10889,2025-06-04,Reporting,45,985
3892,10889,2026-01-06,Reporting,27,583
3893,10889,2026-01-16,Collaboration,36,474
3894,10889,2025-08-30,Automation,44,596
3895,10890,2026-02-06,Collaboration,34,699
3896,10890,2025-11-28,Reporting,23,144
3897,10890,2025-08-26,Collaboration,33,319
3898,10890,2025-07-12,Reporting,24,1070
3899,10890,2026-05-29,Automation,42,1555
3900,10890,2026-04-07,Reporting,27,142
3901,10890,2026-01-13,Integrations,28,430
3902,10891,2025-12-11,Integrations,4,812
3903,10891,2025-07-30,Integrations,6,841
3904,10891,2025-06-17,Collaboration,10,943
3905,10891,2025-08-23,Analytics,10,783
3906,10891,2025-08-22,Reporting,9,1196
3907,10891,2025-12-16,Integrations,3,765
3908,10891,2026-03-19,Automation,6,669
3909,10891,2026-04-14,Automation,1,44
3910,10891,2025-03-02,Analytics,6,443
3911,10891,2026-04-22,Collaboration,5,216
3912,10892,2026-04-23,Integrations,40,1754
3913,10892,2026-07-08,Analytics,55,396
3914,10892,2026-07-12,Collaboration,39,1730
3915,10892,2026-06-09,Automation,37,1226
3916,10892,2026-04-10,Integrations,43,282
3917,10892,2026-07-06,Integrations,33,1115
3918,10892,2026-07-14,Analytics,33,623
3919,10893,2025-11-16,Reporting,37,1272
3920,10893,2026-02-25,Integrations,38,564
3921,10893,2026-04-23,Analytics,31,573
3922,10893,2025-11-24,Automation,36,853
3923,10893,2026-02-07,Collaboration,37,1069
3924,10893,2025-12-03,Integrations,38,1229
3925,10893,2025-12-03,Collaboration,35,507
3926,10895,2026-04-12,Analytics,13,214
3927,10895,2026-04-19,Analytics,10,1035
3928,10896,2026-04-23,Analytics,24,1252
3929,10896,2026-01-11,Automation,25,771
3930,10896,2026-05-13,Automation,24,494
3931,10896,2026-03-14,Integrations,18,451
3932,10897,2025-12-12,Reporting,26,236
3933,10897,2026-01-07,Collaboration,22,228
3934,10897,2026-02-26,Collaboration,27,476
3935,10897,2026-01-17,Integrations,15,610
3936,10898,2025-05-31,Automation,15,798
3937,10898,2025-05-30,Automation,22,1043
3938,10898,2025-04-28,Integrations,18,1017
3939,10898,2025-06-12,Reporting,18,1590
3940,10899,2025-05-22,Reporting,1,732
3941,10899,2026-01-26,Analytics,3,528
3942,10899,2026-03-27,Analytics,9,1284
3943,10899,2026-03-20,Integrations,2,687
3944,10899,2025-08-06,Integrations,4,684
3945,10899,2025-06-16,Collaboration,6,695
3946,10899,2026-01-04,Analytics,4,56
3947,10900,2026-03-15,Analytics,15,985
3948,10900,2026-04-24,Automation,31,1492
3949,10901,2025-08-09,Integrations,12,738
3950,10901,2026-01-01,Analytics,12,1438
3951,10901,2025-12-31,Integrations,11,1795
3952,10901,2025-06-24,Collaboration,8,902
3953,10901,2025-03-27,Reporting,6,1656
3954,10902,2025-04-18,Analytics,74,756
3955,10902,2025-03-26,Automation,82,353
3956,10902,2026-03-21,Reporting,73,1434
3957,10902,2026-02-09,Analytics,105,1671
3958,10902,2026-03-19,Integrations,88,1015
3959,10902,2025-11-04,Analytics,88,1263
3960,10902,2025-10-12,Automation,85,802
3961,10903,2025-10-06,Integrations,7,1387
3962,10903,2026-04-03,Automation,14,635
3963,10903,2026-02-01,Automation,5,1157
3964,10904,2026-07-13,Analytics,13,1742
3965,10904,2026-08-22,Analytics,11,399
3966,10905,2026-08-02,Integrations,18,1397
3967,10905,2026-01-08,Automation,34,388
3968,10905,2025-11-23,Integrations,31,1140
3969,10907,2025-12-14,Analytics,10,108
3970,10907,2026-08-02,Automation,11,1157
3971,10907,2025-10-22,Automation,10,115
3972,10907,2025-10-22,Automation,13,496
3973,10907,2025-10-17,Analytics,14,1017
3974,10908,2026-04-28,Automation,15,89
3975,10908,2026-04-30,Collaboration,15,835
3976,10908,2026-05-05,Collaboration,17,567
3977,10908,2026-03-04,Automation,10,939
3978,10908,2025-12-07,Collaboration,18,635
3979,10908,2025-07-14,Collaboration,22,157
3980,10908,2025-11-28,Analytics,11,620
3981,10908,2026-03-20,Automation,9,999
3982,10909,2025-09-04,Reporting,4,1677
3983,10909,2025-10-30,Integrations,3,1597
3984,10909,2025-09-10,Collaboration,9,1607
3985,10910,2025-03-11,Analytics,39,1490
3986,10910,2026-02-18,Analytics,43,502
3987,10910,2026-03-14,Analytics,34,1657
3988,10910,2025-12-03,Automation,34,1522
3989,10910,2025-11-23,Automation,24,890
3990,10910,2026-01-20,Analytics,24,1213
3991,10911,2026-07-12,Analytics,6,1227
3992,10911,2026-05-19,Integrations,5,1588
3993,10912,2025-08-25,Integrations,3,398
3994,10912,2025-05-21,Integrations,9,1506
3995,10912,2025-10-01,Automation,3,1384
3996,10912,2025-10-12,Collaboration,5,1118
3997,10912,2026-04-19,Reporting,5,1656
3998,10912,2025-11-04,Collaboration,2,1303
3999,10912,2025-11-29,Reporting,4,1603
4000,10912,2026-04-23,Automation,3,838
4001,10912,2025-05-26,Integrations,5,1451
4002,10913,2025-11-10,Analytics,11,75
4003,10913,2025-09-18,Automation,11,1570
4004,10913,2026-02-19,Collaboration,10,557
4005,10913,2026-06-04,Integrations,14,1553
4006,10913,2025-09-09,Reporting,14,1486
4007,10913,2025-12-04,Collaboration,15,166
4008,10913,2026-06-16,Analytics,13,508
4009,10915,2026-03-12,Reporting,50,344
4010,10915,2026-02-09,Collaboration,66,185
4011,10915,2026-01-23,Automation,62,188
4012,10915,2026-01-11,Analytics,55,1153
4013,10916,2026-08-26,Analytics,5,403
4014,10916,2026-07-20,Integrations,8,549
4015,10916,2026-06-18,Reporting,4,1395
4016,10916,2026-04-11,Automation,5,1093
4017,10916,2026-01-11,Collaboration,3,585
4018,10917,2026-08-10,Reporting,14,502
4019,10917,2026-02-25,Integrations,7,146
4020,10917,2026-02-08,Integrations,9,1258
4021,10919,2025-09-10,Reporting,10,1237
4022,10919,2025-11-17,Automation,8,1689
4023,10920,2026-04-08,Automation,13,937
4024,10920,2026-02-18,Automation,16,335
4025,10920,2026-03-26,Collaboration,9,1703
4026,10920,2026-04-18,Analytics,8,456
4027,10920,2026-03-17,Automation,15,58
4028,10921,2026-06-21,Integrations,6,764
4029,10921,2026-07-04,Automation,6,600
4030,10922,2026-07-15,Integrations,4,320
4031,10922,2026-05-25,Analytics,9,1053
4032,10922,2026-05-11,Reporting,12,1779
4033,10922,2026-06-22,Analytics,6,354
4034,10922,2025-12-21,Integrations,7,1494
4035,10923,2026-03-13,Reporting,53,506
4036,10923,2025-12-09,Reporting,47,1552
4037,10923,2026-05-19,Collaboration,49,640
4038,10923,2026-03-04,Reporting,34,723
4039,10923,2025-10-12,Analytics,49,356
4040,10923,2025-10-01,Automation,40,1067
4041,10923,2026-02-19,Analytics,42,1338
4042,10923,2026-03-21,Integrations,46,768
4043,10924,2026-02-24,Analytics,72,1760
4044,10924,2025-03-29,Analytics,45,939
4045,10924,2025-05-03,Collaboration,49,1486
4046,10924,2026-01-17,Integrations,53,477
4047,10924,2025-08-12,Collaboration,55,292
4048,10924,2025-12-31,Reporting,63,68
4049,10924,2026-01-09,Analytics,53,231
4050,10924,2025-10-12,Collaboration,51,874
4051,10925,2026-02-11,Integrations,12,332
4052,10925,2026-07-09,Analytics,9,1794
4053,10925,2025-06-25,Analytics,25,1143
4054,10925,2026-04-23,Automation,15,610
4055,10925,2025-09-07,Integrations,20,440
4056,10925,2025-08-30,Reporting,12,1066
4057,10925,2025-08-01,Integrations,16,978
4058,10925,2025-08-04,Reporting,19,83
4059,10925,2025-12-19,Integrations,6,623
4060,10925,2025-10-20,Reporting,14,405
4061,10925,2025-07-27,Collaboration,7,137
4062,10926,2026-07-27,Integrations,6,53
4063,10926,2026-08-14,Reporting,6,1176
4064,10927,2026-04-25,Integrations,6,1054
4065,10927,2026-03-16,Collaboration,2,1014
4066,10927,2026-03-25,Reporting,1,1644
4067,10927,2026-06-25,Integrations,3,187
4068,10927,2026-01-16,Analytics,4,1686
4069,10927,2026-05-21,Automation,7,370
4070,10927,2026-01-01,Integrations,4,938
4071,10927,2026-07-09,Analytics,3,1779
4072,10927,2026-06-18,Automation,4,338
4073,10927,2026-06-29,Reporting,1,755
4074,10928,2025-12-19,Integrations,11,117
4075,10928,2025-09-25,Reporting,11,608
4076,10928,2026-03-24,Reporting,6,647
4077,10929,2026-05-11,Reporting,8,1347
4078,10929,2025-12-26,Analytics,6,1319
4079,10929,2026-02-23,Integrations,3,1157
4080,10929,2025-11-12,Integrations,5,893
4081,10929,2026-02-28,Collaboration,2,1412
4082,10929,2026-06-26,Reporting,11,112
4083,10929,2026-03-29,Reporting,5,633
4084,10930,2026-06-23,Automation,4,989
4085,10930,2026-03-30,Reporting,3,307
4086,10930,2026-01-04,Collaboration,5,137
4087,10930,2026-06-26,Reporting,2,1129
4088,10930,2026-07-23,Integrations,8,1222
4089,10930,2026-08-01,Automation,1,711
4090,10931,2026-04-27,Reporting,6,1682
4091,10931,2026-07-06,Collaboration,4,781
4092,10931,2026-02-03,Integrations,5,398
4093,10931,2026-05-31,Automation,5,1316
4094,10932,2026-06-18,Collaboration,11,1696
4095,10932,2026-08-20,Analytics,9,392
4096,10932,2026-08-13,Integrations,15,1505
4097,10933,2025-07-27,Automation,9,851
4098,10933,2026-02-14,Analytics,5,1513
4099,10933,2026-02-21,Integrations,8,316
4100,10933,2025-09-01,Automation,13,1277
4101,10933,2025-08-31,Analytics,11,626
4102,10933,2025-07-06,Reporting,8,348
4103,10933,2026-04-21,Integrations,7,1329
4104,10933,2025-10-03,Reporting,9,794
4105,10933,2026-03-20,Automation,10,1336
4106,10933,2026-02-12,Reporting,6,379
4107,10935,2026-05-16,Analytics,5,1310
4108,10935,2026-03-10,Reporting,1,993
4109,10935,2026-01-19,Collaboration,5,349
4110,10935,2025-11-24,Reporting,1,652
4111,10935,2025-09-29,Reporting,6,1141
4112,10935,2026-02-13,Reporting,2,858
4113,10935,2026-05-30,Integrations,6,630
4114,10936,2026-08-07,Automation,9,581
4115,10937,2025-09-19,Collaboration,35,421
4116,10937,2025-08-14,Integrations,30,659
4117,10937,2025-09-28,Collaboration,37,790
4118,10937,2025-11-22,Collaboration,43,813
4119,10938,2026-04-22,Automation,61,1077
4120,10938,2026-05-06,Reporting,59,280
4121,10938,2025-12-11,Analytics,50,710
4122,10939,2026-06-11,Reporting,60,1662
4123,10939,2026-01-08,Collaboration,48,1721
4124,10939,2025-12-15,Analytics,44,1397
4125,10939,2026-01-20,Automation,50,1464
4126,10939,2026-04-03,Analytics,54,1740
4127,10939,2026-05-27,Automation,46,204
4128,10939,2025-12-31,Reporting,42,358
4129,10939,2026-01-07,Integrations,43,953
4130,10940,2026-06-09,Reporting,15,175
4131,10940,2026-08-17,Collaboration,26,1593
4132,10941,2026-04-17,Analytics,41,1320
4133,10942,2025-11-18,Collaboration,12,842
4134,10942,2026-07-26,Analytics,9,946
4135,10942,2026-05-12,Reporting,7,696
4136,10942,2026-01-01,Automation,9,625
4137,10942,2025-10-30,Automation,2,1005
4138,10942,2026-01-24,Reporting,7,1283
4139,10942,2026-01-18,Collaboration,6,1125
4140,10942,2025-11-30,Reporting,4,1775
4141,10943,2026-08-02,Analytics,4,225
4142,10944,2026-03-19,Collaboration,7,837
4143,10944,2026-08-01,Integrations,14,1495
4144,10944,2026-02-12,Automation,5,461
4145,10944,2026-06-19,Automation,8,241
4146,10944,2025-11-10,Collaboration,8,1715
4147,10944,2026-01-05,Integrations,9,1344
4148,10944,2026-06-26,Automation,8,1709
4149,10945,2026-01-28,Integrations,8,109
4150,10945,2026-03-11,Automation,8,1112
4151,10945,2026-05-04,Collaboration,9,1224
4152,10945,2026-03-23,Analytics,9,1765
4153,10945,2025-05-27,Reporting,8,983
4154,10945,2025-09-13,Collaboration,7,286
4155,10946,2026-03-06,Analytics,7,1413
4156,10946,2025-08-09,Reporting,15,900
4157,10946,2025-08-07,Integrations,10,335
4158,10946,2025-12-09,Collaboration,6,1580
4159,10946,2025-08-08,Collaboration,8,1217
4160,10946,2026-04-04,Collaboration,12,1412
4161,10946,2026-04-28,Integrations,9,1717
4162,10946,2026-02-07,Automation,6,127
4163,10948,2025-07-28,Integrations,33,1628
4164,10948,2026-04-05,Collaboration,30,1519
4165,10948,2026-04-22,Integrations,44,887
4166,10948,2025-09-16,Collaboration,32,1517
4167,10948,2026-02-19,Analytics,39,1421
4168,10948,2026-04-26,Collaboration,37,1464
4169,10948,2026-05-11,Integrations,49,611
4170,10949,2026-08-17,Automation,6,1755
4171,10950,2025-10-31,Analytics,7,1541
4172,10950,2026-03-16,Integrations,6,1388
4173,10950,2026-02-06,Collaboration,4,768
4174,10950,2025-09-20,Analytics,8,326
4175,10950,2026-05-23,Reporting,9,1345
4176,10950,2026-02-01,Reporting,2,1027
4177,10950,2025-10-31,Collaboration,9,1336
4178,10950,2026-03-03,Analytics,4,934
4179,10951,2025-08-05,Reporting,1,1417
4180,10951,2025-04-28,Reporting,2,411
4181,10951,2025-07-29,Integrations,4,409
4182,10951,2025-10-17,Automation,3,329
4183,10951,2025-08-14,Analytics,4,772
4184,10951,2025-09-12,Reporting,1,1411
4185,10952,2025-10-30,Collaboration,14,484
4186,10952,2025-11-19,Collaboration,21,1690
4187,10952,2025-12-20,Reporting,20,391
4188,10953,2026-05-07,Integrations,0,1179
4189,10953,2026-06-22,Automation,3,683
4190,10953,2026-08-24,Automation,6,988
4191,10953,2026-03-30,Reporting,1,1435
4192,10954,2025-10-04,Analytics,11,95
4193,10954,2026-03-29,Analytics,5,927
4194,10954,2026-07-26,Analytics,4,982
4195,10954,2026-04-30,Automation,7,515
4196,10954,2026-02-22,Integrations,9,564
4197,10954,2026-06-05,Analytics,8,1685
4198,10954,2026-05-16,Reporting,5,1761
4199,10954,2026-05-27,Integrations,8,699
4200,10954,2026-05-19,Collaboration,4,1493
4201,10955,2026-05-31,Analytics,3,132
4202,10955,2026-05-23,Collaboration,7,1204
4203,10955,2026-04-21,Integrations,12,552
4204,10955,2026-06-09,Collaboration,8,1483
4205,10955,2026-05-13,Analytics,3,1475
4206,10956,2026-01-04,Reporting,31,330
4207,10956,2026-01-31,Analytics,37,578
4208,10956,2026-02-06,Reporting,39,434
4209,10957,2025-10-04,Automation,26,381
4210,10957,2026-08-15,Automation,24,188
4211,10957,2025-12-09,Reporting,25,537
4212,10957,2025-10-18,Analytics,24,1473
4213,10958,2026-05-07,Automation,14,121
4214,10958,2026-06-09,Analytics,21,1648
4215,10958,2026-01-22,Integrations,14,504
4216,10958,2026-07-18,Integrations,18,175
4217,10958,2026-08-18,Integrations,20,1222
4218,10959,2026-08-12,Reporting,18,32
4219,10960,2025-09-23,Analytics,41,1470
4220,10960,2026-02-11,Collaboration,39,396
4221,10960,2026-04-23,Collaboration,36,914
4222,10960,2025-12-11,Integrations,26,316
4223,10960,2025-09-28,Reporting,37,370
4224,10960,2025-12-17,Collaboration,38,887
4225,10960,2025-09-28,Analytics,41,586
4226,10960,2026-05-27,Reporting,28,608
4227,10961,2025-04-18,Automation,114,1311
4228,10961,2026-05-23,Analytics,81,1141
4229,10961,2025-05-02,Analytics,112,787
4230,10961,2025-05-23,Analytics,84,1168
4231,10961,2026-01-08,Automation,81,797
4232,10962,2025-09-06,Integrations,18,1391
4233,10962,2026-07-31,Integrations,25,478
4234,10962,2025-12-16,Automation,9,1090
4235,10962,2026-07-10,Analytics,29,1504
4236,10962,2025-10-26,Integrations,32,942
4237,10962,2026-01-28,Analytics,37,1712
4238,10963,2026-05-23,Automation,21,510
4239,10964,2025-10-12,Automation,34,88
4240,10964,2025-07-10,Collaboration,32,52
4241,10964,2026-05-03,Collaboration,36,471
4242,10964,2026-01-13,Reporting,35,1752
4243,10964,2026-01-29,Analytics,44,1089
4244,10965,2026-08-13,Reporting,47,438
4245,10966,2026-02-06,Collaboration,9,151
4246,10966,2026-06-14,Reporting,6,878
4247,10966,2026-04-25,Reporting,6,409
4248,10966,2026-07-16,Integrations,5,283
4249,10967,2026-05-11,Integrations,3,1137
4250,10967,2026-01-13,Integrations,4,658
4251,10967,2026-07-03,Integrations,7,435
4252,10968,2025-10-05,Analytics,5,649
4253,10968,2026-07-31,Collaboration,1,1605
4254,10968,2025-08-05,Collaboration,3,93
4255,10968,2026-07-06,Integrations,4,85
4256,10968,2025-11-19,Automation,4,756
4257,10968,2026-07-10,Automation,4,1345
4258,10968,2026-08-06,Automation,2,206
4259,10968,2025-10-25,Reporting,4,135
4260,10968,2026-06-06,Integrations,2,886
4261,10969,2026-08-09,Collaboration,17,1336
4262,10969,2026-08-19,Automation,11,664
4263,10970,2026-01-18,Integrations,10,1490
4264,10970,2026-02-12,Reporting,17,1718
4265,10970,2025-12-16,Integrations,14,96
4266,10970,2025-12-30,Collaboration,11,432
4267,10970,2025-03-18,Reporting,15,506
4268,10970,2025-08-31,Integrations,14,918
4269,10970,2025-11-06,Collaboration,5,561
4270,10970,2026-02-06,Integrations,10,1176
4271,10970,2025-08-14,Reporting,5,601
4272,10971,2025-11-22,Analytics,6,1070
4273,10971,2025-11-10,Automation,10,1057
4274,10971,2026-07-12,Integrations,7,728
4275,10971,2026-06-27,Analytics,8,1257
4276,10971,2025-08-18,Analytics,6,1497
4277,10971,2025-10-10,Reporting,7,531
4278,10971,2026-02-19,Collaboration,3,462
4279,10971,2026-01-16,Reporting,7,428
4280,10971,2025-10-08,Reporting,8,739
4281,10971,2026-02-02,Collaboration,6,781
4282,10972,2026-05-21,Collaboration,29,927
4283,10972,2025-12-13,Integrations,36,555
4284,10972,2026-08-02,Analytics,34,448
4285,10972,2025-10-25,Integrations,38,908
4286,10972,2026-03-09,Reporting,34,287
4287,10972,2026-07-26,Analytics,31,115
4288,10972,2026-02-02,Integrations,27,78
4289,10973,2026-03-19,Collaboration,8,1374
4290,10973,2026-03-11,Reporting,15,301
4291,10973,2026-06-19,Integrations,5,574
4292,10973,2026-01-25,Automation,12,822
4293,10973,2026-03-15,Reporting,7,601
4294,10973,2026-05-04,Analytics,13,1595
4295,10973,2026-06-10,Automation,10,1278
4296,10974,2025-12-08,Integrations,25,1261
4297,10974,2025-12-15,Integrations,28,1592
4298,10974,2026-04-29,Reporting,23,1651
4299,10974,2026-06-20,Integrations,17,1730
4300,10974,2025-10-18,Reporting,25,1768
4301,10974,2026-02-07,Analytics,19,1028
4302,10975,2026-01-24,Analytics,1,40
4303,10975,2025-12-10,Automation,5,1766
4304,10975,2025-08-22,Reporting,8,266
4305,10975,2026-03-17,Collaboration,3,148
4306,10975,2026-03-07,Integrations,8,981
4307,10975,2026-03-28,Reporting,8,1783
4308,10975,2025-09-29,Reporting,4,1489
4309,10976,2026-04-22,Integrations,8,1551
4310,10976,2025-06-02,Integrations,8,524
4311,10976,2025-10-27,Analytics,14,1507
4312,10976,2026-01-25,Collaboration,6,812
4313,10976,2026-05-22,Integrations,14,240
4314,10977,2025-03-08,Automation,34,947
4315,10977,2025-03-19,Analytics,25,168
4316,10977,2025-03-08,Automation,37,953
4317,10977,2025-04-21,Integrations,27,1146
4318,10977,2026-04-17,Automation,21,503
4319,10977,2026-04-07,Integrations,30,1118
4320,10977,2025-12-03,Analytics,32,1332
4321,10977,2025-11-22,Reporting,28,42
4322,10978,2026-01-19,Collaboration,23,1169
4323,10978,2026-03-11,Reporting,28,720
4324,10978,2026-08-11,Collaboration,34,1079
4325,10978,2026-02-21,Analytics,34,1057
4326,10978,2026-04-21,Integrations,36,1039
4327,10979,2025-08-18,Analytics,84,1693
4328,10979,2025-10-22,Automation,89,1012
4329,10979,2025-11-03,Collaboration,83,1337
4330,10980,2026-07-27,Collaboration,22,1427
4331,10980,2026-02-19,Analytics,28,1384
4332,10980,2026-03-22,Automation,20,1620
4333,10981,2026-01-23,Collaboration,20,606
4334,10981,2026-01-11,Collaboration,31,1217
4335,10981,2026-04-21,Collaboration,27,617
4336,10981,2026-07-09,Analytics,37,819
4337,10981,2026-02-28,Reporting,38,369
4338,10981,2026-01-06,Collaboration,30,1160
4339,10981,2026-01-15,Integrations,29,1764
4340,10982,2026-07-14,Reporting,13,1096
4341,10982,2026-06-23,Integrations,8,1531
4342,10982,2026-03-08,Integrations,10,1237
4343,10983,2026-04-12,Collaboration,9,345
4344,10983,2026-05-16,Collaboration,13,703
4345,10983,2025-12-02,Collaboration,9,1637
4346,10983,2026-01-23,Automation,9,962
4347,10983,2026-06-24,Reporting,14,1033
4348,10984,2026-08-20,Reporting,1,1721
4349,10984,2026-04-16,Integrations,4,745
4350,10984,2026-04-18,Collaboration,4,975
4351,10984,2026-07-16,Analytics,5,543
4352,10984,2026-06-13,Analytics,2,586
4353,10984,2026-02-07,Collaboration,4,78
4354,10985,2026-07-31,Integrations,18,1068
4355,10986,2026-06-22,Analytics,21,1352
4356,10986,2026-06-11,Reporting,27,1684
4357,10986,2026-07-03,Reporting,26,1447
4358,10986,2026-05-28,Analytics,25,1332
4359,10986,2026-08-08,Automation,29,275
4360,10986,2026-07-24,Analytics,22,102
4361,10987,2026-04-22,Analytics,4,1646
4362,10987,2026-02-23,Reporting,8,829
4363,10987,2026-05-31,Integrations,5,1618
4364,10987,2026-05-30,Automation,8,1258
4365,10988,2025-09-17,Collaboration,31,277
4366,10988,2026-07-11,Collaboration,20,729
4367,10988,2025-08-05,Collaboration,22,57
4368,10988,2026-05-16,Collaboration,21,1542
4369,10988,2026-07-18,Automation,22,106
4370,10988,2025-09-08,Analytics,30,950
4371,10988,2025-08-27,Automation,15,224
4372,10988,2025-10-09,Reporting,17,838
4373,10989,2026-05-17,Automation,6,903
4374,10989,2025-09-23,Reporting,13,950
4375,10989,2025-12-27,Analytics,8,1569
4376,10989,2025-11-09,Analytics,12,759
4377,10989,2026-03-13,Automation,16,67
4378,10989,2026-07-20,Reporting,12,87
4379,10989,2026-04-04,Collaboration,13,617
4380,10989,2026-02-08,Reporting,7,1582
4381,10989,2025-10-24,Integrations,8,1264
4382,10989,2025-07-21,Analytics,12,494
4383,10989,2025-10-26,Reporting,10,1413
4384,10990,2026-08-18,Integrations,8,967
4385,10990,2026-04-20,Analytics,10,569
4386,10990,2026-05-19,Collaboration,4,1705
4387,10991,2026-08-07,Collaboration,5,1030
4388,10991,2026-05-20,Reporting,6,1117
4389,10991,2026-03-21,Reporting,5,1568
4390,10991,2025-08-16,Analytics,7,1331
4391,10992,2026-04-30,Analytics,5,1265
4392,10992,2026-01-15,Analytics,2,1077
4393,10992,2026-01-18,Analytics,5,972
4394,10992,2026-07-03,Automation,7,281
4395,10992,2026-06-04,Automation,8,855
4396,10992,2026-02-02,Integrations,10,1476
4397,10992,2026-05-04,Automation,9,722
4398,10993,2026-05-18,Collaboration,95,1190
4399,10993,2025-05-03,Automation,126,1481
4400,10993,2026-02-13,Automation,117,1683
4401,10993,2026-01-02,Integrations,116,560
4402,10993,2025-07-12,Automation,109,922
4403,10993,2026-01-05,Integrations,104,377
4404,10993,2025-11-30,Collaboration,113,451
4405,10993,2025-11-08,Automation,108,617
4406,10994,2026-05-22,Integrations,4,1710
4407,10994,2026-02-15,Reporting,8,245
4408,10994,2026-07-08,Collaboration,8,562
4409,10994,2026-01-21,Integrations,8,287
4410,10994,2026-02-01,Automation,1,424
4411,10994,2025-10-01,Integrations,4,1043
4412,10995,2025-12-08,Collaboration,40,112
4413,10995,2026-01-07,Collaboration,40,597
4414,10995,2025-12-05,Collaboration,35,750
4415,10995,2026-01-24,Reporting,42,1043
4416,10995,2026-04-27,Collaboration,31,484
4417,10995,2026-08-04,Automation,19,874
4418,10995,2025-11-17,Automation,36,1569
4419,10996,2026-08-21,Reporting,11,359
4420,10997,2026-06-17,Integrations,4,536
4421,10997,2025-12-19,Reporting,2,1095
4422,10998,2026-03-27,Analytics,7,47
4423,10998,2025-10-29,Analytics,4,1307
4424,10998,2026-03-10,Reporting,7,1027
4425,10998,2025-09-16,Analytics,6,757
4426,10998,2026-03-25,Reporting,5,984
4427,10998,2026-01-23,Reporting,3,617
4428,10998,2026-07-05,Analytics,6,1722
4429,10998,2025-09-16,Collaboration,12,94
4430,11000,2025-12-15,Automation,12,847
4431,11000,2025-12-08,Automation,11,1328
4432,11000,2025-12-07,Analytics,15,71
4433,11001,2026-08-07,Reporting,33,976
4434,11002,2026-06-25,Integrations,8,911
4435,11002,2026-06-19,Automation,9,1667
4436,11002,2026-05-31,Analytics,4,1181
4437,11003,2026-05-05,Integrations,27,1536
4438,11003,2026-07-30,Integrations,31,100
4439,11003,2026-07-01,Automation,23,1376
4440,11003,2026-06-04,Integrations,21,211
4441,11003,2026-07-15,Collaboration,20,347
4442,11003,2026-08-19,Collaboration,23,584
4443,11003,2026-03-02,Analytics,22,1632
4444,11004,2026-07-11,Collaboration,22,640
4445,11005,2026-01-06,Collaboration,8,1788
4446,11005,2026-01-31,Reporting,6,421
4447,11005,2025-08-02,Collaboration,5,1604
4448,11006,2026-07-22,Automation,8,1188
4449,11006,2026-07-18,Reporting,3,1071
4450,11006,2026-08-19,Collaboration,6,1539
4451,11007,2026-07-03,Reporting,119,1784
4452,11007,2026-07-31,Analytics,121,458
4453,11007,2026-08-12,Collaboration,122,71
4454,11008,2026-05-07,Automation,5,1626
4455,11008,2025-12-15,Integrations,6,937
4456,11008,2025-12-01,Integrations,6,393
4457,11008,2026-07-31,Collaboration,4,1638
4458,11008,2026-02-06,Integrations,2,1188
4459,11008,2025-12-14,Analytics,3,41
4460,11009,2026-06-12,Reporting,11,882
4461,11009,2026-04-12,Analytics,15,756
4462,11009,2026-04-14,Collaboration,11,848
4463,11010,2025-12-26,Collaboration,12,182
4464,11010,2026-07-21,Analytics,6,972
4465,11010,2026-06-07,Reporting,4,1344
4466,11010,2026-04-08,Reporting,7,374
4467,11010,2026-06-27,Reporting,9,851
4468,11011,2026-03-16,Analytics,12,611
4469,11011,2025-11-09,Collaboration,13,947
4470,11011,2025-08-26,Collaboration,9,629
4471,11011,2025-10-11,Automation,18,684
4472,11011,2025-10-03,Collaboration,14,1725
4473,11011,2026-01-16,Integrations,13,1135
4474,11011,2025-07-27,Reporting,13,985
4475,11011,2026-05-02,Analytics,11,1542
4476,11011,2025-09-25,Integrations,12,1470
4477,11011,2026-01-08,Integrations,8,1560
4478,11011,2026-07-10,Integrations,15,1758
4479,11012,2026-05-12,Automation,28,790
4480,11012,2026-06-23,Reporting,44,813
4481,11013,2026-07-14,Automation,49,1171
4482,11013,2026-06-12,Automation,41,776
4483,11013,2026-03-18,Integrations,39,1427
4484,11014,2026-04-13,Automation,6,301
4485,11014,2025-08-30,Analytics,7,696
4486,11014,2025-08-12,Analytics,11,1583
4487,11014,2026-04-07,Analytics,6,1478
4488,11014,2026-04-15,Analytics,14,334
4489,11014,2026-02-01,Analytics,9,1644
4490,11014,2026-01-25,Integrations,5,792
4491,11014,2026-01-19,Integrations,13,1319
4492,11014,2026-02-23,Integrations,5,837
4493,11014,2026-08-22,Integrations,6,1612
4494,11014,2025-10-20,Collaboration,10,550
4495,11015,2026-01-03,Automation,42,1769
4496,11015,2026-02-10,Reporting,47,1639
4497,11015,2026-07-26,Analytics,40,1086
4498,11017,2026-08-11,Analytics,3,322
4499,11017,2026-01-09,Analytics,5,496
4500,11017,2026-05-02,Automation,4,667
4501,11017,2026-06-25,Collaboration,6,395
4502,11017,2026-02-01,Collaboration,7,798
4503,11017,2026-04-23,Analytics,6,985
4504,11018,2026-04-12,Reporting,10,66
4505,11018,2026-04-08,Reporting,12,1703
4506,11018,2026-08-06,Reporting,19,604
4507,11018,2026-06-12,Reporting,13,734
4508,11018,2026-07-27,Automation,19,1689
4509,11018,2026-07-25,Integrations,14,1620
4510,11019,2025-05-04,Automation,217,1143
4511,11019,2025-02-19,Analytics,209,450
4512,11019,2025-02-16,Automation,251,1434
4513,11020,2025-11-11,Reporting,5,375
4514,11020,2026-03-15,Reporting,10,1363
4515,11020,2026-01-26,Automation,8,301
4516,11020,2025-09-12,Reporting,8,1215
4517,11020,2025-12-16,Analytics,8,316
4518,11020,2026-02-10,Analytics,5,525
4519,11020,2026-03-13,Analytics,8,1699
4520,11020,2025-08-11,Automation,8,1154
4521,11021,2025-03-16,Collaboration,3,1498
4522,11022,2025-05-11,Reporting,13,822
4523,11022,2025-11-13,Collaboration,14,534
4524,11022,2025-05-19,Integrations,18,545
4525,11024,2026-06-14,Reporting,7,1273
4526,11024,2026-07-18,Analytics,8,712
4527,11024,2026-07-20,Analytics,13,1172
4528,11024,2026-08-19,Collaboration,11,684
4529,11024,2026-05-31,Integrations,10,474
4530,11025,2026-07-25,Analytics,4,1337
4531,11026,2025-10-07,Collaboration,42,1743
4532,11026,2026-03-14,Analytics,25,1625
4533,11026,2025-04-06,Integrations,36,656
4534,11027,2025-05-15,Analytics,5,231
4535,11027,2026-01-30,Analytics,8,508
4536,11027,2025-07-13,Analytics,9,184
4537,11027,2025-07-16,Integrations,5,861
4538,11027,2026-03-29,Collaboration,7,501
4539,11027,2025-09-20,Integrations,2,1178
4540,11027,2025-11-02,Automation,13,1019
4541,11027,2025-04-07,Integrations,14,1227
4542,11027,2025-08-20,Analytics,14,941
4543,11027,2025-12-26,Analytics,10,1672
4544,11027,2025-03-29,Automation,10,333
4545,11028,2025-07-12,Analytics,10,1429
4546,11028,2025-11-18,Integrations,9,366
4547,11028,2026-01-10,Collaboration,4,211
4548,11028,2025-08-10,Automation,8,1238
4549,11028,2025-12-25,Reporting,7,831
4550,11028,2026-05-16,Automation,9,1318
4551,11028,2026-04-29,Collaboration,11,1531
4552,11028,2025-07-06,Analytics,6,962
4553,11028,2026-04-09,Automation,2,308
4554,11028,2026-01-24,Integrations,7,374
4555,11028,2025-12-08,Collaboration,6,843
4556,11029,2026-07-02,Integrations,13,907
4557,11029,2026-01-19,Integrations,10,1345
4558,11029,2026-03-22,Automation,7,673
4559,11029,2026-06-27,Integrations,9,1448
4560,11029,2026-05-06,Analytics,8,1044
4561,11030,2025-09-30,Analytics,5,212
4562,11030,2025-09-27,Automation,6,637
4563,11030,2025-11-23,Integrations,8,387
4564,11030,2026-03-21,Analytics,6,1436
4565,11030,2026-03-24,Analytics,9,738
4566,11030,2026-08-03,Collaboration,6,958
4567,11030,2026-03-25,Automation,10,1570
4568,11030,2025-12-12,Analytics,4,1502
4569,11031,2026-02-07,Reporting,13,1449
4570,11031,2026-02-25,Collaboration,2,1464
4571,11031,2026-03-31,Automation,14,71
4572,11031,2025-11-06,Automation,21,32
4573,11031,2026-06-04,Analytics,14,1290
4574,11031,2025-12-02,Analytics,12,74
4575,11032,2025-06-15,Collaboration,33,1676
4576,11032,2025-10-07,Collaboration,33,659
4577,11033,2026-08-23,Collaboration,18,1174
4578,11033,2026-05-14,Automation,11,1535
4579,11033,2026-08-05,Automation,17,1462
4580,11034,2025-11-28,Collaboration,28,1723
4581,11034,2025-11-24,Automation,24,1678
4582,11034,2026-08-22,Integrations,22,1211
4583,11034,2025-07-30,Analytics,32,776
4584,11034,2026-04-22,Analytics,24,1305
4585,11034,2025-07-26,Analytics,24,497
4586,11035,2025-04-12,Collaboration,79,1000
4587,11035,2025-04-25,Reporting,80,794
4588,11035,2025-03-02,Collaboration,89,716
4589,11036,2026-05-26,Analytics,3,1220
4590,11036,2026-08-15,Analytics,2,93
4591,11036,2026-07-15,Analytics,6,667
4592,11036,2026-04-04,Integrations,5,1126
4593,11038,2026-02-25,Collaboration,40,1374
4594,11038,2025-10-02,Analytics,45,989
4595,11038,2025-12-11,Reporting,47,1764
4596,11038,2025-05-08,Analytics,45,1242
4597,11038,2025-06-04,Automation,46,174
4598,11038,2025-12-26,Reporting,41,794
4599,11038,2026-02-07,Automation,47,559
4600,11038,2025-05-14,Reporting,46,886
4601,11039,2026-02-15,Automation,17,756
4602,11039,2026-08-04,Collaboration,10,1269
4603,11039,2025-12-25,Integrations,6,1185
4604,11039,2025-12-02,Analytics,9,787
4605,11039,2026-06-22,Reporting,9,62
4606,11040,2026-06-18,Integrations,16,904
4607,11041,2026-04-26,Integrations,24,743
4608,11041,2026-03-05,Analytics,38,854
4609,11041,2026-05-17,Collaboration,26,225
4610,11041,2026-05-16,Collaboration,31,612
4611,11041,2026-08-25,Automation,27,1553
4612,11041,2026-05-26,Integrations,36,327
4613,11042,2026-07-20,Collaboration,11,1527
4614,11042,2026-08-19,Automation,8,1395
4615,11043,2025-12-19,Collaboration,19,644
4616,11043,2025-12-11,Reporting,11,1102
4617,11043,2025-12-28,Integrations,12,270
4618,11043,2025-10-02,Analytics,12,1240
4619,11043,2025-11-05,Collaboration,15,1401
4620,11043,2025-11-02,Reporting,13,88
4621,11043,2025-11-17,Integrations,12,1565
4622,11044,2026-02-07,Collaboration,3,877
4623,11044,2026-02-03,Reporting,8,758
4624,11044,2026-05-16,Analytics,4,943
4625,11044,2025-11-11,Automation,8,210
4626,11044,2026-04-24,Automation,8,872
4627,11044,2026-05-16,Integrations,8,1195
4628,11044,2026-02-15,Reporting,7,161
4629,11044,2026-07-01,Reporting,5,579
4630,11045,2026-03-19,Collaboration,4,1770
4631,11045,2026-05-16,Collaboration,6,1536
4632,11045,2026-06-22,Collaboration,8,1266
4633,11046,2025-10-04,Integrations,15,1313
4634,11046,2026-03-30,Integrations,23,1314
4635,11046,2026-04-12,Collaboration,29,406
4636,11046,2026-03-02,Automation,27,469
4637,11046,2026-03-09,Analytics,34,1353
4638,11047,2025-12-26,Analytics,5,454
4639,11047,2026-01-12,Automation,8,1526
4640,11047,2025-10-04,Analytics,3,243
4641,11047,2026-03-06,Integrations,5,480
4642,11047,2025-12-15,Automation,3,150
4643,11047,2025-06-24,Automation,6,881
4644,11047,2025-11-07,Automation,5,665
4645,11047,2025-07-17,Analytics,2,1323
4646,11047,2026-02-08,Collaboration,4,1502
4647,11048,2026-01-10,Automation,22,1342
4648,11048,2026-08-15,Integrations,21,1289
4649,11048,2026-05-15,Collaboration,24,782
4650,11048,2025-12-28,Analytics,27,738
4651,11048,2026-04-30,Automation,21,1633
4652,11048,2026-03-01,Analytics,20,1013
4653,11048,2026-03-15,Collaboration,15,1617
4654,11049,2026-07-26,Automation,42,825
4655,11049,2026-02-14,Analytics,42,567
4656,11049,2026-07-26,Integrations,44,739
4657,11050,2026-03-20,Automation,65,381
4658,11050,2025-09-09,Collaboration,62,538
4659,11050,2025-04-25,Automation,62,1280
4660,11050,2025-07-02,Analytics,58,222
4661,11050,2026-03-30,Integrations,74,1694
4662,11050,2025-08-06,Reporting,73,1127
4663,11050,2026-01-07,Analytics,70,627
4664,11050,2025-07-02,Analytics,56,510
4665,11050,2025-08-29,Automation,78,1466
4666,11050,2025-09-19,Collaboration,69,105
4667,11050,2026-02-08,Collaboration,78,863
4668,11051,2026-05-04,Collaboration,5,771
4669,11051,2026-01-22,Automation,3,1509
4670,11051,2025-11-03,Integrations,4,717
4671,11051,2026-07-19,Integrations,1,925
4672,11051,2026-02-12,Integrations,7,1366
4673,11051,2026-01-24,Collaboration,1,1718
4674,11052,2026-02-22,Collaboration,4,1205
4675,11052,2026-06-29,Analytics,4,1223
4676,11052,2025-10-03,Integrations,5,253
4677,11052,2026-07-08,Automation,2,1378
4678,11052,2025-10-25,Analytics,2,1333
4679,11052,2026-07-21,Analytics,6,1095
4680,11052,2026-01-19,Collaboration,6,1513
4681,11052,2026-07-10,Reporting,4,1575
4682,11053,2026-05-03,Analytics,3,448
4683,11053,2025-12-21,Reporting,5,1128
4684,11053,2026-01-10,Analytics,1,860
4685,11054,2026-08-17,Analytics,2,461
4686,11055,2025-02-15,Reporting,76,1491
4687,11055,2025-12-10,Integrations,81,546
4688,11055,2025-08-14,Reporting,75,751
4689,11055,2025-04-05,Automation,79,1749
4690,11055,2026-03-03,Reporting,72,44
4691,11055,2025-03-13,Analytics,79,1323
4692,11055,2025-06-09,Integrations,84,1719
4693,11055,2025-07-08,Integrations,68,111
4694,11055,2025-09-09,Analytics,85,1308
4695,11057,2026-02-27,Integrations,4,95
4696,11057,2025-10-23,Reporting,2,1186
4697,11057,2025-12-11,Automation,1,222
4698,11057,2026-03-13,Integrations,3,1489
4699,11057,2026-08-15,Analytics,4,543
4700,11057,2026-06-09,Automation,7,222
4701,11057,2025-11-11,Automation,1,337
4702,11058,2026-06-15,Integrations,36,812
4703,11058,2026-08-23,Reporting,33,655
4704,11059,2025-12-29,Integrations,6,1116
4705,11059,2025-12-10,Reporting,4,1349
4706,11059,2026-05-02,Reporting,6,1479
4707,11059,2026-05-26,Analytics,7,651
4708,11059,2026-07-11,Analytics,5,114
4709,11060,2025-07-27,Reporting,4,623
4710,11060,2025-10-04,Collaboration,3,1530
4711,11060,2026-05-18,Collaboration,6,67
4712,11060,2026-04-08,Analytics,3,198
4713,11060,2026-01-16,Automation,3,1170
4714,11060,2025-10-05,Reporting,5,192
4715,11060,2026-01-21,Reporting,3,1760
4716,11060,2026-01-12,Analytics,2,253
4717,11060,2026-05-10,Integrations,3,93
4718,11061,2026-07-30,Collaboration,13,1082
4719,11062,2026-04-16,Automation,17,491
4720,11062,2026-05-02,Reporting,20,156
4721,11062,2026-04-23,Collaboration,25,341
4722,11063,2026-01-09,Analytics,39,225
4723,11063,2025-04-09,Automation,42,1625
4724,11063,2025-04-30,Collaboration,47,1143
4725,11063,2025-11-09,Automation,48,1093
4726,11063,2025-05-13,Integrations,39,1691
4727,11063,2026-02-03,Automation,43,1598
4728,11064,2026-03-19,Reporting,6,193
4729,11064,2026-08-23,Analytics,2,1325
4730,11064,2026-05-09,Automation,9,1501
4731,11065,2026-07-27,Collaboration,36,300
4732,11065,2026-06-13,Reporting,44,1264
4733,11065,2026-06-24,Automation,40,1485
4734,11065,2026-07-07,Collaboration,40,1787
4735,11066,2026-05-08,Automation,42,305
4736,11066,2026-05-24,Reporting,53,1510
4737,11066,2025-10-06,Reporting,39,1293
4738,11066,2025-11-06,Reporting,50,84
4739,11066,2026-04-28,Reporting,48,1005
4740,11066,2025-09-01,Integrations,45,254
4741,11066,2025-12-27,Reporting,48,1458
4742,11066,2026-07-25,Analytics,56,167
4743,11068,2026-06-13,Reporting,3,508
4744,11068,2026-07-09,Analytics,13,1532
4745,11068,2026-05-09,Integrations,3,372
4746,11068,2026-02-21,Integrations,4,1132
4747,11069,2025-11-23,Integrations,6,972
4748,11069,2026-04-27,Automation,5,620
4749,11069,2026-06-03,Collaboration,1,928
4750,11069,2025-08-24,Reporting,4,1114
4751,11069,2026-08-09,Integrations,3,200
4752,11069,2025-10-24,Automation,6,732
4753,11069,2025-08-28,Collaboration,10,369
4754,11069,2026-06-03,Collaboration,4,399
4755,11069,2025-11-07,Integrations,6,895
4756,11069,2026-01-07,Automation,8,428
4757,11070,2026-01-02,Analytics,77,1403
4758,11070,2025-09-26,Collaboration,66,334
4759,11070,2025-05-19,Reporting,79,988
4760,11070,2025-10-15,Integrations,57,1606
4761,11070,2026-01-27,Automation,73,115
4762,11071,2026-08-07,Analytics,17,1282
4763,11071,2026-08-03,Analytics,11,1479
4764,11072,2025-08-03,Analytics,6,252
4765,11072,2025-07-17,Integrations,14,1004
4766,11072,2026-04-11,Analytics,10,742
4767,11072,2025-06-24,Automation,5,1451
4768,11072,2026-04-28,Analytics,6,1727
4769,11072,2026-01-06,Collaboration,5,660
4770,11073,2026-05-06,Automation,87,1715
4771,11074,2026-04-22,Reporting,4,159
4772,11074,2026-03-04,Analytics,2,1164
4773,11074,2026-08-01,Reporting,4,476
4774,11074,2026-06-04,Automation,2,805
4775,11076,2025-09-28,Collaboration,53,839
4776,11076,2025-09-16,Analytics,51,1365
4777,11076,2025-09-13,Analytics,38,330
4778,11076,2026-02-18,Analytics,45,30
4779,11077,2026-05-14,Collaboration,8,352
4780,11077,2026-07-23,Reporting,15,1503
4781,11078,2026-02-20,Analytics,13,1573
4782,11078,2026-02-04,Integrations,19,1549
4783,11078,2025-09-11,Analytics,7,581
4784,11078,2025-07-09,Collaboration,13,519
4785,11078,2026-01-15,Collaboration,16,1365
4786,11078,2025-12-22,Collaboration,9,1710
4787,11078,2026-04-03,Reporting,20,752
4788,11078,2026-04-25,Analytics,17,1470
4789,11079,2025-11-21,Reporting,34,934
4790,11079,2026-06-15,Reporting,38,321
4791,11079,2025-11-07,Analytics,42,1568
4792,11079,2026-06-20,Integrations,44,1764
4793,11079,2025-11-29,Automation,38,928
4794,11080,2026-06-26,Collaboration,22,1154
4795,11080,2026-06-20,Reporting,18,890
4796,11080,2026-06-09,Integrations,18,205
4797,11083,2026-08-04,Analytics,33,1118
4798,11084,2026-03-13,Reporting,2,286
4799,11084,2026-01-31,Reporting,5,946
4800,11084,2026-05-06,Reporting,5,1629
4801,11085,2025-06-20,Integrations,8,536
4802,11085,2025-07-14,Collaboration,5,821
4803,11085,2025-06-23,Analytics,7,1087
4804,11085,2025-06-21,Reporting,13,1790
4805,11085,2025-05-16,Reporting,4,891
4806,11086,2026-05-23,Automation,9,1681
4807,11087,2026-07-02,Automation,21,1495
4808,11088,2026-08-20,Reporting,9,1601
4809,11089,2026-01-28,Reporting,16,1649
4810,11089,2026-05-06,Automation,14,219
4811,11090,2025-11-14,Analytics,3,527
4812,11090,2025-09-01,Integrations,3,1000
4813,11090,2025-05-04,Collaboration,6,1132
4814,11090,2026-05-03,Collaboration,4,273
4815,11090,2025-11-17,Integrations,3,571
4816,11090,2025-06-03,Analytics,2,161
4817,11090,2025-04-12,Collaboration,5,1458
4818,11090,2026-02-08,Automation,2,1095
4819,11091,2025-12-26,Integrations,25,751
4820,11091,2026-02-20,Collaboration,37,678
4821,11091,2026-07-04,Analytics,22,386
4822,11091,2025-11-14,Reporting,14,1467
4823,11091,2026-02-16,Automation,32,750
4824,11092,2026-07-27,Automation,48,1796
4825,11092,2025-11-27,Analytics,33,210
4826,11092,2025-11-22,Reporting,47,1703
4827,11092,2026-02-25,Collaboration,42,295
4828,11092,2025-10-14,Automation,45,1464
4829,11092,2025-12-28,Reporting,51,444
4830,11093,2026-08-10,Integrations,7,1054
4831,11093,2026-06-06,Collaboration,9,674
4832,11093,2026-05-31,Reporting,5,658
4833,11093,2026-06-13,Automation,8,1386
4834,11093,2026-08-10,Analytics,5,1074
4835,11094,2025-08-30,Collaboration,13,671
4836,11094,2025-10-31,Collaboration,15,534
4837,11095,2026-01-15,Collaboration,25,1525
4838,11095,2025-09-12,Integrations,31,381
4839,11095,2026-02-01,Collaboration,21,1396
4840,11095,2025-10-28,Integrations,12,1042
4841,11095,2026-03-02,Reporting,25,350
4842,11095,2026-05-02,Integrations,35,107
4843,11095,2025-09-06,Integrations,29,1210
4844,11095,2025-09-24,Collaboration,26,1749
4845,11095,2026-04-25,Analytics,22,645
4846,11095,2026-08-12,Collaboration,27,533
4847,11096,2026-02-03,Reporting,22,1727
4848,11096,2025-10-18,Collaboration,18,268
4849,11096,2026-04-06,Collaboration,28,630
4850,11096,2026-02-24,Automation,31,251
4851,11096,2025-03-07,Analytics,33,159
4852,11097,2026-08-25,Reporting,7,744
4853,11097,2026-06-17,Integrations,9,649
4854,11098,2026-06-22,Integrations,21,911
4855,11098,2026-06-18,Automation,30,301
4856,11099,2025-11-07,Collaboration,165,1475
4857,11099,2025-11-15,Automation,149,299
4858,11099,2025-08-19,Reporting,168,1647
4859,11099,2025-06-02,Reporting,140,487
4860,11099,2025-04-07,Automation,168,1211
4861,11100,2025-11-25,Integrations,20,263
4862,11100,2026-04-28,Analytics,16,1215
4863,11100,2026-04-18,Reporting,16,1473
4864,11100,2026-05-27,Analytics,18,462
4865,11100,2026-03-25,Integrations,16,482
4866,11100,2026-07-12,Integrations,18,1740
4867,11100,2025-09-21,Reporting,24,802
4868,11100,2026-02-19,Integrations,14,547
4869,11101,2026-02-14,Reporting,48,1527
4870,11101,2026-03-19,Integrations,37,1094
4871,11101,2025-12-07,Collaboration,45,1505
4872,11101,2026-07-23,Integrations,30,1210
4873,11101,2026-03-09,Collaboration,42,427
4874,11101,2026-08-06,Automation,45,913
4875,11101,2025-10-25,Integrations,48,1230
4876,11101,2026-05-12,Reporting,43,249
4877,11102,2026-03-20,Collaboration,73,302
4878,11102,2026-05-09,Integrations,88,635
4879,11102,2026-01-12,Automation,84,279
4880,11102,2026-07-26,Integrations,70,81
4881,11102,2026-05-21,Collaboration,78,967
4882,11102,2025-11-04,Collaboration,91,160
4883,11104,2025-10-23,Automation,8,1763
4884,11104,2026-03-05,Automation,9,1699
4885,11104,2025-09-20,Reporting,16,951
4886,11104,2025-07-03,Collaboration,9,1044
4887,11104,2026-03-06,Integrations,12,1158
4888,11104,2025-12-16,Integrations,11,1250
4889,11104,2025-06-02,Analytics,8,1240
4890,11104,2025-04-15,Reporting,8,1269
4891,11104,2025-08-04,Reporting,16,617
4892,11104,2025-05-23,Integrations,8,749
4893,11105,2025-09-17,Reporting,19,653
4894,11105,2025-10-07,Analytics,24,1018
4895,11105,2025-08-04,Automation,27,1498
4896,11105,2026-07-29,Reporting,20,631
4897,11105,2025-11-03,Analytics,17,143
4898,11105,2026-08-09,Analytics,18,1653
4899,11105,2026-01-02,Automation,20,186
4900,11105,2026-03-23,Reporting,30,1565
4901,11105,2026-06-23,Collaboration,20,944
4902,11105,2025-08-05,Automation,20,572
4903,11106,2025-05-10,Automation,72,472
4904,11106,2026-04-21,Automation,62,1196
4905,11106,2025-12-24,Automation,59,1324
4906,11106,2025-07-14,Automation,68,483
4907,11106,2025-10-12,Collaboration,66,687
4908,11106,2025-05-25,Reporting,60,647
4909,11107,2025-11-27,Reporting,10,812
4910,11107,2026-07-13,Analytics,27,1243
4911,11107,2026-01-20,Analytics,18,1648
4912,11107,2025-11-01,Integrations,21,1169
4913,11107,2025-12-12,Collaboration,12,412
4914,11107,2025-08-12,Collaboration,13,1466
4915,11107,2025-07-18,Analytics,20,1580
4916,11110,2025-06-19,Collaboration,7,1095
4917,11110,2025-02-14,Collaboration,6,1388
4918,11110,2025-02-04,Integrations,8,1038
4919,11110,2026-02-16,Analytics,7,381
4920,11110,2025-04-16,Integrations,5,218
4921,11110,2026-01-02,Reporting,8,328
4922,11111,2026-07-21,Reporting,66,430
4923,11111,2026-08-01,Integrations,61,1740
4924,11111,2026-03-14,Reporting,67,127
4925,11111,2026-08-13,Collaboration,69,1018
4926,11111,2026-06-06,Automation,63,1061
4927,11111,2026-02-08,Integrations,58,868
4928,11112,2026-02-21,Integrations,9,1326
4929,11112,2025-08-21,Reporting,4,1017
4930,11112,2025-10-19,Collaboration,3,916
4931,11112,2026-05-27,Automation,2,1538
4932,11112,2026-04-17,Automation,7,1323
4933,11112,2026-02-01,Analytics,8,1284
4934,11113,2025-08-17,Integrations,138,1453
4935,11113,2026-06-12,Automation,111,816
4936,11113,2026-03-19,Automation,119,1786
4937,11113,2025-05-10,Integrations,109,1221
4938,11113,2025-10-16,Collaboration,123,1330
4939,11114,2025-10-30,Automation,15,1100
4940,11114,2025-12-22,Reporting,23,690
4941,11114,2025-07-05,Automation,16,263
4942,11114,2026-08-16,Collaboration,18,277
4943,11114,2026-02-14,Reporting,14,928
4944,11115,2025-07-08,Automation,2,1573
4945,11115,2025-06-04,Automation,1,1061
4946,11115,2025-12-16,Integrations,4,834
4947,11115,2025-06-23,Integrations,1,1396
4948,11115,2026-06-20,Collaboration,4,1177
4949,11115,2026-02-08,Reporting,3,478
4950,11116,2026-08-22,Analytics,23,153
4951,11117,2026-08-21,Analytics,1,1579
4952,11118,2026-08-25,Automation,11,706
4953,11118,2026-02-17,Collaboration,15,359
4954,11118,2026-08-02,Analytics,12,510
4955,11118,2025-12-18,Reporting,17,1222
4956,11118,2026-07-26,Reporting,12,783
4957,11118,2026-08-16,Integrations,19,46
4958,11119,2026-07-06,Automation,7,1263
4959,11119,2026-07-14,Collaboration,6,1287
4960,11119,2026-06-23,Reporting,8,729
4961,11119,2026-05-11,Reporting,10,507
4962,11119,2026-06-12,Automation,6,903
4963,11120,2026-03-07,Reporting,17,708
4964,11120,2026-03-29,Integrations,18,747
4965,11120,2026-01-28,Automation,23,445
4966,11121,2025-03-23,Reporting,8,578
4967,11121,2025-12-16,Automation,4,1361
4968,11121,2025-08-11,Reporting,4,174
4969,11121,2025-05-02,Analytics,5,1354
4970,11121,2025-08-19,Integrations,2,618
4971,11121,2026-01-18,Automation,4,1268
4972,11121,2025-03-10,Automation,4,1067
4973,11121,2025-01-10,Reporting,5,292
4974,11121,2025-11-12,Integrations,5,1557
4975,11121,2025-02-20,Integrations,6,1582
4976,11121,2025-06-10,Automation,4,1617
4977,11122,2025-07-23,Collaboration,5,1430
4978,11122,2025-05-24,Automation,4,525
4979,11122,2025-08-11,Integrations,4,431
4980,11122,2025-05-30,Integrations,6,799
4981,11122,2025-02-26,Automation,6,577
4982,11122,2025-08-09,Reporting,1,692
4983,11122,2025-11-17,Integrations,6,1236
4984,11122,2025-11-08,Analytics,3,76
4985,11122,2025-03-17,Collaboration,7,1779
4986,11122,2025-04-27,Analytics,3,664
4987,11122,2025-05-05,Collaboration,5,1229
4988,11123,2025-11-21,Integrations,29,1357
4989,11123,2026-05-21,Reporting,21,648
4990,11123,2025-09-17,Integrations,21,1726
4991,11123,2025-10-28,Analytics,24,1247
4992,11123,2025-06-19,Reporting,25,424
4993,11123,2026-03-21,Integrations,16,931
4994,11123,2025-10-15,Integrations,17,1694
4995,11123,2025-06-22,Reporting,16,505
4996,11123,2025-10-12,Automation,13,1211
4997,11124,2026-02-24,Automation,19,1103
4998,11124,2025-10-13,Analytics,18,591
4999,11124,2026-07-05,Analytics,19,227
5000,11126,2026-06-02,Automation,8,1592
5001,11126,2026-07-27,Analytics,11,1489
5002,11127,2026-06-27,Automation,13,1431
5003,11128,2026-03-29,Automation,28,382
5004,11128,2026-04-02,Automation,33,227
5005,11129,2026-06-29,Automation,5,370
5006,11129,2026-04-19,Integrations,7,1292
5007,11129,2026-02-24,Collaboration,7,301
5008,11130,2026-07-12,Automation,12,736
5009,11131,2025-10-27,Integrations,92,799
5010,11131,2025-09-14,Integrations,100,127
5011,11131,2026-01-15,Reporting,91,389
5012,11131,2026-02-02,Automation,96,563
5013,11131,2025-10-16,Reporting,86,1280
5014,11131,2026-03-04,Analytics,90,1282
5015,11132,2026-04-30,Integrations,8,1113
5016,11133,2026-04-24,Automation,27,640
5017,11134,2026-05-29,Automation,2,82
5018,11135,2026-03-19,Collaboration,46,1594
5019,11135,2026-01-22,Automation,24,1149
5020,11135,2026-04-27,Integrations,36,56
5021,11135,2026-02-07,Analytics,45,585
5022,11135,2026-06-07,Automation,33,351
5023,11135,2026-08-12,Automation,48,1086
5024,11136,2025-03-06,Analytics,34,1588
5025,11136,2025-12-23,Integrations,35,1588
5026,11136,2026-02-26,Integrations,39,646
5027,11136,2025-09-24,Reporting,32,95
5028,11136,2025-08-08,Analytics,39,175
5029,11136,2025-02-21,Reporting,23,406
5030,11136,2026-02-14,Automation,32,89
5031,11136,2026-03-15,Analytics,22,1567
5032,11136,2025-03-02,Reporting,37,1351
5033,11136,2025-11-13,Reporting,35,1228
5034,11137,2026-04-07,Analytics,28,1044
5035,11137,2026-03-20,Integrations,27,410
5036,11137,2026-08-08,Reporting,29,658
5037,11137,2026-08-09,Collaboration,25,1319
5038,11138,2025-12-05,Reporting,7,1759
5039,11138,2026-08-08,Reporting,5,376
5040,11138,2025-11-07,Integrations,4,999
5041,11138,2025-10-15,Integrations,5,901
5042,11138,2026-02-23,Collaboration,3,67
5043,11139,2026-04-20,Integrations,6,615
5044,11139,2026-06-15,Integrations,13,422
5045,11139,2026-07-17,Integrations,14,1199
5046,11140,2026-01-21,Reporting,46,211
5047,11140,2026-05-07,Reporting,51,1573
5048,11140,2026-06-26,Analytics,47,1296
5049,11141,2026-08-19,Reporting,7,1322
5050,11141,2026-08-16,Reporting,5,584
5051,11142,2026-02-12,Analytics,4,188
5052,11142,2026-05-01,Automation,4,102
5053,11142,2026-07-15,Reporting,2,965
5054,11142,2025-12-17,Automation,5,586
5055,11142,2026-05-29,Analytics,4,326
5056,11142,2025-09-27,Analytics,2,1037
5057,11142,2026-01-21,Integrations,3,540
5058,11142,2025-11-16,Reporting,7,956
5059,11142,2026-05-19,Analytics,2,1471
5060,11143,2026-08-18,Integrations,8,177
5061,11143,2026-07-29,Reporting,8,1691
5062,11144,2026-07-07,Reporting,80,1073
5063,11144,2026-08-13,Analytics,75,1462
5064,11144,2026-06-17,Automation,73,1454
5065,11145,2025-12-04,Collaboration,16,958
5066,11145,2025-12-17,Automation,14,722
5067,11145,2025-08-09,Analytics,10,245
5068,11145,2026-08-11,Collaboration,14,469
5069,11145,2025-11-19,Analytics,10,1425
5070,11146,2025-12-16,Automation,20,613
5071,11146,2025-10-18,Analytics,17,1516
5072,11146,2025-12-11,Reporting,20,1669
5073,11147,2026-06-20,Integrations,29,518
5074,11147,2026-08-17,Reporting,36,40
5075,11147,2025-11-23,Integrations,37,376
5076,11147,2026-06-02,Automation,33,454
5077,11147,2026-08-16,Collaboration,31,1026
5078,11147,2025-12-29,Automation,23,576
5079,11147,2026-06-27,Automation,31,898
5080,11148,2026-07-28,Collaboration,16,1341
5081,11148,2026-06-23,Integrations,18,1703
5082,11148,2026-06-04,Collaboration,16,553
5083,11148,2026-05-11,Automation,23,1730
5084,11148,2026-04-25,Reporting,23,633
5085,11149,2026-04-02,Integrations,17,1291
5086,11149,2026-06-23,Integrations,22,491
5087,11149,2026-05-01,Reporting,13,1423
5088,11149,2026-05-30,Automation,12,1617
5089,11149,2026-03-10,Analytics,13,745
5090,11150,2026-07-12,Reporting,22,1583
5091,11151,2025-11-11,Collaboration,16,680
5092,11151,2026-01-02,Integrations,17,1032
5093,11151,2025-11-12,Reporting,16,1100
5094,11151,2025-12-29,Reporting,23,1636
5095,11152,2026-07-22,Automation,3,668
5096,11152,2025-12-10,Reporting,4,1283
5097,11152,2026-03-20,Reporting,7,1444
5098,11153,2026-08-16,Integrations,34,114
5099,11153,2025-09-20,Integrations,42,1406
5100,11153,2026-01-08,Automation,28,567
5101,11153,2026-03-22,Reporting,42,1405
5102,11153,2026-07-15,Collaboration,44,1437
5103,11153,2025-10-14,Collaboration,39,389
5104,11153,2026-05-29,Reporting,46,1291
5105,11153,2025-12-30,Reporting,36,447
5106,11153,2026-04-16,Collaboration,47,39
5107,11153,2025-10-21,Integrations,46,1486
5108,11154,2026-08-13,Integrations,40,999
5109,11155,2026-02-20,Collaboration,16,1094
5110,11155,2025-09-28,Reporting,11,31
5111,11155,2026-05-25,Integrations,14,1589
5112,11155,2025-10-02,Collaboration,9,1266
5113,11155,2026-01-04,Automation,10,222
5114,11155,2025-12-20,Analytics,20,353
5115,11155,2025-08-28,Integrations,10,948
5116,11155,2026-01-20,Analytics,15,1326
5117,11155,2025-09-02,Analytics,13,1658
5118,11155,2025-07-07,Collaboration,10,1590
5119,11156,2026-05-04,Integrations,18,1699
5120,11156,2025-12-30,Analytics,16,76
5121,11157,2026-05-02,Integrations,1,1130
5122,11157,2026-03-17,Collaboration,3,676
5123,11157,2025-05-15,Collaboration,4,708
5124,11158,2026-07-26,Analytics,111,269
5125,11158,2026-05-26,Integrations,92,935
5126,11158,2026-06-23,Analytics,91,559
5127,11158,2026-07-15,Integrations,113,846
5128,11159,2025-12-04,Integrations,73,179
5129,11159,2025-11-06,Integrations,79,1337
5130,11160,2026-06-08,Reporting,73,435
5131,11160,2026-01-29,Automation,66,1581
5132,11160,2025-10-29,Collaboration,69,1008
5133,11161,2026-04-22,Integrations,8,547
5134,11161,2026-01-18,Reporting,8,837
5135,11161,2026-01-23,Collaboration,17,587
5136,11161,2026-05-12,Automation,10,718
5137,11162,2026-06-13,Collaboration,2,544
5138,11162,2026-05-12,Reporting,8,893
5139,11162,2026-04-27,Analytics,6,135
5140,11162,2025-11-10,Automation,5,925
5141,11162,2026-04-02,Reporting,6,64
5142,11164,2026-02-10,Analytics,3,706
5143,11164,2026-03-12,Integrations,4,1749
5144,11164,2026-07-19,Automation,5,596
5145,11164,2026-02-28,Collaboration,3,528
5146,11164,2026-03-03,Reporting,1,1429
5147,11164,2026-02-20,Collaboration,7,621
5148,11164,2026-07-27,Analytics,5,1720
5149,11165,2026-08-02,Analytics,13,131
5150,11165,2026-08-17,Integrations,3,285
5151,11166,2025-08-16,Integrations,3,598
5152,11166,2025-07-06,Collaboration,3,1551
5153,11166,2026-02-09,Reporting,5,274
5154,11166,2025-10-20,Analytics,5,92
5155,11166,2026-01-17,Automation,6,258
5156,11166,2025-08-12,Collaboration,4,851
5157,11166,2025-12-12,Collaboration,4,1753
5158,11166,2026-03-22,Automation,5,1137
5159,11166,2025-05-02,Reporting,3,430
5160,11167,2025-11-15,Integrations,86,1051
5161,11167,2025-01-19,Collaboration,74,499
5162,11167,2025-10-09,Collaboration,99,1752
5163,11168,2026-07-16,Reporting,7,690
5164,11168,2026-08-20,Integrations,3,249
5165,11168,2025-11-10,Analytics,3,1536
5166,11168,2026-04-22,Reporting,7,1591
5167,11168,2025-12-03,Reporting,5,492
5168,11168,2026-08-01,Integrations,2,335
5169,11168,2025-10-04,Automation,6,1640
5170,11168,2026-05-09,Analytics,7,1703
5171,11168,2025-10-04,Integrations,3,1431
5172,11168,2025-10-28,Automation,2,1762
5173,11171,2026-02-11,Analytics,17,526
5174,11171,2026-06-19,Integrations,19,1465
5175,11171,2026-01-23,Analytics,22,86
5176,11171,2026-05-06,Automation,19,1648
5177,11171,2026-05-29,Collaboration,13,584
5178,11173,2025-09-10,Collaboration,15,722
5179,11173,2026-06-09,Reporting,13,784
5180,11173,2025-10-06,Collaboration,18,1635
5181,11174,2026-04-13,Reporting,33,538
5182,11174,2026-02-22,Integrations,23,1283
5183,11174,2026-02-18,Automation,21,1462
5184,11174,2025-10-13,Collaboration,21,722
5185,11174,2025-08-30,Reporting,29,236
5186,11174,2025-11-10,Reporting,26,289
5187,11174,2025-07-15,Analytics,23,1640
5188,11174,2025-06-24,Automation,31,1092
5189,11174,2026-05-30,Automation,32,1153
5190,11176,2026-05-13,Collaboration,27,120
5191,11176,2026-06-12,Automation,22,1394
5192,11176,2026-05-17,Integrations,28,1360
5193,11176,2025-11-30,Reporting,34,1644
5194,11176,2026-03-15,Analytics,30,1464
5195,11176,2025-12-05,Collaboration,23,1370
5196,11176,2026-04-20,Automation,24,1228
5197,11176,2026-08-06,Collaboration,17,89
5198,11176,2026-06-23,Analytics,32,431
5199,11176,2026-01-25,Automation,20,810
5200,11177,2025-10-03,Collaboration,30,1453
5201,11177,2025-08-09,Collaboration,27,1682
5202,11177,2025-12-23,Collaboration,20,1161
5203,11177,2026-02-27,Automation,14,1747
5204,11177,2025-12-19,Reporting,25,196
5205,11177,2025-12-08,Reporting,26,1100
5206,11177,2025-11-19,Analytics,20,884
5207,11177,2026-04-30,Reporting,22,571
5208,11179,2025-11-06,Reporting,8,530
5209,11179,2025-08-21,Automation,3,647
5210,11179,2025-10-27,Collaboration,3,580
5211,11179,2025-06-07,Integrations,3,247
5212,11179,2025-08-01,Reporting,7,1113
5213,11179,2026-05-02,Integrations,3,775
5214,11179,2026-02-21,Reporting,1,424
5215,11179,2025-06-17,Analytics,4,562
5216,11180,2025-11-05,Automation,10,325
5217,11180,2025-03-21,Integrations,7,464
5218,11180,2026-01-24,Automation,6,1669
5219,11180,2026-01-20,Integrations,8,614
5220,11180,2025-01-30,Automation,4,1442
5221,11180,2025-11-10,Collaboration,7,743
5222,11180,2025-12-16,Automation,12,485
5223,11180,2025-05-11,Automation,7,811
5224,11180,2025-02-05,Integrations,8,1047
5225,11180,2025-05-01,Reporting,9,612
5226,11180,2025-10-27,Analytics,6,775
5227,11181,2026-03-13,Integrations,15,559
5228,11182,2026-08-13,Analytics,32,514
5229,11182,2026-07-26,Reporting,34,313
5230,11182,2026-07-29,Automation,31,221
5231,11183,2026-05-05,Analytics,6,932
5232,11183,2026-06-14,Collaboration,1,80
5233,11183,2026-07-03,Analytics,1,1736
5234,11184,2026-01-22,Reporting,14,1427
5235,11184,2025-11-10,Collaboration,10,1259
5236,11184,2025-11-04,Collaboration,10,669
5237,11184,2026-02-09,Automation,13,565
5238,11184,2026-03-12,Analytics,13,1006
5239,11184,2026-05-19,Analytics,6,1411
5240,11184,2025-11-28,Collaboration,13,1534
5241,11184,2026-06-24,Integrations,12,1711
5242,11184,2026-05-28,Reporting,9,1276
5243,11185,2025-09-23,Automation,5,919
5244,11185,2025-12-11,Automation,9,1486
5245,11185,2026-08-10,Automation,8,1328
5246,11185,2025-10-07,Integrations,9,1505
5247,11185,2026-06-16,Analytics,12,765
5248,11185,2026-01-16,Integrations,11,295
5249,11185,2026-06-28,Analytics,8,725
5250,11185,2025-12-11,Analytics,10,1734
5251,11185,2026-07-15,Collaboration,12,813
5252,11185,2025-12-05,Reporting,14,353
5253,11186,2025-09-18,Automation,31,560
5254,11186,2026-07-13,Analytics,47,774
5255,11186,2026-03-03,Integrations,34,796
5256,11186,2026-03-14,Reporting,37,479
5257,11186,2026-03-31,Integrations,27,1387
5258,11186,2025-11-03,Automation,35,1350
5259,11186,2026-03-19,Automation,28,978
5260,11186,2026-05-02,Automation,37,451
5261,11187,2026-03-15,Collaboration,6,180
5262,11187,2025-12-27,Integrations,7,1504
5263,11187,2026-01-28,Analytics,3,1781
5264,11187,2025-08-04,Reporting,6,917
5265,11188,2026-05-23,Automation,13,1375
5266,11188,2026-03-18,Integrations,14,673
5267,11188,2026-01-26,Analytics,12,1523
5268,11189,2026-05-25,Integrations,36,1516
5269,11189,2026-06-24,Analytics,30,674
5270,11189,2025-12-26,Automation,45,654
5271,11189,2026-02-22,Integrations,36,296
5272,11190,2025-05-25,Reporting,8,548
5273,11190,2025-07-28,Analytics,11,87
5274,11190,2025-12-06,Reporting,5,688
5275,11190,2026-01-26,Automation,9,188
5276,11190,2025-03-03,Integrations,11,317
5277,11190,2025-06-07,Integrations,7,1422
5278,11190,2025-01-30,Integrations,2,1698
5279,11190,2025-06-01,Reporting,14,943
5280,11191,2025-09-24,Analytics,38,1240
5281,11191,2026-02-02,Integrations,35,290
5282,11191,2026-08-16,Reporting,41,561
5283,11191,2026-01-05,Integrations,36,1470
5284,11191,2025-11-12,Analytics,39,136
5285,11191,2025-11-24,Collaboration,45,1065
5286,11192,2025-07-26,Analytics,9,1139
5287,11192,2025-11-24,Analytics,4,1634
5288,11192,2026-05-27,Automation,4,196
5289,11192,2026-04-03,Collaboration,11,1013
5290,11193,2025-10-12,Integrations,7,1263
5291,11193,2025-05-29,Integrations,10,771
5292,11193,2025-05-18,Analytics,18,525
5293,11193,2025-11-01,Analytics,7,397
5294,11193,2025-06-20,Collaboration,16,141
5295,11193,2025-12-15,Analytics,9,403
5296,11193,2025-07-10,Automation,6,743
5297,11193,2026-01-07,Automation,7,1243
5298,11193,2025-10-29,Reporting,12,922
5299,11194,2026-05-11,Analytics,12,428
5300,11194,2026-08-23,Reporting,17,1760
5301,11195,2026-04-10,Automation,49,1326
5302,11195,2025-12-12,Automation,49,679
5303,11195,2026-05-23,Automation,43,1229
5304,11196,2026-05-15,Integrations,5,1202
5305,11196,2026-08-12,Automation,8,1157
5306,11196,2026-08-21,Automation,0,1594
5307,11196,2026-04-17,Collaboration,5,82
5308,11196,2026-02-03,Analytics,6,159
5309,11197,2026-05-28,Analytics,6,1579
5310,11197,2026-05-26,Integrations,3,795
5311,11197,2026-08-05,Reporting,4,1387
5312,11197,2026-05-13,Reporting,10,1539
5313,11197,2026-08-21,Analytics,4,1483
5314,11199,2026-07-22,Analytics,11,88
5315,11199,2026-07-30,Reporting,20,815
5316,11200,2026-07-04,Collaboration,12,1485
5317,11200,2026-06-14,Automation,25,1512
5318,11200,2026-07-04,Collaboration,23,1744
5319,11200,2026-06-08,Automation,19,1119
5320,11200,2026-02-11,Collaboration,17,1295
