month,account_id,plan,seats,mrr
2025-02-01,10001,Pro,18,3582.0
2025-03-01,10001,Pro,18,3582.0
2025-04-01,10001,Pro,19,3781.0
2025-05-01,10001,Pro,19,3781.0
2025-06-01,10001,Pro,19,3781.0
2025-07-01,10001,Pro,19,3781.0
2025-08-01,10001,Pro,20,3980.0
2025-09-01,10001,Pro,20,3980.0
2025-10-01,10001,Pro,20,3980.0
2025-11-01,10001,Pro,20,3980.0
2025-12-01,10001,Pro,21,4179.0
2026-04-01,10002,Business,13,6487.0
2026-05-01,10002,Business,13,6487.0
2026-06-01,10002,Business,13,6487.0
2026-07-01,10002,Business,14,6986.0
2026-08-01,10002,Business,14,6986.0
2026-01-01,10003,Business,18,8982.0
2026-02-01,10003,Business,18,8982.0
2026-03-01,10003,Business,19,9481.0
2026-04-01,10003,Business,19,9481.0
2026-05-01,10003,Business,19,9481.0
2026-06-01,10003,Business,19,9481.0
2026-07-01,10003,Business,20,9980.0
2026-08-01,10003,Business,20,9980.0
2025-09-01,10004,Pro,5,995.0
2025-10-01,10004,Pro,5,995.0
2025-11-01,10004,Pro,5,995.0
2025-12-01,10004,Pro,5,995.0
2026-01-01,10004,Pro,5,995.0
2026-02-01,10004,Pro,5,995.0
2026-03-01,10004,Pro,5,995.0
2026-04-01,10004,Pro,6,1194.0
2026-05-01,10004,Pro,6,1194.0
2026-06-01,10004,Pro,6,1194.0
2026-07-01,10004,Pro,6,1194.0
2026-08-01,10004,Pro,6,1194.0
2025-09-01,10005,Enterprise,34,44166.0
2025-10-01,10005,Enterprise,35,45464.99999999999
2025-11-01,10005,Enterprise,35,45464.99999999999
2025-12-01,10005,Enterprise,36,46764.0
2026-01-01,10005,Enterprise,36,46764.0
2026-02-01,10005,Enterprise,37,48062.99999999999
2026-03-01,10005,Enterprise,37,48062.99999999999
2026-04-01,10005,Enterprise,38,49362.0
2026-05-01,10005,Enterprise,38,49362.0
2026-06-01,10005,Enterprise,39,50661.0
2026-07-01,10005,Enterprise,39,50661.0
2026-08-01,10005,Enterprise,40,51960.0
2026-05-01,10006,Business,14,6986.0
2026-06-01,10006,Business,14,6986.0
2026-07-01,10006,Business,14,6986.0
2026-08-01,10006,Business,15,7485.0
2025-02-01,10007,Business,12,5988.0
2025-03-01,10007,Business,12,5988.0
2025-04-01,10007,Business,12,5988.0
2025-05-01,10007,Business,13,6487.0
2025-06-01,10007,Business,13,6487.0
2025-07-01,10007,Business,13,6487.0
2025-08-01,10007,Business,13,6487.0
2025-09-01,10007,Business,13,6487.0
2025-10-01,10007,Business,13,6487.0
2025-11-01,10007,Business,14,6986.0
2025-12-01,10007,Business,14,6986.0
2026-01-01,10007,Business,14,6986.0
2026-02-01,10007,Business,14,6986.0
2026-03-01,10007,Business,14,6986.0
2026-04-01,10007,Business,14,6986.0
2026-05-01,10007,Business,14,6986.0
2026-06-01,10007,Business,14,6986.0
2026-07-01,10007,Business,14,6986.0
2026-08-01,10007,Business,14,6986.0
2026-02-01,10008,Starter,2,158.0
2026-03-01,10008,Starter,2,158.0
2026-04-01,10008,Starter,2,158.0
2026-05-01,10008,Starter,2,158.0
2026-06-01,10008,Starter,2,158.0
2026-07-01,10008,Starter,2,158.0
2026-08-01,10008,Starter,2,158.0
2025-05-01,10009,Pro,8,1592.0
2025-06-01,10009,Pro,8,1592.0
2025-07-01,10009,Pro,8,1592.0
2025-08-01,10009,Pro,8,1592.0
2025-09-01,10009,Pro,8,1592.0
2025-10-01,10009,Pro,9,1791.0
2025-11-01,10009,Pro,9,1791.0
2025-12-01,10009,Pro,9,1791.0
2026-01-01,10009,Pro,9,1791.0
2026-02-01,10009,Pro,9,1791.0
2026-03-01,10009,Pro,9,1791.0
2026-04-01,10009,Pro,9,1791.0
2026-05-01,10009,Pro,9,1791.0
2026-06-01,10009,Pro,9,1791.0
2026-07-01,10009,Pro,9,1791.0
2026-08-01,10009,Pro,9,1791.0
2025-02-01,10010,Pro,5,995.0
2025-03-01,10010,Pro,5,995.0
2025-04-01,10010,Pro,5,995.0
2025-05-01,10010,Pro,5,995.0
2025-06-01,10010,Pro,5,995.0
2025-07-01,10010,Pro,5,995.0
2025-08-01,10010,Pro,5,995.0
2025-09-01,10010,Pro,6,1194.0
2025-10-01,10010,Pro,6,1194.0
2025-11-01,10010,Pro,6,1194.0
2025-12-01,10010,Pro,6,1194.0
2026-01-01,10010,Pro,6,1194.0
2026-02-01,10010,Pro,6,1194.0
2026-03-01,10010,Pro,6,1194.0
2026-04-01,10010,Pro,6,1194.0
2026-05-01,10010,Pro,6,1194.0
2026-06-01,10010,Pro,6,1194.0
2026-07-01,10010,Pro,6,1194.0
2026-08-01,10010,Pro,6,1194.0
2025-11-01,10011,Pro,11,2189.0
2025-12-01,10011,Pro,11,2189.0
2026-01-01,10011,Pro,11,2189.0
2026-02-01,10011,Pro,11,2189.0
2026-03-01,10011,Pro,12,2388.0
2026-04-01,10011,Pro,12,2388.0
2026-05-01,10011,Pro,12,2388.0
2026-06-01,10011,Pro,12,2388.0
2026-07-01,10011,Pro,12,2388.0
2026-08-01,10011,Pro,12,2388.0
2026-08-01,10012,Pro,6,1194.0
2026-03-01,10013,Enterprise,120,155880.0
2026-04-01,10013,Enterprise,122,158478.0
2026-05-01,10013,Enterprise,124,161076.00000000003
2026-06-01,10013,Enterprise,125,162375.0
2026-07-01,10013,Enterprise,127,164973.0
2026-08-01,10013,Enterprise,129,167571.0
2026-04-01,10014,Enterprise,38,49362.0
2026-05-01,10014,Enterprise,39,50661.00000000001
2026-06-01,10014,Enterprise,39,50661.00000000001
2026-07-01,10014,Enterprise,40,51960.0
2026-08-01,10014,Enterprise,40,51960.0
2026-03-01,10015,Starter,3,237.0
2026-04-01,10015,Starter,3,237.0
2026-05-01,10015,Starter,3,237.0
2026-06-01,10015,Starter,3,237.0
2026-07-01,10015,Starter,3,237.0
2026-08-01,10015,Starter,3,237.0
2026-04-01,10016,Pro,5,995.0
2026-05-01,10016,Pro,5,995.0
2026-06-01,10016,Pro,5,995.0
2026-07-01,10016,Pro,5,995.0
2026-08-01,10016,Pro,5,995.0
2025-11-01,10017,Business,33,16467.0
2025-12-01,10017,Business,33,16467.0
2026-01-01,10017,Business,34,16966.0
2026-02-01,10017,Business,34,16966.0
2026-03-01,10017,Business,35,17465.0
2026-04-01,10017,Business,35,17465.0
2026-05-01,10017,Business,36,17964.0
2026-06-01,10017,Business,36,17964.0
2026-07-01,10017,Business,37,18463.0
2026-08-01,10017,Business,37,18463.0
2025-03-01,10018,Starter,4,316.0
2025-04-01,10018,Starter,4,316.0
2025-05-01,10018,Starter,4,316.0
2025-06-01,10018,Starter,4,316.0
2025-07-01,10018,Starter,4,316.0
2025-08-01,10018,Starter,4,316.0
2025-09-01,10018,Starter,4,316.0
2025-10-01,10018,Starter,4,316.0
2025-11-01,10018,Starter,4,316.0
2025-12-01,10018,Starter,5,395.0
2026-01-01,10018,Starter,5,395.0
2026-02-01,10018,Starter,5,395.0
2026-03-01,10018,Starter,5,395.0
2026-04-01,10018,Starter,5,395.0
2026-05-01,10018,Starter,5,395.0
2026-06-01,10018,Starter,5,395.0
2026-07-01,10018,Starter,5,395.0
2026-08-01,10018,Starter,5,395.0
2026-05-01,10019,Starter,3,237.0
2026-06-01,10019,Starter,3,237.0
2026-07-01,10019,Starter,3,237.0
2026-08-01,10019,Starter,3,237.0
2025-09-01,10020,Starter,2,158.0
2025-10-01,10020,Starter,2,158.0
2025-11-01,10020,Starter,2,158.0
2025-12-01,10020,Starter,2,158.0
2026-01-01,10020,Starter,2,158.0
2026-02-01,10020,Starter,2,158.0
2026-03-01,10020,Starter,2,158.0
2026-04-01,10020,Starter,2,158.0
2026-05-01,10020,Starter,2,158.0
2026-06-01,10020,Starter,2,158.0
2026-07-01,10020,Starter,2,158.0
2026-08-01,10020,Starter,2,158.0
2025-10-01,10021,Business,19,9481.0
2025-11-01,10021,Business,19,9481.0
2025-12-01,10021,Business,20,9980.0
2026-01-01,10021,Business,20,9980.0
2026-02-01,10021,Business,20,9980.0
2026-03-01,10021,Business,20,9980.0
2026-04-01,10021,Business,21,10479.000000000002
2026-05-01,10021,Business,21,10479.000000000002
2026-06-01,10021,Business,21,10479.000000000002
2026-07-01,10021,Business,22,10978.0
2026-08-01,10021,Business,22,10978.0
2025-08-01,10022,Pro,5,995.0
2025-09-01,10022,Pro,5,995.0
2025-10-01,10022,Pro,5,995.0
2025-11-01,10022,Pro,5,995.0
2025-12-01,10022,Pro,5,995.0
2026-01-01,10022,Pro,5,995.0
2026-02-01,10022,Pro,5,995.0
2026-03-01,10022,Pro,6,1194.0
2026-04-01,10022,Pro,6,1194.0
2026-05-01,10022,Pro,6,1194.0
2026-06-01,10022,Pro,6,1194.0
2026-07-01,10022,Pro,6,1194.0
2026-08-01,10022,Pro,6,1194.0
2025-04-01,10023,Enterprise,75,97425.0
2025-05-01,10023,Enterprise,76,98724.00000000001
2025-06-01,10023,Enterprise,77,100023.0
2025-07-01,10023,Enterprise,78,101322.0
2025-08-01,10023,Enterprise,80,103920.0
2025-09-01,10023,Enterprise,81,105219.0
2025-10-01,10023,Enterprise,82,106518.0
2025-11-01,10023,Enterprise,83,107817.0
2025-12-01,10023,Enterprise,84,109116.00000000001
2026-01-01,10023,Enterprise,85,110415.0
2026-02-01,10023,Enterprise,86,111714.0
2026-03-01,10023,Enterprise,87,113012.99999999999
2026-04-01,10023,Enterprise,88,114312.0
2026-05-01,10023,Enterprise,88,114312.0
2026-06-01,10023,Enterprise,88,114312.0
2026-07-01,10023,Enterprise,88,114312.0
2026-08-01,10023,Enterprise,88,114312.0
2026-07-01,10024,Pro,11,2189.0
2026-08-01,10024,Pro,11,2189.0
2026-04-01,10025,Enterprise,47,61053.0
2026-05-01,10025,Enterprise,48,62351.99999999999
2026-06-01,10025,Enterprise,48,62351.99999999999
2026-07-01,10025,Enterprise,49,63651.00000000001
2026-08-01,10025,Enterprise,50,64950.0
2026-01-01,10026,Starter,1,79.0
2026-02-01,10026,Starter,1,79.0
2026-03-01,10026,Starter,1,79.0
2026-04-01,10026,Starter,1,79.0
2026-05-01,10026,Starter,1,79.0
2026-06-01,10026,Starter,1,79.0
2026-07-01,10026,Starter,1,79.0
2026-08-01,10026,Starter,1,79.0
2025-08-01,10027,Business,13,6487.0
2025-09-01,10027,Business,13,6487.0
2025-10-01,10027,Business,13,6487.0
2025-11-01,10027,Business,14,6986.0
2025-12-01,10027,Business,14,6986.0
2026-01-01,10027,Business,14,6986.0
2026-02-01,10027,Business,14,6986.0
2026-03-01,10027,Business,14,6986.0
2026-04-01,10027,Business,15,7484.999999999999
2026-05-01,10027,Business,15,7484.999999999999
2026-06-01,10027,Business,15,7484.999999999999
2026-07-01,10027,Business,15,7484.999999999999
2026-08-01,10027,Business,15,7484.999999999999
2026-05-01,10028,Starter,4,316.0
2026-06-01,10028,Starter,4,316.0
2026-07-01,10028,Starter,4,316.0
2026-08-01,10028,Starter,4,316.0
2025-11-01,10029,Pro,12,2388.0
2025-12-01,10029,Pro,12,2388.0
2026-01-01,10029,Pro,12,2388.0
2026-02-01,10029,Pro,13,2587.0
2026-03-01,10029,Pro,13,2587.0
2026-04-01,10029,Pro,13,2587.0
2026-05-01,10029,Pro,13,2587.0
2026-06-01,10029,Pro,13,2587.0
2026-07-01,10029,Pro,13,2587.0
2026-08-01,10029,Pro,14,2786.0
2025-09-01,10030,Business,27,13473.0
2025-10-01,10030,Business,27,13473.0
2025-11-01,10030,Business,28,13972.0
2025-12-01,10030,Business,28,13972.0
2026-01-01,10030,Business,29,14471.000000000002
2026-02-01,10030,Business,29,14471.000000000002
2026-03-01,10030,Business,29,14471.000000000002
2026-04-01,10030,Business,30,14970.0
2026-05-01,10030,Business,30,14970.0
2026-06-01,10030,Business,31,15469.0
2026-07-01,10030,Business,31,15469.0
2026-08-01,10030,Business,31,15469.0
2025-09-01,10031,Business,10,4990.0
2025-10-01,10031,Business,10,4990.0
2025-11-01,10031,Business,10,4990.0
2025-12-01,10031,Business,10,4990.0
2026-01-01,10031,Business,11,5489.0
2026-02-01,10031,Business,11,5489.0
2026-03-01,10031,Business,11,5489.0
2026-04-01,10031,Business,11,5489.0
2026-05-01,10031,Business,11,5489.0
2026-06-01,10031,Business,11,5489.0
2026-07-01,10031,Business,12,5988.0
2026-08-01,10031,Business,12,5988.0
2025-05-01,10032,Business,20,9980.0
2025-06-01,10032,Business,20,9980.0
2025-07-01,10032,Business,21,10479.0
2025-08-01,10032,Business,21,10479.0
2025-09-01,10032,Business,21,10479.0
2025-10-01,10032,Business,22,10978.0
2025-11-01,10032,Business,22,10978.0
2025-12-01,10032,Business,22,10978.0
2026-01-01,10032,Business,22,10978.0
2026-02-01,10032,Business,23,11477.0
2026-03-01,10032,Business,23,11477.0
2026-04-01,10032,Business,23,11477.0
2026-05-01,10032,Business,24,11976.0
2026-06-01,10032,Business,24,11976.0
2026-07-01,10032,Business,24,11976.0
2026-08-01,10032,Business,24,11976.0
2025-02-01,10033,Starter,4,316.0
2025-03-01,10033,Starter,4,316.0
2025-04-01,10033,Starter,4,316.0
2025-05-01,10033,Starter,4,316.0
2025-06-01,10033,Starter,4,316.0
2025-07-01,10033,Starter,4,316.0
2025-08-01,10033,Starter,4,316.0
2025-09-01,10033,Starter,4,316.0
2025-10-01,10033,Starter,4,316.0
2025-11-01,10033,Starter,5,395.0
2025-12-01,10033,Starter,5,395.0
2026-01-01,10033,Starter,5,395.0
2026-02-01,10033,Starter,5,395.0
2026-03-01,10033,Starter,5,395.0
2026-04-01,10033,Starter,5,395.0
2026-05-01,10033,Starter,5,395.0
2026-06-01,10033,Starter,5,395.0
2026-07-01,10033,Starter,5,395.0
2026-08-01,10033,Starter,5,395.0
2025-11-01,10034,Starter,2,158.0
2025-12-01,10034,Starter,2,158.0
2026-01-01,10034,Starter,2,158.0
2026-02-01,10034,Starter,2,158.0
2026-03-01,10034,Starter,2,158.0
2026-04-01,10034,Starter,2,158.0
2026-05-01,10034,Starter,2,158.0
2026-06-01,10034,Starter,2,158.0
2026-07-01,10034,Starter,2,158.0
2026-08-01,10034,Starter,2,158.0
2026-06-01,10035,Starter,3,237.0
2026-07-01,10035,Starter,3,237.0
2026-08-01,10035,Starter,3,237.0
2025-02-01,10036,Starter,3,237.0
2025-03-01,10036,Starter,3,237.0
2025-04-01,10036,Starter,3,237.0
2025-05-01,10036,Starter,3,237.0
2025-06-01,10036,Starter,3,237.0
2025-07-01,10036,Starter,3,237.0
2025-08-01,10036,Starter,3,237.0
2025-09-01,10036,Starter,3,237.0
2025-10-01,10036,Starter,3,237.0
2025-11-01,10036,Starter,3,237.0
2025-12-01,10036,Starter,3,237.0
2026-01-01,10036,Starter,3,237.0
2026-02-01,10036,Starter,4,316.0
2026-03-01,10036,Starter,4,316.0
2026-04-01,10036,Starter,4,316.0
2026-05-01,10036,Starter,4,316.0
2026-06-01,10036,Starter,4,316.0
2026-07-01,10036,Starter,4,316.0
2026-08-01,10036,Starter,4,316.0
2026-05-01,10037,Pro,7,1393.0
2026-06-01,10037,Pro,7,1393.0
2026-07-01,10037,Pro,7,1393.0
2026-08-01,10037,Pro,7,1393.0
2026-05-01,10038,Pro,4,796.0
2026-06-01,10038,Pro,4,796.0
2026-07-01,10038,Pro,4,796.0
2026-08-01,10038,Pro,4,796.0
2025-06-01,10039,Business,16,7984.0
2025-07-01,10039,Business,16,7984.0
2025-08-01,10039,Business,16,7984.0
2025-09-01,10039,Business,17,8483.0
2025-10-01,10039,Business,17,8483.0
2025-11-01,10039,Business,17,8483.0
2025-12-01,10039,Business,17,8483.0
2026-01-01,10039,Business,18,8982.0
2026-02-01,10039,Business,18,8982.0
2026-03-01,10039,Business,18,8982.0
2026-04-01,10039,Business,18,8982.0
2026-05-01,10039,Business,19,9481.0
2026-06-01,10039,Business,19,9481.0
2026-07-01,10039,Business,19,9481.0
2026-08-01,10039,Business,19,9481.0
2026-01-01,10040,Business,16,7984.0
2026-02-01,10040,Business,16,7984.0
2026-03-01,10040,Business,16,7984.0
2026-04-01,10040,Business,17,8483.0
2026-05-01,10040,Business,17,8483.0
2026-06-01,10040,Business,17,8483.0
2026-07-01,10040,Business,17,8483.0
2026-08-01,10040,Business,18,8982.0
2025-04-01,10041,Pro,8,1592.0
2025-05-01,10041,Pro,8,1592.0
2025-06-01,10041,Pro,8,1592.0
2025-07-01,10041,Pro,8,1592.0
2025-08-01,10041,Pro,8,1592.0
2025-09-01,10041,Pro,9,1791.0
2025-10-01,10041,Pro,9,1791.0
2025-11-01,10041,Pro,9,1791.0
2025-12-01,10041,Pro,9,1791.0
2026-01-01,10041,Pro,9,1791.0
2026-02-01,10041,Pro,9,1791.0
2026-03-01,10041,Pro,9,1791.0
2026-04-01,10041,Pro,9,1791.0
2026-05-01,10041,Pro,9,1791.0
2026-06-01,10041,Pro,9,1791.0
2026-07-01,10041,Pro,9,1791.0
2026-08-01,10041,Pro,9,1791.0
2026-03-01,10042,Business,15,7485.0
2026-04-01,10042,Business,15,7485.0
2026-05-01,10042,Business,15,7485.0
2026-06-01,10042,Business,16,7984.0
2026-07-01,10042,Business,16,7984.0
2026-08-01,10042,Business,16,7984.0
2026-02-01,10043,Starter,3,237.0
2026-03-01,10043,Starter,3,237.0
2026-04-01,10043,Starter,3,237.0
2026-05-01,10043,Starter,3,237.0
2026-06-01,10043,Starter,3,237.0
2026-07-01,10043,Starter,3,237.0
2026-08-01,10043,Starter,3,237.0
2025-08-01,10044,Starter,3,237.0
2025-09-01,10044,Starter,3,237.0
2025-10-01,10044,Starter,3,237.0
2025-11-01,10044,Starter,3,237.0
2025-12-01,10044,Starter,3,237.0
2026-01-01,10044,Starter,3,237.0
2026-02-01,10044,Starter,3,237.0
2026-03-01,10044,Starter,3,237.0
2026-04-01,10044,Starter,3,237.0
2026-05-01,10044,Starter,3,237.0
2026-06-01,10044,Starter,3,237.0
2026-07-01,10044,Starter,3,237.0
2026-08-01,10044,Starter,4,316.0
2025-02-01,10045,Pro,9,1791.0
2025-03-01,10045,Pro,9,1791.0
2025-04-01,10045,Pro,9,1791.0
2025-05-01,10045,Pro,9,1791.0
2025-06-01,10045,Pro,10,1990.0
2025-07-01,10045,Pro,10,1990.0
2025-08-01,10045,Pro,10,1990.0
2025-09-01,10045,Pro,10,1990.0
2025-10-01,10045,Pro,10,1990.0
2025-11-01,10045,Pro,10,1990.0
2025-12-01,10045,Pro,10,1990.0
2026-01-01,10045,Pro,10,1990.0
2026-02-01,10045,Pro,11,2189.0
2026-03-01,10045,Pro,11,2189.0
2026-04-01,10045,Pro,11,2189.0
2026-05-01,10045,Pro,11,2189.0
2026-06-01,10045,Pro,11,2189.0
2026-07-01,10045,Pro,11,2189.0
2026-08-01,10045,Pro,11,2189.0
2026-08-01,10046,Business,16,7984.0
2025-09-01,10047,Starter,3,237.0
2025-10-01,10047,Starter,3,237.0
2025-11-01,10047,Starter,3,237.0
2025-12-01,10047,Starter,3,237.0
2026-01-01,10047,Starter,3,237.0
2026-02-01,10047,Starter,3,237.0
2026-03-01,10047,Starter,3,237.0
2026-04-01,10047,Starter,3,237.0
2026-05-01,10047,Starter,3,237.0
2026-06-01,10047,Starter,3,237.0
2026-07-01,10047,Starter,3,237.0
2026-08-01,10047,Starter,3,237.0
2026-06-01,10048,Pro,8,1592.0
2026-07-01,10048,Pro,8,1592.0
2026-08-01,10048,Pro,8,1592.0
2026-02-01,10049,Pro,4,796.0
2026-03-01,10049,Pro,4,796.0
2026-04-01,10049,Pro,4,796.0
2026-05-01,10049,Pro,4,796.0
2026-06-01,10049,Pro,4,796.0
2026-07-01,10049,Pro,4,796.0
2026-08-01,10049,Pro,4,796.0
2026-04-01,10050,Starter,4,316.0
2026-05-01,10050,Starter,4,316.0
2026-06-01,10050,Starter,4,316.0
2026-07-01,10050,Starter,4,316.0
2026-08-01,10050,Starter,4,316.0
2026-04-01,10051,Starter,3,237.0
2026-05-01,10051,Starter,3,237.0
2026-06-01,10051,Starter,3,237.0
2026-07-01,10051,Starter,3,237.0
2026-08-01,10051,Starter,3,237.0
2025-04-01,10052,Business,18,8982.0
2025-05-01,10052,Business,18,8982.0
2025-06-01,10052,Business,19,9481.0
2025-07-01,10052,Business,19,9481.0
2025-08-01,10052,Business,19,9481.0
2025-09-01,10052,Business,19,9481.0
2025-10-01,10052,Business,20,9980.0
2025-11-01,10052,Business,20,9980.0
2025-12-01,10052,Business,20,9980.0
2026-01-01,10052,Business,20,9980.0
2026-02-01,10052,Business,21,10479.0
2026-03-01,10052,Business,21,10479.0
2026-04-01,10052,Business,21,10479.0
2026-05-01,10052,Business,21,10479.0
2026-06-01,10052,Business,21,10479.0
2026-07-01,10052,Business,21,10479.0
2026-08-01,10052,Business,21,10479.0
2025-08-01,10053,Pro,11,2189.0
2025-09-01,10053,Pro,11,2189.0
2025-10-01,10053,Pro,11,2189.0
2025-11-01,10053,Pro,11,2189.0
2025-12-01,10053,Pro,12,2388.0
2026-01-01,10053,Pro,12,2388.0
2026-02-01,10053,Pro,12,2388.0
2026-03-01,10053,Pro,12,2388.0
2026-04-01,10053,Pro,12,2388.0
2026-05-01,10053,Pro,12,2388.0
2026-06-01,10053,Pro,13,2587.0
2026-07-01,10053,Pro,13,2587.0
2026-08-01,10053,Pro,13,2587.0
2025-10-01,10054,Starter,2,158.0
2025-11-01,10054,Starter,2,158.0
2025-12-01,10054,Starter,2,158.0
2026-01-01,10054,Starter,2,158.0
2026-02-01,10054,Starter,2,158.0
2026-03-01,10054,Starter,2,158.0
2026-04-01,10054,Starter,2,158.0
2026-05-01,10054,Starter,2,158.0
2026-06-01,10054,Starter,2,158.0
2026-07-01,10054,Starter,2,158.0
2026-08-01,10054,Starter,2,158.0
2025-10-01,10055,Business,9,4491.0
2025-11-01,10055,Business,9,4491.0
2025-12-01,10055,Business,9,4491.0
2026-01-01,10055,Business,9,4491.0
2026-02-01,10055,Business,10,4990.0
2026-03-01,10055,Business,10,4990.0
2026-04-01,10055,Business,10,4990.0
2026-05-01,10055,Business,10,4990.0
2026-06-01,10055,Business,10,4990.0
2026-07-01,10055,Business,10,4990.0
2026-08-01,10055,Business,10,4990.0
2025-01-01,10056,Starter,3,237.0
2025-02-01,10056,Starter,3,237.0
2025-03-01,10056,Starter,3,237.0
2025-04-01,10056,Starter,3,237.0
2025-05-01,10056,Starter,3,237.0
2025-06-01,10056,Starter,3,237.0
2025-07-01,10056,Starter,3,237.0
2025-08-01,10056,Starter,3,237.0
2025-09-01,10056,Starter,3,237.0
2025-10-01,10056,Starter,3,237.0
2025-11-01,10056,Starter,3,237.0
2025-12-01,10056,Starter,3,237.0
2026-01-01,10056,Starter,4,316.0
2026-02-01,10056,Starter,4,316.0
2026-03-01,10056,Starter,4,316.0
2026-04-01,10056,Starter,4,316.0
2026-05-01,10056,Starter,4,316.0
2026-06-01,10056,Starter,4,316.0
2026-07-01,10056,Starter,4,316.0
2026-08-01,10056,Starter,4,316.0
2025-11-01,10057,Business,18,8982.0
2025-12-01,10057,Business,18,8982.0
2026-01-01,10057,Business,19,9481.0
2026-02-01,10057,Business,19,9481.0
2026-03-01,10057,Business,19,9481.0
2026-04-01,10057,Business,19,9481.0
2026-05-01,10057,Business,20,9980.0
2026-06-01,10057,Business,20,9980.0
2026-07-01,10057,Business,20,9980.0
2026-08-01,10057,Business,20,9980.0
2025-04-01,10058,Starter,3,237.0
2025-05-01,10058,Starter,3,237.0
2025-06-01,10058,Starter,3,237.0
2025-07-01,10058,Starter,3,237.0
2025-08-01,10058,Starter,3,237.0
2025-09-01,10058,Starter,3,237.0
2025-10-01,10058,Starter,3,237.0
2025-11-01,10058,Starter,3,237.0
2025-12-01,10058,Starter,3,237.0
2026-01-01,10058,Starter,3,237.0
2026-02-01,10058,Starter,3,237.0
2026-03-01,10058,Starter,3,237.0
2026-04-01,10058,Starter,4,316.0
2026-05-01,10058,Starter,4,316.0
2026-06-01,10058,Starter,4,316.0
2026-07-01,10058,Starter,4,316.0
2026-08-01,10058,Starter,4,316.0
2026-03-01,10059,Pro,7,1393.0
2026-04-01,10059,Pro,7,1393.0
2026-05-01,10059,Pro,7,1393.0
2026-06-01,10059,Pro,7,1393.0
2026-07-01,10059,Pro,7,1393.0
2026-08-01,10059,Pro,8,1592.0
2026-02-01,10060,Starter,4,316.0
2026-03-01,10060,Starter,4,316.0
2026-04-01,10060,Starter,4,316.0
2026-05-01,10060,Starter,4,316.0
2026-06-01,10060,Starter,4,316.0
2026-07-01,10060,Starter,4,316.0
2026-08-01,10060,Starter,4,316.0
2026-07-01,10061,Starter,4,316.0
2026-08-01,10061,Starter,4,316.0
2026-03-01,10062,Business,21,10479.0
2026-04-01,10062,Business,21,10479.0
2026-05-01,10062,Business,22,10978.0
2026-06-01,10062,Business,22,10978.0
2026-07-01,10062,Business,22,10978.0
2026-08-01,10062,Business,23,11477.000000000002
2025-08-01,10063,Starter,3,237.0
2025-09-01,10063,Starter,3,237.0
2025-10-01,10063,Starter,3,237.0
2025-11-01,10063,Starter,3,237.0
2025-12-01,10063,Starter,3,237.0
2026-01-01,10063,Starter,3,237.0
2026-02-01,10063,Starter,3,237.0
2026-03-01,10063,Starter,3,237.0
2026-04-01,10063,Starter,3,237.0
2026-05-01,10063,Starter,3,237.0
2026-06-01,10063,Starter,3,237.0
2026-07-01,10063,Starter,3,237.0
2026-08-01,10063,Starter,4,316.0
2026-08-01,10064,Starter,1,79.0
2025-09-01,10065,Starter,4,316.0
2025-10-01,10065,Starter,4,316.0
2025-11-01,10065,Starter,4,316.0
2025-12-01,10065,Starter,4,316.0
2026-01-01,10065,Starter,4,316.0
2026-02-01,10065,Starter,4,316.0
2026-03-01,10065,Starter,4,316.0
2026-04-01,10065,Starter,4,316.0
2026-05-01,10065,Starter,4,316.0
2026-06-01,10065,Starter,5,395.0
2026-07-01,10065,Starter,5,395.0
2026-08-01,10065,Starter,5,395.0
2025-07-01,10066,Pro,12,2388.0
2025-08-01,10066,Pro,12,2388.0
2025-09-01,10066,Pro,12,2388.0
2025-10-01,10066,Pro,13,2587.0
2025-11-01,10066,Pro,13,2587.0
2025-12-01,10066,Pro,13,2587.0
2026-01-01,10066,Pro,13,2587.0
2026-02-01,10066,Pro,13,2587.0
2026-03-01,10066,Pro,13,2587.0
2026-04-01,10066,Pro,14,2786.0
2026-05-01,10066,Pro,14,2786.0
2026-06-01,10066,Pro,14,2786.0
2026-07-01,10066,Pro,14,2786.0
2026-08-01,10066,Pro,14,2786.0
2026-06-01,10067,Business,23,11477.0
2026-07-01,10067,Business,23,11477.0
2026-08-01,10067,Business,24,11976.0
2025-08-01,10068,Enterprise,33,42867.0
2025-09-01,10068,Enterprise,33,42867.0
2025-10-01,10068,Enterprise,34,44166.0
2025-11-01,10068,Enterprise,34,44166.0
2025-12-01,10068,Enterprise,35,45465.0
2026-01-01,10068,Enterprise,35,45465.0
2026-02-01,10068,Enterprise,36,46764.0
2026-03-01,10068,Enterprise,36,46764.0
2026-04-01,10068,Enterprise,37,48062.99999999999
2026-05-01,10068,Enterprise,37,48062.99999999999
2026-06-01,10068,Enterprise,38,49362.00000000001
2026-07-01,10068,Enterprise,38,49362.00000000001
2026-08-01,10068,Enterprise,39,50661.0
2025-02-01,10069,Starter,4,316.0
2025-03-01,10069,Starter,4,316.0
2025-04-01,10069,Starter,4,316.0
2025-05-01,10069,Starter,4,316.0
2025-06-01,10069,Starter,4,316.0
2025-07-01,10069,Starter,4,316.0
2025-08-01,10069,Starter,4,316.0
2025-09-01,10069,Starter,4,316.0
2025-10-01,10069,Starter,4,316.0
2025-11-01,10069,Starter,5,395.0
2025-12-01,10069,Starter,5,395.0
2026-01-01,10069,Starter,5,395.0
2026-02-01,10069,Starter,5,395.0
2026-03-01,10069,Starter,5,395.0
2026-04-01,10069,Starter,5,395.0
2026-05-01,10069,Starter,5,395.0
2026-06-01,10069,Starter,5,395.0
2026-07-01,10069,Starter,5,395.0
2026-08-01,10069,Starter,5,395.0
2025-10-01,10070,Starter,4,316.0
2025-11-01,10070,Starter,4,316.0
2025-12-01,10070,Starter,4,316.0
2026-01-01,10070,Starter,4,316.0
2026-02-01,10070,Starter,4,316.0
2026-03-01,10070,Starter,4,316.0
2026-04-01,10070,Starter,4,316.0
2026-05-01,10070,Starter,4,316.0
2026-06-01,10070,Starter,4,316.0
2026-07-01,10070,Starter,5,395.0
2026-08-01,10070,Starter,5,395.0
2026-04-01,10071,Starter,5,395.0
2026-05-01,10071,Starter,5,395.0
2026-06-01,10071,Starter,5,395.0
2026-07-01,10071,Starter,5,395.0
2026-08-01,10071,Starter,5,395.0
2025-04-01,10072,Pro,6,1194.0
2025-05-01,10072,Pro,6,1194.0
2025-06-01,10072,Pro,6,1194.0
2025-07-01,10072,Pro,6,1194.0
2025-08-01,10072,Pro,6,1194.0
2025-10-01,10073,Enterprise,42,54558.0
2025-11-01,10073,Enterprise,43,55856.99999999999
2025-12-01,10073,Enterprise,43,55856.99999999999
2026-01-01,10073,Enterprise,44,57156.0
2026-02-01,10073,Enterprise,45,58455.0
2026-03-01,10073,Enterprise,45,58455.0
2026-04-01,10073,Enterprise,46,59754.00000000001
2026-05-01,10073,Enterprise,46,59754.00000000001
2026-06-01,10073,Enterprise,47,61053.0
2026-07-01,10073,Enterprise,48,62352.0
2026-08-01,10073,Enterprise,48,62352.0
2025-03-01,10074,Pro,10,1990.0
2025-04-01,10074,Pro,10,1990.0
2025-05-01,10074,Pro,10,1990.0
2025-06-01,10074,Pro,10,1990.0
2025-07-01,10074,Pro,11,2189.0
2025-08-01,10074,Pro,11,2189.0
2025-09-01,10074,Pro,11,2189.0
2025-10-01,10074,Pro,11,2189.0
2025-11-01,10074,Pro,11,2189.0
2025-12-01,10074,Pro,11,2189.0
2026-01-01,10074,Pro,12,2388.0
2026-02-01,10074,Pro,12,2388.0
2026-03-01,10074,Pro,12,2388.0
2026-04-01,10074,Pro,12,2388.0
2026-05-01,10074,Pro,12,2388.0
2026-06-01,10074,Pro,12,2388.0
2026-07-01,10074,Pro,12,2388.0
2026-08-01,10074,Pro,12,2388.0
2026-02-01,10075,Pro,8,1592.0
2026-03-01,10075,Pro,8,1592.0
2026-04-01,10075,Pro,8,1592.0
2026-05-01,10075,Pro,8,1592.0
2026-06-01,10075,Pro,8,1592.0
2026-07-01,10075,Pro,9,1791.0
2026-08-01,10075,Pro,9,1791.0
2025-10-01,10076,Starter,2,158.0
2025-11-01,10076,Starter,2,158.0
2025-12-01,10076,Starter,2,158.0
2026-01-01,10076,Starter,2,158.0
2026-02-01,10076,Starter,2,158.0
2026-03-01,10076,Starter,2,158.0
2026-04-01,10076,Starter,2,158.0
2026-05-01,10076,Starter,2,158.0
2026-06-01,10076,Starter,2,158.0
2026-07-01,10076,Starter,2,158.0
2026-08-01,10076,Starter,2,158.0
2025-07-01,10077,Business,21,10479.0
2025-08-01,10077,Business,21,10479.0
2025-09-01,10077,Business,22,10978.0
2025-10-01,10077,Business,22,10978.0
2025-11-01,10077,Business,22,10978.0
2025-12-01,10077,Business,23,11477.000000000002
2026-01-01,10077,Business,23,11477.000000000002
2026-02-01,10077,Business,23,11477.000000000002
2026-03-01,10077,Business,24,11976.0
2026-04-01,10077,Business,24,11976.0
2026-05-01,10077,Business,24,11976.0
2026-06-01,10077,Business,24,11976.0
2026-07-01,10077,Business,25,12475.0
2026-08-01,10077,Business,25,12475.0
2025-05-01,10078,Pro,10,1990.0
2025-06-01,10078,Pro,10,1990.0
2025-07-01,10078,Pro,10,1990.0
2025-08-01,10078,Pro,10,1990.0
2025-09-01,10078,Pro,11,2189.0
2025-10-01,10078,Pro,11,2189.0
2025-11-01,10078,Pro,11,2189.0
2025-12-01,10078,Pro,11,2189.0
2026-01-01,10078,Pro,11,2189.0
2026-02-01,10078,Pro,11,2189.0
2026-03-01,10078,Pro,12,2388.0
2026-04-01,10078,Pro,12,2388.0
2026-05-01,10078,Pro,12,2388.0
2026-06-01,10078,Pro,12,2388.0
2026-07-01,10078,Pro,12,2388.0
2026-08-01,10078,Pro,12,2388.0
2025-12-01,10079,Starter,3,237.0
2026-01-01,10079,Starter,3,237.0
2026-02-01,10079,Starter,3,237.0
2026-03-01,10079,Starter,3,237.0
2026-04-01,10079,Starter,3,237.0
2026-05-01,10079,Starter,3,237.0
2026-06-01,10079,Starter,3,237.0
2026-07-01,10079,Starter,3,237.0
2026-08-01,10079,Starter,3,237.0
2026-02-01,10080,Starter,3,237.0
2026-03-01,10080,Starter,3,237.0
2026-04-01,10080,Starter,3,237.0
2026-05-01,10080,Starter,3,237.0
2026-06-01,10080,Starter,3,237.0
2026-07-01,10080,Starter,3,237.0
2026-08-01,10080,Starter,3,237.0
2026-07-01,10081,Starter,3,237.0
2026-08-01,10081,Starter,3,237.0
2025-09-01,10082,Starter,5,395.0
2025-10-01,10082,Starter,5,395.0
2025-11-01,10082,Starter,5,395.0
2025-12-01,10082,Starter,5,395.0
2026-01-01,10082,Starter,5,395.0
2026-02-01,10082,Starter,5,395.0
2026-03-01,10082,Starter,5,395.0
2026-04-01,10082,Starter,6,474.0
2026-05-01,10082,Starter,6,474.0
2026-06-01,10082,Starter,6,474.0
2026-07-01,10082,Starter,6,474.0
2026-08-01,10082,Starter,6,474.0
2025-04-01,10083,Starter,2,158.0
2025-05-01,10083,Starter,2,158.0
2025-06-01,10083,Starter,2,158.0
2025-07-01,10083,Starter,2,158.0
2025-08-01,10083,Starter,2,158.0
2025-09-01,10083,Starter,2,158.0
2025-10-01,10083,Starter,2,158.0
2025-11-01,10083,Starter,2,158.0
2025-12-01,10083,Starter,2,158.0
2026-01-01,10083,Starter,2,158.0
2026-02-01,10083,Starter,2,158.0
2026-05-01,10084,Pro,7,1393.0
2026-06-01,10084,Pro,7,1393.0
2026-07-01,10084,Pro,7,1393.0
2026-08-01,10084,Pro,7,1393.0
2026-01-01,10085,Pro,8,1592.0
2026-02-01,10085,Pro,8,1592.0
2026-03-01,10085,Pro,8,1592.0
2026-04-01,10085,Pro,8,1592.0
2026-05-01,10085,Pro,8,1592.0
2026-06-01,10085,Pro,9,1791.0
2026-07-01,10085,Pro,9,1791.0
2026-08-01,10085,Pro,9,1791.0
2026-02-01,10086,Starter,4,316.0
2026-03-01,10086,Starter,4,316.0
2026-04-01,10086,Starter,4,316.0
2026-05-01,10086,Starter,4,316.0
2026-06-01,10086,Starter,4,316.0
2026-07-01,10086,Starter,4,316.0
2026-08-01,10086,Starter,4,316.0
2025-02-01,10087,Pro,5,995.0
2025-03-01,10087,Pro,5,995.0
2025-04-01,10087,Pro,5,995.0
2025-05-01,10087,Pro,5,995.0
2025-06-01,10087,Pro,5,995.0
2025-07-01,10087,Pro,5,995.0
2025-08-01,10087,Pro,5,995.0
2025-09-01,10087,Pro,6,1194.0
2025-10-01,10087,Pro,6,1194.0
2025-11-01,10087,Pro,6,1194.0
2025-12-01,10087,Pro,6,1194.0
2026-01-01,10087,Pro,6,1194.0
2026-02-01,10087,Pro,6,1194.0
2026-03-01,10087,Pro,6,1194.0
2026-04-01,10087,Pro,6,1194.0
2026-05-01,10087,Pro,6,1194.0
2026-06-01,10087,Pro,6,1194.0
2026-07-01,10087,Pro,6,1194.0
2026-08-01,10087,Pro,6,1194.0
2025-07-01,10088,Enterprise,28,36372.0
2025-08-01,10088,Enterprise,28,36372.0
2025-09-01,10088,Enterprise,29,37671.0
2025-10-01,10088,Enterprise,29,37671.0
2025-11-01,10088,Enterprise,30,38970.0
2025-12-01,10088,Enterprise,30,38970.0
2026-01-01,10088,Enterprise,31,40269.0
2026-02-01,10088,Enterprise,31,40269.0
2026-03-01,10088,Enterprise,31,40269.0
2026-04-01,10088,Enterprise,32,41568.0
2026-05-01,10088,Enterprise,32,41568.0
2026-06-01,10088,Enterprise,33,42867.0
2026-07-01,10088,Enterprise,33,42867.0
2026-08-01,10088,Enterprise,33,42867.0
2026-04-01,10089,Business,9,4491.0
2026-05-01,10089,Business,9,4491.0
2026-06-01,10089,Business,9,4491.0
2026-07-01,10089,Business,9,4491.0
2026-08-01,10089,Business,10,4990.0
2026-05-01,10090,Pro,8,1592.0
2026-06-01,10090,Pro,8,1592.0
2026-07-01,10090,Pro,8,1592.0
2026-08-01,10090,Pro,8,1592.0
2025-09-01,10091,Starter,2,158.0
2025-10-01,10091,Starter,2,158.0
2025-11-01,10091,Starter,2,158.0
2025-12-01,10091,Starter,2,158.0
2026-01-01,10091,Starter,2,158.0
2026-02-01,10091,Starter,2,158.0
2026-03-01,10091,Starter,2,158.0
2026-04-01,10091,Starter,2,158.0
2026-05-01,10091,Starter,2,158.0
2026-06-01,10091,Starter,2,158.0
2026-07-01,10091,Starter,2,158.0
2026-08-01,10091,Starter,2,158.0
2026-04-01,10092,Business,16,7984.0
2026-05-01,10092,Business,16,7984.0
2026-06-01,10092,Business,16,7984.0
2026-07-01,10092,Business,17,8483.0
2026-08-01,10092,Business,17,8483.0
2026-05-01,10093,Starter,4,316.0
2026-06-01,10093,Starter,4,316.0
2026-07-01,10093,Starter,4,316.0
2026-08-01,10093,Starter,4,316.0
2025-08-01,10094,Starter,2,158.0
2025-09-01,10094,Starter,2,158.0
2025-10-01,10094,Starter,2,158.0
2025-11-01,10094,Starter,2,158.0
2025-12-01,10094,Starter,2,158.0
2026-01-01,10094,Starter,2,158.0
2026-02-01,10094,Starter,2,158.0
2026-03-01,10094,Starter,2,158.0
2026-04-01,10094,Starter,2,158.0
2026-05-01,10094,Starter,2,158.0
2026-06-01,10094,Starter,2,158.0
2026-07-01,10094,Starter,2,158.0
2026-08-01,10094,Starter,2,158.0
2026-06-01,10095,Business,20,9980.0
2026-07-01,10095,Business,20,9980.0
2026-08-01,10095,Business,21,10479.0
2025-06-01,10096,Pro,7,1393.0
2025-07-01,10096,Pro,7,1393.0
2025-08-01,10096,Pro,7,1393.0
2025-09-01,10096,Pro,7,1393.0
2025-10-01,10096,Pro,7,1393.0
2025-11-01,10096,Pro,8,1592.0
2025-12-01,10096,Pro,8,1592.0
2026-01-01,10096,Pro,8,1592.0
2026-02-01,10096,Pro,8,1592.0
2026-03-01,10096,Pro,8,1592.0
2026-04-01,10096,Pro,8,1592.0
2026-05-01,10096,Pro,8,1592.0
2026-06-01,10096,Pro,8,1592.0
2026-07-01,10096,Pro,8,1592.0
2026-08-01,10096,Pro,8,1592.0
2025-05-01,10097,Business,23,11477.0
2025-06-01,10097,Business,23,11477.0
2025-07-01,10097,Business,24,11976.0
2025-08-01,10097,Business,24,11976.0
2025-09-01,10097,Business,24,11976.0
2025-10-01,10097,Business,25,12475.0
2025-11-01,10097,Business,25,12475.0
2025-12-01,10097,Business,25,12475.0
2026-01-01,10097,Business,26,12973.999999999998
2026-02-01,10097,Business,26,12973.999999999998
2026-03-01,10097,Business,26,12973.999999999998
2026-04-01,10097,Business,27,13473.000000000002
2026-05-01,10097,Business,27,13473.000000000002
2026-06-01,10097,Business,27,13473.000000000002
2026-07-01,10097,Business,27,13473.000000000002
2026-08-01,10097,Business,27,13473.000000000002
2026-02-01,10098,Pro,9,1791.0
2026-03-01,10098,Pro,9,1791.0
2026-04-01,10098,Pro,9,1791.0
2026-05-01,10098,Pro,9,1791.0
2026-06-01,10098,Pro,10,1990.0
2026-07-01,10098,Pro,10,1990.0
2026-08-01,10098,Pro,10,1990.0
2026-01-01,10099,Pro,6,1194.0
2026-02-01,10099,Pro,6,1194.0
2026-03-01,10099,Pro,6,1194.0
2026-04-01,10099,Pro,6,1194.0
2026-05-01,10099,Pro,6,1194.0
2026-06-01,10099,Pro,6,1194.0
2026-07-01,10099,Pro,7,1393.0
2026-08-01,10099,Pro,7,1393.0
2025-03-01,10100,Starter,3,237.0
2025-04-01,10100,Starter,3,237.0
2025-05-01,10100,Starter,3,237.0
2025-06-01,10100,Starter,3,237.0
2025-07-01,10100,Starter,3,237.0
2025-08-01,10100,Starter,3,237.0
2025-09-01,10100,Starter,3,237.0
2025-10-01,10100,Starter,3,237.0
2025-11-01,10100,Starter,3,237.0
2025-12-01,10100,Starter,3,237.0
2026-01-01,10100,Starter,3,237.0
2026-02-01,10100,Starter,3,237.0
2026-03-01,10100,Starter,4,316.0
2026-04-01,10100,Starter,4,316.0
2026-05-01,10100,Starter,4,316.0
2026-06-01,10100,Starter,4,316.0
2026-07-01,10100,Starter,4,316.0
2026-08-01,10100,Starter,4,316.0
2026-05-01,10101,Starter,4,316.0
2026-06-01,10101,Starter,4,316.0
2026-07-01,10101,Starter,4,316.0
2026-08-01,10101,Starter,4,316.0
2025-04-01,10102,Starter,3,237.0
2025-05-01,10102,Starter,3,237.0
2025-06-01,10102,Starter,3,237.0
2025-07-01,10102,Starter,3,237.0
2025-08-01,10102,Starter,3,237.0
2025-09-01,10102,Starter,3,237.0
2025-10-01,10102,Starter,3,237.0
2025-11-01,10102,Starter,3,237.0
2025-12-01,10102,Starter,3,237.0
2026-01-01,10102,Starter,3,237.0
2026-02-01,10102,Starter,3,237.0
2026-03-01,10102,Starter,3,237.0
2026-04-01,10102,Starter,4,316.0
2026-05-01,10102,Starter,4,316.0
2026-06-01,10102,Starter,4,316.0
2026-07-01,10102,Starter,4,316.0
2026-08-01,10102,Starter,4,316.0
2026-04-01,10103,Starter,2,158.0
2026-05-01,10103,Starter,2,158.0
2026-06-01,10103,Starter,2,158.0
2026-07-01,10103,Starter,2,158.0
2026-08-01,10103,Starter,2,158.0
2025-01-01,10104,Business,23,11477.0
2025-02-01,10104,Business,23,11477.0
2025-03-01,10104,Business,24,11976.0
2025-04-01,10104,Business,24,11976.0
2025-05-01,10104,Business,24,11976.0
2025-06-01,10104,Business,25,12475.0
2025-07-01,10104,Business,25,12475.0
2025-08-01,10104,Business,25,12475.0
2025-09-01,10104,Business,26,12973.999999999998
2025-10-01,10104,Business,26,12973.999999999998
2025-11-01,10104,Business,26,12973.999999999998
2025-12-01,10104,Business,27,13473.000000000002
2026-01-01,10104,Business,27,13473.000000000002
2026-02-01,10104,Business,27,13473.000000000002
2026-03-01,10104,Business,27,13473.000000000002
2026-04-01,10104,Business,27,13473.000000000002
2026-05-01,10104,Business,27,13473.000000000002
2026-06-01,10104,Business,27,13473.000000000002
2026-07-01,10104,Business,27,13473.000000000002
2026-08-01,10104,Business,27,13473.000000000002
2026-04-01,10105,Starter,2,158.0
2026-05-01,10105,Starter,2,158.0
2026-06-01,10105,Starter,2,158.0
2026-07-01,10105,Starter,2,158.0
2026-08-01,10105,Starter,2,158.0
2026-04-01,10106,Pro,13,2587.0
2026-05-01,10106,Pro,13,2587.0
2026-06-01,10106,Pro,13,2587.0
2026-07-01,10106,Pro,14,2786.0
2026-08-01,10106,Pro,14,2786.0
2026-04-01,10107,Business,26,12974.0
2026-05-01,10107,Business,26,12974.0
2026-06-01,10107,Business,27,13473.000000000002
2026-07-01,10107,Business,27,13473.000000000002
2026-08-01,10107,Business,28,13972.0
2026-02-01,10108,Business,20,9980.0
2026-03-01,10108,Business,20,9980.0
2026-04-01,10108,Business,21,10479.0
2026-05-01,10108,Business,21,10479.0
2026-06-01,10108,Business,21,10479.0
2026-07-01,10108,Business,22,10978.0
2026-08-01,10108,Business,22,10978.0
2025-10-01,10109,Pro,8,1592.0
2025-11-01,10109,Pro,8,1592.0
2025-12-01,10109,Pro,8,1592.0
2026-01-01,10109,Pro,8,1592.0
2026-02-01,10109,Pro,8,1592.0
2026-03-01,10109,Pro,9,1791.0
2026-04-01,10109,Pro,9,1791.0
2026-05-01,10109,Pro,9,1791.0
2026-06-01,10109,Pro,9,1791.0
2026-07-01,10109,Pro,9,1791.0
2026-08-01,10109,Pro,9,1791.0
2026-02-01,10110,Pro,7,1393.0
2026-03-01,10110,Pro,7,1393.0
2026-04-01,10110,Pro,7,1393.0
2026-05-01,10110,Pro,7,1393.0
2026-06-01,10110,Pro,7,1393.0
2026-07-01,10110,Pro,8,1592.0
2026-08-01,10110,Pro,8,1592.0
2025-06-01,10111,Enterprise,57,74043.0
2025-07-01,10111,Enterprise,58,75342.0
2025-08-01,10111,Enterprise,59,76641.00000000001
2025-09-01,10111,Enterprise,60,77940.0
2025-10-01,10111,Enterprise,60,77940.0
2025-11-01,10111,Enterprise,61,79239.0
2025-12-01,10111,Enterprise,62,80538.0
2026-01-01,10111,Enterprise,63,81837.00000000001
2026-02-01,10111,Enterprise,64,83136.0
2026-03-01,10111,Enterprise,65,84435.0
2026-04-01,10111,Enterprise,66,85734.0
2026-05-01,10111,Enterprise,66,85734.0
2026-06-01,10111,Enterprise,67,87033.00000000001
2026-07-01,10111,Enterprise,67,87033.00000000001
2026-08-01,10111,Enterprise,67,87033.00000000001
2026-04-01,10112,Pro,7,1393.0
2026-05-01,10112,Pro,7,1393.0
2026-06-01,10112,Pro,7,1393.0
2026-07-01,10112,Pro,7,1393.0
2026-08-01,10112,Pro,7,1393.0
2025-11-01,10113,Business,20,9980.0
2025-12-01,10113,Business,20,9980.0
2026-01-01,10113,Business,21,10479.0
2026-02-01,10113,Business,21,10479.0
2026-03-01,10113,Business,21,10479.0
2026-04-01,10113,Business,22,10978.0
2026-05-01,10113,Business,22,10978.0
2026-06-01,10113,Business,22,10978.0
2026-07-01,10113,Business,22,10978.0
2026-08-01,10113,Business,23,11477.0
2025-10-01,10114,Business,24,11976.0
2025-11-01,10114,Business,24,11976.0
2025-12-01,10114,Business,25,12475.0
2026-01-01,10114,Business,25,12475.0
2026-02-01,10114,Business,25,12475.0
2026-03-01,10114,Business,26,12974.0
2026-04-01,10114,Business,26,12974.0
2026-05-01,10114,Business,27,13473.0
2026-06-01,10114,Business,27,13473.0
2026-07-01,10114,Business,27,13473.0
2026-08-01,10114,Business,28,13972.0
2025-10-01,10115,Business,15,7485.0
2025-11-01,10115,Business,15,7485.0
2025-12-01,10115,Business,15,7485.0
2026-01-01,10115,Business,16,7984.0
2026-02-01,10115,Business,16,7984.0
2026-03-01,10115,Business,16,7984.0
2026-04-01,10115,Business,16,7984.0
2026-05-01,10115,Business,17,8483.0
2026-06-01,10115,Business,17,8483.0
2026-07-01,10115,Business,17,8483.0
2026-08-01,10115,Business,17,8483.0
2025-12-01,10116,Starter,2,158.0
2026-01-01,10116,Starter,2,158.0
2026-02-01,10116,Starter,2,158.0
2026-03-01,10116,Starter,2,158.0
2026-04-01,10116,Starter,2,158.0
2026-05-01,10116,Starter,2,158.0
2026-06-01,10116,Starter,2,158.0
2026-07-01,10116,Starter,2,158.0
2026-08-01,10116,Starter,2,158.0
2025-01-01,10117,Pro,5,995.0
2025-02-01,10117,Pro,5,995.0
2025-03-01,10117,Pro,5,995.0
2025-04-01,10117,Pro,5,995.0
2025-05-01,10117,Pro,5,995.0
2025-06-01,10117,Pro,5,995.0
2025-07-01,10117,Pro,5,995.0
2025-08-01,10117,Pro,6,1194.0
2025-09-01,10117,Pro,6,1194.0
2025-10-01,10117,Pro,6,1194.0
2025-11-01,10117,Pro,6,1194.0
2025-12-01,10117,Pro,6,1194.0
2026-01-01,10117,Pro,6,1194.0
2026-02-01,10117,Pro,6,1194.0
2026-03-01,10117,Pro,6,1194.0
2026-04-01,10117,Pro,6,1194.0
2026-05-01,10117,Pro,6,1194.0
2026-06-01,10117,Pro,6,1194.0
2026-07-01,10117,Pro,6,1194.0
2026-08-01,10117,Pro,6,1194.0
2025-03-01,10118,Starter,2,158.0
2025-04-01,10118,Starter,2,158.0
2025-05-01,10118,Starter,2,158.0
2025-06-01,10118,Starter,2,158.0
2025-07-01,10118,Starter,2,158.0
2025-08-01,10118,Starter,2,158.0
2025-09-01,10118,Starter,2,158.0
2025-10-01,10118,Starter,2,158.0
2025-11-01,10118,Starter,2,158.0
2025-05-01,10119,Pro,4,796.0
2025-06-01,10119,Pro,4,796.0
2025-07-01,10119,Pro,4,796.0
2025-08-01,10119,Pro,4,796.0
2025-09-01,10119,Pro,4,796.0
2025-10-01,10119,Pro,4,796.0
2025-11-01,10119,Pro,4,796.0
2025-12-01,10119,Pro,4,796.0
2026-01-01,10119,Pro,4,796.0
2026-02-01,10119,Pro,5,995.0
2026-03-01,10119,Pro,5,995.0
2026-04-01,10119,Pro,5,995.0
2026-05-01,10119,Pro,5,995.0
2026-06-01,10119,Pro,5,995.0
2026-07-01,10119,Pro,5,995.0
2026-08-01,10119,Pro,5,995.0
2025-03-01,10120,Enterprise,58,75342.0
2025-04-01,10120,Enterprise,59,76641.0
2025-05-01,10120,Enterprise,60,77940.0
2025-06-01,10120,Enterprise,61,79239.0
2025-07-01,10120,Enterprise,61,79239.0
2025-08-01,10120,Enterprise,62,80538.0
2025-09-01,10120,Enterprise,63,81837.0
2025-10-01,10120,Enterprise,64,83136.0
2025-11-01,10120,Enterprise,65,84435.0
2025-12-01,10120,Enterprise,66,85734.0
2026-01-01,10120,Enterprise,67,87033.0
2026-02-01,10120,Enterprise,68,88331.99999999999
2025-09-01,10121,Pro,15,2985.0
2025-10-01,10121,Pro,15,2985.0
2025-11-01,10121,Pro,15,2985.0
2025-12-01,10121,Pro,16,3184.0
2026-01-01,10121,Pro,16,3184.0
2026-02-01,10121,Pro,16,3184.0
2026-03-01,10121,Pro,16,3184.0
2026-04-01,10121,Pro,17,3383.0
2026-05-01,10121,Pro,17,3383.0
2026-06-01,10121,Pro,17,3383.0
2026-07-01,10121,Pro,17,3383.0
2026-08-01,10121,Pro,17,3383.0
2026-02-01,10122,Pro,13,2587.0
2026-03-01,10122,Pro,13,2587.0
2026-04-01,10122,Pro,13,2587.0
2026-05-01,10122,Pro,14,2786.0
2026-06-01,10122,Pro,14,2786.0
2026-07-01,10122,Pro,14,2786.0
2026-08-01,10122,Pro,14,2786.0
2026-01-01,10123,Starter,2,158.0
2026-02-01,10123,Starter,2,158.0
2026-03-01,10123,Starter,2,158.0
2026-04-01,10123,Starter,2,158.0
2026-05-01,10123,Starter,2,158.0
2026-06-01,10123,Starter,2,158.0
2026-07-01,10123,Starter,2,158.0
2026-08-01,10123,Starter,2,158.0
2025-10-01,10124,Enterprise,58,75342.0
2025-11-01,10124,Enterprise,59,76641.0
2025-12-01,10124,Enterprise,60,77940.0
2026-01-01,10124,Enterprise,61,79239.0
2026-02-01,10124,Enterprise,61,79239.0
2026-03-01,10124,Enterprise,62,80538.0
2026-04-01,10124,Enterprise,63,81837.0
2026-05-01,10124,Enterprise,64,83136.0
2026-06-01,10124,Enterprise,65,84435.0
2026-07-01,10124,Enterprise,66,85734.0
2026-08-01,10124,Enterprise,67,87033.0
2026-05-01,10125,Starter,5,395.0
2026-06-01,10125,Starter,5,395.0
2026-07-01,10125,Starter,5,395.0
2026-08-01,10125,Starter,5,395.0
2025-12-01,10126,Starter,3,237.0
2026-01-01,10126,Starter,3,237.0
2026-02-01,10126,Starter,3,237.0
2026-03-01,10126,Starter,3,237.0
2026-04-01,10126,Starter,3,237.0
2026-05-01,10126,Starter,3,237.0
2026-06-01,10126,Starter,3,237.0
2026-07-01,10126,Starter,3,237.0
2026-08-01,10126,Starter,3,237.0
2025-02-01,10127,Starter,3,237.0
2025-03-01,10127,Starter,3,237.0
2025-04-01,10127,Starter,3,237.0
2025-05-01,10127,Starter,3,237.0
2025-06-01,10127,Starter,3,237.0
2025-07-01,10127,Starter,3,237.0
2025-08-01,10127,Starter,3,237.0
2025-09-01,10127,Starter,3,237.0
2025-10-01,10127,Starter,3,237.0
2025-11-01,10127,Starter,3,237.0
2025-12-01,10127,Starter,3,237.0
2026-01-01,10127,Starter,3,237.0
2026-02-01,10127,Starter,4,316.0
2026-03-01,10127,Starter,4,316.0
2026-04-01,10127,Starter,4,316.0
2026-05-01,10127,Starter,4,316.0
2026-06-01,10127,Starter,4,316.0
2026-07-01,10127,Starter,4,316.0
2026-08-01,10127,Starter,4,316.0
2026-04-01,10128,Starter,1,79.0
2026-05-01,10128,Starter,1,79.0
2026-06-01,10128,Starter,1,79.0
2026-07-01,10128,Starter,1,79.0
2026-08-01,10128,Starter,1,79.0
2025-12-01,10129,Pro,9,1791.0
2026-01-01,10129,Pro,9,1791.0
2026-02-01,10129,Pro,9,1791.0
2026-03-01,10129,Pro,9,1791.0
2026-04-01,10129,Pro,10,1990.0
2026-05-01,10129,Pro,10,1990.0
2026-06-01,10129,Pro,10,1990.0
2026-07-01,10129,Pro,10,1990.0
2026-08-01,10129,Pro,10,1990.0
2026-01-01,10130,Pro,6,1194.0
2026-02-01,10130,Pro,6,1194.0
2026-03-01,10130,Pro,6,1194.0
2026-04-01,10130,Pro,6,1194.0
2026-05-01,10130,Pro,6,1194.0
2026-06-01,10130,Pro,6,1194.0
2026-07-01,10130,Pro,7,1393.0
2026-08-01,10130,Pro,7,1393.0
2025-12-01,10131,Starter,3,237.0
2026-01-01,10131,Starter,3,237.0
2026-02-01,10131,Starter,3,237.0
2026-03-01,10131,Starter,3,237.0
2026-04-01,10131,Starter,3,237.0
2026-05-01,10131,Starter,3,237.0
2026-06-01,10131,Starter,3,237.0
2026-07-01,10131,Starter,3,237.0
2026-08-01,10131,Starter,3,237.0
2025-11-01,10132,Starter,2,158.0
2025-12-01,10132,Starter,2,158.0
2026-01-01,10132,Starter,2,158.0
2026-02-01,10132,Starter,2,158.0
2026-03-01,10132,Starter,2,158.0
2026-04-01,10132,Starter,2,158.0
2026-05-01,10132,Starter,2,158.0
2026-06-01,10132,Starter,2,158.0
2026-07-01,10132,Starter,2,158.0
2026-08-01,10132,Starter,2,158.0
2025-02-01,10133,Starter,4,316.0
2025-03-01,10133,Starter,4,316.0
2025-04-01,10133,Starter,4,316.0
2025-05-01,10133,Starter,4,316.0
2025-06-01,10133,Starter,4,316.0
2025-07-01,10133,Starter,4,316.0
2025-08-01,10133,Starter,4,316.0
2025-09-01,10133,Starter,4,316.0
2025-10-01,10133,Starter,4,316.0
2025-11-01,10133,Starter,5,395.0
2025-12-01,10133,Starter,5,395.0
2026-01-01,10133,Starter,5,395.0
2026-02-01,10133,Starter,5,395.0
2026-03-01,10133,Starter,5,395.0
2026-04-01,10133,Starter,5,395.0
2026-05-01,10133,Starter,5,395.0
2026-06-01,10133,Starter,5,395.0
2026-07-01,10133,Starter,5,395.0
2026-08-01,10133,Starter,5,395.0
2025-12-01,10134,Starter,4,316.0
2026-01-01,10134,Starter,4,316.0
2026-02-01,10134,Starter,4,316.0
2026-03-01,10134,Starter,4,316.0
2026-04-01,10134,Starter,4,316.0
2026-05-01,10134,Starter,4,316.0
2026-06-01,10134,Starter,4,316.0
2026-07-01,10134,Starter,4,316.0
2026-08-01,10134,Starter,4,316.0
2026-04-01,10135,Starter,2,158.0
2026-05-01,10135,Starter,2,158.0
2026-06-01,10135,Starter,2,158.0
2026-07-01,10135,Starter,2,158.0
2026-08-01,10135,Starter,2,158.0
2025-07-01,10136,Pro,5,995.0
2025-08-01,10136,Pro,5,995.0
2025-09-01,10136,Pro,5,995.0
2025-10-01,10136,Pro,5,995.0
2025-11-01,10136,Pro,5,995.0
2025-12-01,10136,Pro,5,995.0
2026-01-01,10136,Pro,5,995.0
2026-02-01,10136,Pro,6,1194.0
2026-03-01,10136,Pro,6,1194.0
2026-04-01,10136,Pro,6,1194.0
2026-05-01,10136,Pro,6,1194.0
2026-06-01,10136,Pro,6,1194.0
2026-07-01,10136,Pro,6,1194.0
2026-08-01,10136,Pro,6,1194.0
2025-12-01,10137,Starter,1,79.0
2026-01-01,10137,Starter,1,79.0
2026-02-01,10137,Starter,1,79.0
2026-03-01,10137,Starter,1,79.0
2026-04-01,10137,Starter,1,79.0
2026-05-01,10137,Starter,1,79.0
2026-06-01,10137,Starter,1,79.0
2026-07-01,10137,Starter,1,79.0
2026-08-01,10137,Starter,1,79.0
2025-01-01,10138,Starter,3,237.0
2025-02-01,10138,Starter,3,237.0
2025-03-01,10138,Starter,3,237.0
2025-04-01,10138,Starter,3,237.0
2025-05-01,10138,Starter,3,237.0
2025-06-01,10138,Starter,3,237.0
2025-07-01,10138,Starter,3,237.0
2025-08-01,10138,Starter,3,237.0
2025-09-01,10138,Starter,3,237.0
2025-10-01,10138,Starter,3,237.0
2025-11-01,10138,Starter,3,237.0
2025-12-01,10138,Starter,3,237.0
2026-01-01,10138,Starter,4,316.0
2026-02-01,10138,Starter,4,316.0
2026-03-01,10138,Starter,4,316.0
2026-04-01,10138,Starter,4,316.0
2026-05-01,10138,Starter,4,316.0
2026-06-01,10138,Starter,4,316.0
2026-07-01,10138,Starter,4,316.0
2026-08-01,10138,Starter,4,316.0
2025-07-01,10139,Starter,2,158.0
2025-08-01,10139,Starter,2,158.0
2025-09-01,10139,Starter,2,158.0
2025-10-01,10139,Starter,2,158.0
2025-11-01,10139,Starter,2,158.0
2025-12-01,10139,Starter,2,158.0
2026-01-01,10139,Starter,2,158.0
2026-02-01,10139,Starter,2,158.0
2026-03-01,10139,Starter,2,158.0
2026-04-01,10139,Starter,2,158.0
2026-05-01,10139,Starter,2,158.0
2026-06-01,10139,Starter,2,158.0
2026-07-01,10139,Starter,2,158.0
2026-08-01,10139,Starter,2,158.0
2025-09-01,10140,Starter,2,158.0
2025-10-01,10140,Starter,2,158.0
2025-11-01,10140,Starter,2,158.0
2025-12-01,10140,Starter,2,158.0
2026-01-01,10140,Starter,2,158.0
2026-02-01,10140,Starter,2,158.0
2026-03-01,10140,Starter,2,158.0
2026-04-01,10140,Starter,2,158.0
2026-05-01,10140,Starter,2,158.0
2026-06-01,10140,Starter,2,158.0
2026-07-01,10140,Starter,2,158.0
2026-08-01,10140,Starter,2,158.0
2026-08-01,10141,Starter,4,316.0
2025-05-01,10142,Starter,3,237.0
2025-06-01,10142,Starter,3,237.0
2025-07-01,10142,Starter,3,237.0
2025-08-01,10142,Starter,3,237.0
2025-09-01,10142,Starter,3,237.0
2025-10-01,10142,Starter,3,237.0
2025-11-01,10142,Starter,3,237.0
2025-12-01,10142,Starter,3,237.0
2026-01-01,10142,Starter,3,237.0
2026-02-01,10142,Starter,3,237.0
2026-03-01,10142,Starter,3,237.0
2026-04-01,10142,Starter,3,237.0
2026-05-01,10142,Starter,4,316.0
2026-06-01,10142,Starter,4,316.0
2026-07-01,10142,Starter,4,316.0
2026-08-01,10142,Starter,4,316.0
2025-06-01,10143,Business,12,5988.0
2025-07-01,10143,Business,12,5988.0
2025-08-01,10143,Business,12,5988.0
2025-09-01,10143,Business,13,6487.0
2025-10-01,10143,Business,13,6487.0
2025-11-01,10143,Business,13,6487.0
2025-12-01,10143,Business,13,6487.0
2026-01-01,10143,Business,13,6487.0
2026-02-01,10143,Business,13,6487.0
2026-03-01,10143,Business,14,6986.0
2026-04-01,10143,Business,14,6986.0
2026-05-01,10143,Business,14,6986.0
2026-06-01,10143,Business,14,6986.0
2026-07-01,10143,Business,14,6986.0
2026-08-01,10143,Business,14,6986.0
2025-09-01,10144,Starter,2,158.0
2025-10-01,10144,Starter,2,158.0
2025-11-01,10144,Starter,2,158.0
2025-12-01,10144,Starter,2,158.0
2026-01-01,10144,Starter,2,158.0
2026-02-01,10144,Starter,2,158.0
2026-03-01,10144,Starter,2,158.0
2026-04-01,10144,Starter,2,158.0
2026-05-01,10144,Starter,2,158.0
2026-06-01,10144,Starter,2,158.0
2026-07-01,10144,Starter,2,158.0
2026-08-01,10144,Starter,2,158.0
2026-08-01,10145,Pro,12,2388.0
2026-05-01,10146,Pro,10,1990.0
2026-06-01,10146,Pro,10,1990.0
2026-07-01,10146,Pro,10,1990.0
2026-08-01,10146,Pro,10,1990.0
2025-01-01,10147,Starter,3,237.0
2025-02-01,10147,Starter,3,237.0
2025-03-01,10147,Starter,3,237.0
2025-04-01,10147,Starter,3,237.0
2025-05-01,10147,Starter,3,237.0
2025-06-01,10147,Starter,3,237.0
2025-07-01,10147,Starter,3,237.0
2025-08-01,10147,Starter,3,237.0
2025-09-01,10147,Starter,3,237.0
2025-10-01,10147,Starter,3,237.0
2025-11-01,10147,Starter,3,237.0
2025-05-01,10148,Pro,10,1990.0
2025-06-01,10148,Pro,10,1990.0
2025-07-01,10148,Pro,10,1990.0
2025-08-01,10148,Pro,10,1990.0
2025-09-01,10148,Pro,11,2189.0
2025-10-01,10148,Pro,11,2189.0
2025-11-01,10148,Pro,11,2189.0
2025-12-01,10148,Pro,11,2189.0
2026-01-01,10148,Pro,11,2189.0
2026-02-01,10148,Pro,11,2189.0
2026-03-01,10148,Pro,12,2388.0
2026-04-01,10148,Pro,12,2388.0
2026-05-01,10148,Pro,12,2388.0
2026-06-01,10148,Pro,12,2388.0
2026-07-01,10148,Pro,12,2388.0
2026-08-01,10148,Pro,12,2388.0
2026-05-01,10149,Business,12,5988.0
2026-06-01,10149,Business,12,5988.0
2026-07-01,10149,Business,12,5988.0
2026-08-01,10149,Business,13,6487.0
2025-02-01,10150,Business,18,8982.0
2025-03-01,10150,Business,18,8982.0
2025-04-01,10150,Business,19,9481.0
2025-05-01,10150,Business,19,9481.0
2025-06-01,10150,Business,19,9481.0
2025-07-01,10150,Business,19,9481.0
2025-08-01,10150,Business,20,9980.0
2025-09-01,10150,Business,20,9980.0
2025-10-01,10150,Business,20,9980.0
2026-05-01,10151,Starter,3,237.0
2026-06-01,10151,Starter,3,237.0
2026-07-01,10151,Starter,3,237.0
2026-08-01,10151,Starter,3,237.0
2025-06-01,10152,Starter,3,237.0
2025-07-01,10152,Starter,3,237.0
2025-08-01,10152,Starter,3,237.0
2025-09-01,10152,Starter,3,237.0
2025-10-01,10152,Starter,3,237.0
2025-11-01,10152,Starter,3,237.0
2025-12-01,10152,Starter,3,237.0
2026-01-01,10152,Starter,3,237.0
2026-02-01,10152,Starter,3,237.0
2026-03-01,10152,Starter,3,237.0
2026-04-01,10152,Starter,3,237.0
2026-05-01,10152,Starter,3,237.0
2026-06-01,10152,Starter,4,316.0
2026-07-01,10152,Starter,4,316.0
2026-08-01,10152,Starter,4,316.0
2026-07-01,10153,Starter,3,237.0
2026-08-01,10153,Starter,3,237.0
2025-06-01,10154,Pro,6,1194.0
2025-07-01,10154,Pro,6,1194.0
2025-08-01,10154,Pro,6,1194.0
2025-09-01,10154,Pro,6,1194.0
2025-10-01,10154,Pro,6,1194.0
2025-11-01,10154,Pro,6,1194.0
2025-12-01,10154,Pro,7,1393.0
2026-01-01,10154,Pro,7,1393.0
2026-02-01,10154,Pro,7,1393.0
2026-03-01,10154,Pro,7,1393.0
2026-04-01,10154,Pro,7,1393.0
2026-05-01,10154,Pro,7,1393.0
2026-06-01,10154,Pro,7,1393.0
2026-07-01,10154,Pro,7,1393.0
2026-08-01,10154,Pro,7,1393.0
2025-09-01,10155,Pro,10,1990.0
2025-10-01,10155,Pro,10,1990.0
2025-11-01,10155,Pro,10,1990.0
2025-12-01,10155,Pro,10,1990.0
2026-01-01,10155,Pro,11,2189.0
2026-02-01,10155,Pro,11,2189.0
2026-03-01,10155,Pro,11,2189.0
2026-04-01,10155,Pro,11,2189.0
2026-05-01,10155,Pro,11,2189.0
2026-06-01,10155,Pro,11,2189.0
2026-07-01,10155,Pro,12,2388.0
2026-08-01,10155,Pro,12,2388.0
2026-02-01,10156,Starter,4,316.0
2026-03-01,10156,Starter,4,316.0
2026-04-01,10156,Starter,4,316.0
2026-05-01,10156,Starter,4,316.0
2026-06-01,10156,Starter,4,316.0
2026-07-01,10156,Starter,4,316.0
2026-08-01,10156,Starter,4,316.0
2025-03-01,10157,Starter,1,79.0
2025-04-01,10157,Starter,1,79.0
2025-05-01,10157,Starter,1,79.0
2025-06-01,10157,Starter,1,79.0
2025-07-01,10157,Starter,1,79.0
2025-08-01,10157,Starter,1,79.0
2025-09-01,10157,Starter,1,79.0
2025-10-01,10157,Starter,1,79.0
2025-11-01,10157,Starter,1,79.0
2025-12-01,10157,Starter,1,79.0
2026-01-01,10157,Starter,1,79.0
2026-02-01,10157,Starter,1,79.0
2026-03-01,10157,Starter,1,79.0
2026-04-01,10157,Starter,1,79.0
2026-05-01,10157,Starter,1,79.0
2026-06-01,10157,Starter,1,79.0
2026-07-01,10157,Starter,1,79.0
2026-08-01,10157,Starter,1,79.0
2025-12-01,10158,Business,27,13473.0
2026-01-01,10158,Business,27,13473.0
2026-02-01,10158,Business,28,13972.0
2026-03-01,10158,Business,28,13972.0
2026-04-01,10158,Business,29,14471.000000000002
2026-05-01,10158,Business,29,14471.000000000002
2026-06-01,10158,Business,29,14471.000000000002
2026-07-01,10158,Business,30,14970.0
2026-08-01,10158,Business,30,14970.0
2025-10-01,10159,Starter,1,79.0
2025-11-01,10159,Starter,1,79.0
2025-12-01,10159,Starter,1,79.0
2026-01-01,10159,Starter,1,79.0
2026-02-01,10159,Starter,1,79.0
2026-03-01,10159,Starter,1,79.0
2026-04-01,10160,Pro,6,1194.0
2026-05-01,10160,Pro,6,1194.0
2026-06-01,10160,Pro,6,1194.0
2026-07-01,10160,Pro,6,1194.0
2026-08-01,10160,Pro,6,1194.0
2026-08-01,10161,Pro,11,2189.0
2026-02-01,10162,Starter,3,237.0
2026-03-01,10162,Starter,3,237.0
2026-04-01,10162,Starter,3,237.0
2026-05-01,10162,Starter,3,237.0
2026-06-01,10162,Starter,3,237.0
2026-07-01,10162,Starter,3,237.0
2026-08-01,10162,Starter,3,237.0
2025-09-01,10163,Starter,2,158.0
2025-10-01,10163,Starter,2,158.0
2025-11-01,10163,Starter,2,158.0
2025-12-01,10163,Starter,2,158.0
2026-01-01,10163,Starter,2,158.0
2026-02-01,10163,Starter,2,158.0
2026-03-01,10163,Starter,2,158.0
2026-04-01,10163,Starter,2,158.0
2026-05-01,10163,Starter,2,158.0
2026-06-01,10163,Starter,2,158.0
2026-07-01,10163,Starter,2,158.0
2026-08-01,10163,Starter,2,158.0
2025-09-01,10164,Starter,2,158.0
2025-10-01,10164,Starter,2,158.0
2025-11-01,10164,Starter,2,158.0
2025-12-01,10164,Starter,2,158.0
2026-01-01,10164,Starter,2,158.0
2026-02-01,10164,Starter,2,158.0
2026-03-01,10164,Starter,2,158.0
2026-04-01,10164,Starter,2,158.0
2026-05-01,10164,Starter,2,158.0
2026-06-01,10164,Starter,2,158.0
2026-07-01,10164,Starter,2,158.0
2026-08-01,10164,Starter,2,158.0
2025-09-01,10165,Business,26,12974.0
2025-10-01,10165,Business,26,12974.0
2025-11-01,10165,Business,27,13473.000000000002
2025-12-01,10165,Business,27,13473.000000000002
2026-01-01,10165,Business,28,13972.0
2026-02-01,10165,Business,28,13972.0
2026-03-01,10165,Business,28,13972.0
2026-04-01,10165,Business,29,14471.0
2026-05-01,10165,Business,29,14471.0
2026-06-01,10165,Business,30,14969.999999999998
2026-07-01,10165,Business,30,14969.999999999998
2026-08-01,10165,Business,30,14969.999999999998
2026-05-01,10166,Starter,2,158.0
2026-06-01,10166,Starter,2,158.0
2026-07-01,10166,Starter,2,158.0
2026-08-01,10166,Starter,2,158.0
2025-07-01,10167,Starter,4,316.0
2025-08-01,10167,Starter,4,316.0
2025-09-01,10167,Starter,4,316.0
2025-10-01,10167,Starter,4,316.0
2025-11-01,10167,Starter,4,316.0
2025-12-01,10167,Starter,4,316.0
2026-01-01,10167,Starter,4,316.0
2026-02-01,10167,Starter,4,316.0
2026-03-01,10167,Starter,4,316.0
2026-04-01,10167,Starter,5,395.0
2026-05-01,10167,Starter,5,395.0
2026-06-01,10167,Starter,5,395.0
2026-07-01,10167,Starter,5,395.0
2026-08-01,10167,Starter,5,395.0
2025-04-01,10168,Starter,3,237.0
2025-05-01,10168,Starter,3,237.0
2025-06-01,10168,Starter,3,237.0
2025-07-01,10168,Starter,3,237.0
2025-08-01,10168,Starter,3,237.0
2025-09-01,10168,Starter,3,237.0
2025-10-01,10168,Starter,3,237.0
2025-11-01,10168,Starter,3,237.0
2025-12-01,10168,Starter,3,237.0
2026-01-01,10168,Starter,3,237.0
2026-02-01,10168,Starter,3,237.0
2026-03-01,10168,Starter,3,237.0
2026-04-01,10168,Starter,4,316.0
2026-05-01,10168,Starter,4,316.0
2026-06-01,10168,Starter,4,316.0
2026-07-01,10168,Starter,4,316.0
2026-08-01,10168,Starter,4,316.0
2025-07-01,10169,Starter,2,158.0
2025-08-01,10169,Starter,2,158.0
2025-09-01,10169,Starter,2,158.0
2025-10-01,10169,Starter,2,158.0
2025-11-01,10169,Starter,2,158.0
2025-12-01,10169,Starter,2,158.0
2026-01-01,10169,Starter,2,158.0
2026-02-01,10169,Starter,2,158.0
2026-03-01,10169,Starter,2,158.0
2026-04-01,10169,Starter,2,158.0
2026-05-01,10169,Starter,2,158.0
2026-06-01,10169,Starter,2,158.0
2026-07-01,10169,Starter,2,158.0
2026-08-01,10169,Starter,2,158.0
2025-01-01,10170,Pro,7,1393.0
2025-02-01,10170,Pro,7,1393.0
2025-03-01,10170,Pro,7,1393.0
2025-04-01,10170,Pro,7,1393.0
2025-05-01,10170,Pro,7,1393.0
2025-06-01,10170,Pro,8,1592.0
2025-07-01,10170,Pro,8,1592.0
2025-08-01,10170,Pro,8,1592.0
2025-09-01,10170,Pro,8,1592.0
2025-10-01,10170,Pro,8,1592.0
2025-11-01,10170,Pro,8,1592.0
2025-12-01,10170,Pro,8,1592.0
2026-01-01,10170,Pro,8,1592.0
2026-02-01,10170,Pro,8,1592.0
2026-03-01,10170,Pro,8,1592.0
2026-04-01,10170,Pro,8,1592.0
2026-05-01,10170,Pro,8,1592.0
2026-06-01,10170,Pro,8,1592.0
2026-07-01,10170,Pro,8,1592.0
2026-08-01,10170,Pro,8,1592.0
2025-03-01,10171,Starter,2,158.0
2025-04-01,10171,Starter,2,158.0
2025-05-01,10171,Starter,2,158.0
2025-06-01,10171,Starter,2,158.0
2025-07-01,10171,Starter,2,158.0
2025-08-01,10171,Starter,2,158.0
2025-09-01,10171,Starter,2,158.0
2025-10-01,10171,Starter,2,158.0
2025-11-01,10171,Starter,2,158.0
2025-12-01,10171,Starter,2,158.0
2026-01-01,10171,Starter,2,158.0
2026-02-01,10171,Starter,2,158.0
2026-03-01,10171,Starter,2,158.0
2026-04-01,10171,Starter,2,158.0
2026-05-01,10171,Starter,2,158.0
2026-06-01,10171,Starter,2,158.0
2026-07-01,10171,Starter,2,158.0
2026-08-01,10171,Starter,2,158.0
2025-02-01,10172,Pro,11,2189.0
2025-03-01,10172,Pro,11,2189.0
2025-04-01,10172,Pro,11,2189.0
2025-05-01,10172,Pro,11,2189.0
2025-06-01,10172,Pro,12,2388.0
2025-07-01,10172,Pro,12,2388.0
2025-08-01,10172,Pro,12,2388.0
2025-09-01,10172,Pro,12,2388.0
2025-10-01,10172,Pro,12,2388.0
2025-11-01,10172,Pro,12,2388.0
2025-12-01,10172,Pro,13,2587.0
2026-01-01,10172,Pro,13,2587.0
2026-02-01,10172,Pro,13,2587.0
2026-03-01,10172,Pro,13,2587.0
2026-04-01,10172,Pro,13,2587.0
2026-05-01,10172,Pro,13,2587.0
2026-06-01,10172,Pro,13,2587.0
2026-07-01,10172,Pro,13,2587.0
2026-08-01,10172,Pro,13,2587.0
2026-04-01,10173,Pro,10,1990.0
2026-05-01,10173,Pro,10,1990.0
2026-06-01,10173,Pro,10,1990.0
2026-07-01,10173,Pro,10,1990.0
2026-08-01,10173,Pro,11,2189.0
2026-03-01,10174,Business,10,4990.0
2026-04-01,10174,Business,10,4990.0
2026-05-01,10174,Business,10,4990.0
2026-06-01,10174,Business,10,4990.0
2026-07-01,10174,Business,11,5489.0
2026-08-01,10174,Business,11,5489.0
2026-02-01,10175,Starter,3,237.0
2026-03-01,10175,Starter,3,237.0
2026-04-01,10175,Starter,3,237.0
2026-05-01,10175,Starter,3,237.0
2026-06-01,10175,Starter,3,237.0
2026-07-01,10175,Starter,3,237.0
2025-10-01,10176,Business,13,6487.0
2025-11-01,10176,Business,13,6487.0
2025-12-01,10176,Business,13,6487.0
2026-01-01,10176,Business,14,6986.0
2026-02-01,10176,Business,14,6986.0
2026-03-01,10176,Business,14,6986.0
2026-04-01,10176,Business,14,6986.0
2026-05-01,10176,Business,14,6986.0
2026-06-01,10176,Business,15,7484.999999999999
2026-07-01,10176,Business,15,7484.999999999999
2026-08-01,10176,Business,15,7484.999999999999
2026-03-01,10177,Pro,13,2587.0
2026-04-01,10177,Pro,13,2587.0
2026-05-01,10177,Pro,13,2587.0
2026-06-01,10177,Pro,14,2786.0
2026-07-01,10177,Pro,14,2786.0
2026-08-01,10177,Pro,14,2786.0
2025-04-01,10178,Starter,2,158.0
2025-05-01,10178,Starter,2,158.0
2025-06-01,10178,Starter,2,158.0
2025-07-01,10178,Starter,2,158.0
2025-08-01,10178,Starter,2,158.0
2025-09-01,10178,Starter,2,158.0
2025-10-01,10178,Starter,2,158.0
2025-11-01,10178,Starter,2,158.0
2025-12-01,10178,Starter,2,158.0
2026-01-01,10178,Starter,2,158.0
2026-02-01,10178,Starter,2,158.0
2026-03-01,10178,Starter,2,158.0
2026-04-01,10178,Starter,2,158.0
2026-05-01,10178,Starter,2,158.0
2026-06-01,10178,Starter,2,158.0
2026-07-01,10178,Starter,2,158.0
2026-08-01,10178,Starter,2,158.0
2026-06-01,10179,Business,32,15968.0
2026-07-01,10179,Business,32,15968.0
2026-08-01,10179,Business,33,16467.0
2025-10-01,10180,Business,18,8982.0
2025-11-01,10180,Business,18,8982.0
2025-12-01,10180,Business,19,9481.0
2026-01-01,10180,Business,19,9481.0
2026-02-01,10180,Business,19,9481.0
2026-03-01,10180,Business,19,9481.0
2026-07-01,10181,Starter,2,158.0
2026-08-01,10181,Starter,2,158.0
2025-04-01,10182,Business,14,6986.0
2025-05-01,10182,Business,14,6986.0
2025-06-01,10182,Business,14,6986.0
2025-07-01,10182,Business,15,7485.0
2025-08-01,10182,Business,15,7485.0
2025-09-01,10182,Business,15,7485.0
2025-10-01,10182,Business,15,7485.0
2025-11-01,10182,Business,15,7485.0
2025-12-01,10182,Business,16,7984.0
2026-01-01,10182,Business,16,7984.0
2026-02-01,10182,Business,16,7984.0
2026-03-01,10182,Business,16,7984.0
2026-04-01,10182,Business,17,8483.0
2026-05-01,10182,Business,17,8483.0
2026-06-01,10182,Business,17,8483.0
2026-07-01,10182,Business,17,8483.0
2026-08-01,10182,Business,17,8483.0
2025-10-01,10183,Pro,6,1194.0
2025-11-01,10183,Pro,6,1194.0
2025-12-01,10183,Pro,6,1194.0
2026-01-01,10183,Pro,6,1194.0
2026-02-01,10183,Pro,6,1194.0
2026-03-01,10183,Pro,6,1194.0
2026-04-01,10183,Pro,7,1393.0
2026-05-01,10183,Pro,7,1393.0
2026-06-01,10183,Pro,7,1393.0
2026-07-01,10183,Pro,7,1393.0
2026-08-01,10183,Pro,7,1393.0
2026-02-01,10184,Pro,5,995.0
2026-03-01,10184,Pro,5,995.0
2026-04-01,10184,Pro,5,995.0
2026-05-01,10184,Pro,5,995.0
2026-06-01,10184,Pro,5,995.0
2026-07-01,10184,Pro,5,995.0
2026-08-01,10184,Pro,5,995.0
2025-10-01,10185,Enterprise,47,61053.0
2025-11-01,10185,Enterprise,48,62351.99999999999
2025-12-01,10185,Enterprise,48,62351.99999999999
2026-01-01,10185,Enterprise,49,63651.00000000001
2026-02-01,10185,Enterprise,50,64950.0
2026-03-01,10185,Enterprise,51,66249.0
2026-04-01,10185,Enterprise,51,66249.0
2026-05-01,10185,Enterprise,52,67548.0
2026-06-01,10185,Enterprise,53,68847.0
2026-07-01,10185,Enterprise,53,68847.0
2026-08-01,10185,Enterprise,54,70146.0
2025-09-01,10186,Starter,2,158.0
2025-10-01,10186,Starter,2,158.0
2025-11-01,10186,Starter,2,158.0
2025-12-01,10186,Starter,2,158.0
2026-01-01,10186,Starter,2,158.0
2026-02-01,10186,Starter,2,158.0
2026-03-01,10186,Starter,2,158.0
2026-04-01,10186,Starter,2,158.0
2026-05-01,10186,Starter,2,158.0
2026-06-01,10186,Starter,2,158.0
2026-07-01,10186,Starter,2,158.0
2026-08-01,10186,Starter,2,158.0
2025-04-01,10187,Business,8,3992.0
2025-05-01,10187,Business,8,3992.0
2025-06-01,10187,Business,8,3992.0
2025-07-01,10187,Business,8,3992.0
2025-08-01,10187,Business,8,3992.0
2025-09-01,10187,Business,9,4491.0
2025-10-01,10187,Business,9,4491.0
2025-11-01,10187,Business,9,4491.0
2025-12-01,10187,Business,9,4491.0
2026-01-01,10187,Business,9,4491.0
2026-02-01,10187,Business,9,4491.0
2026-03-01,10187,Business,9,4491.0
2026-04-01,10187,Business,9,4491.0
2026-05-01,10187,Business,9,4491.0
2026-06-01,10187,Business,9,4491.0
2026-07-01,10187,Business,9,4491.0
2026-08-01,10187,Business,9,4491.0
2025-08-01,10188,Starter,3,237.0
2025-09-01,10188,Starter,3,237.0
2025-10-01,10188,Starter,3,237.0
2025-11-01,10188,Starter,3,237.0
2025-12-01,10188,Starter,3,237.0
2026-01-01,10188,Starter,3,237.0
2026-02-01,10188,Starter,3,237.0
2026-03-01,10188,Starter,3,237.0
2026-04-01,10188,Starter,3,237.0
2026-05-01,10188,Starter,3,237.0
2026-06-01,10188,Starter,3,237.0
2026-07-01,10188,Starter,3,237.0
2026-08-01,10188,Starter,4,316.0
2025-05-01,10189,Business,10,4990.0
2025-06-01,10189,Business,10,4990.0
2025-07-01,10189,Business,10,4990.0
2025-08-01,10189,Business,10,4990.0
2025-09-01,10189,Business,11,5489.0
2025-10-01,10189,Business,11,5489.0
2025-11-01,10189,Business,11,5489.0
2025-12-01,10189,Business,11,5489.0
2026-01-01,10189,Business,11,5489.0
2026-02-01,10189,Business,11,5489.0
2026-03-01,10189,Business,12,5988.0
2026-04-01,10189,Business,12,5988.0
2026-05-01,10189,Business,12,5988.0
2026-06-01,10189,Business,12,5988.0
2026-07-01,10189,Business,12,5988.0
2026-08-01,10189,Business,12,5988.0
2025-06-01,10190,Pro,6,1194.0
2025-07-01,10190,Pro,6,1194.0
2025-08-01,10190,Pro,6,1194.0
2025-09-01,10190,Pro,6,1194.0
2025-10-01,10190,Pro,6,1194.0
2025-11-01,10190,Pro,6,1194.0
2025-12-01,10190,Pro,7,1393.0
2026-01-01,10190,Pro,7,1393.0
2026-02-01,10190,Pro,7,1393.0
2026-03-01,10190,Pro,7,1393.0
2026-04-01,10190,Pro,7,1393.0
2026-05-01,10190,Pro,7,1393.0
2026-06-01,10190,Pro,7,1393.0
2026-07-01,10190,Pro,7,1393.0
2026-08-01,10190,Pro,7,1393.0
2026-02-01,10191,Starter,2,158.0
2026-03-01,10191,Starter,2,158.0
2026-04-01,10191,Starter,2,158.0
2026-05-01,10191,Starter,2,158.0
2026-06-01,10191,Starter,2,158.0
2026-07-01,10191,Starter,2,158.0
2026-08-01,10191,Starter,2,158.0
2026-01-01,10192,Starter,2,158.0
2026-02-01,10192,Starter,2,158.0
2026-03-01,10192,Starter,2,158.0
2026-04-01,10192,Starter,2,158.0
2026-05-01,10192,Starter,2,158.0
2026-06-01,10192,Starter,2,158.0
2026-07-01,10192,Starter,2,158.0
2026-08-01,10192,Starter,2,158.0
2025-12-01,10193,Starter,6,474.0
2026-01-01,10193,Starter,6,474.0
2026-02-01,10193,Starter,6,474.0
2026-03-01,10193,Starter,6,474.0
2026-04-01,10193,Starter,6,474.0
2026-05-01,10193,Starter,6,474.0
2026-06-01,10193,Starter,7,553.0
2026-07-01,10193,Starter,7,553.0
2026-08-01,10193,Starter,7,553.0
2025-08-01,10194,Starter,3,237.0
2025-09-01,10194,Starter,3,237.0
2025-10-01,10194,Starter,3,237.0
2025-11-01,10194,Starter,3,237.0
2025-12-01,10194,Starter,3,237.0
2026-01-01,10194,Starter,3,237.0
2026-02-01,10194,Starter,3,237.0
2026-03-01,10194,Starter,3,237.0
2026-04-01,10194,Starter,3,237.0
2026-05-01,10194,Starter,3,237.0
2026-06-01,10194,Starter,3,237.0
2026-07-01,10194,Starter,3,237.0
2026-08-01,10194,Starter,4,316.0
2026-07-01,10195,Starter,3,237.0
2026-08-01,10195,Starter,3,237.0
2025-02-01,10196,Starter,2,158.0
2025-03-01,10196,Starter,2,158.0
2025-04-01,10196,Starter,2,158.0
2025-05-01,10196,Starter,2,158.0
2025-06-01,10196,Starter,2,158.0
2025-07-01,10196,Starter,2,158.0
2025-08-01,10196,Starter,2,158.0
2025-09-01,10196,Starter,2,158.0
2025-10-01,10196,Starter,2,158.0
2025-11-01,10196,Starter,2,158.0
2025-12-01,10196,Starter,2,158.0
2026-01-01,10196,Starter,2,158.0
2026-02-01,10196,Starter,2,158.0
2026-03-01,10196,Starter,2,158.0
2026-04-01,10196,Starter,2,158.0
2026-05-01,10196,Starter,2,158.0
2026-06-01,10196,Starter,2,158.0
2026-07-01,10196,Starter,2,158.0
2026-08-01,10196,Starter,2,158.0
2025-07-01,10197,Starter,2,158.0
2025-08-01,10197,Starter,2,158.0
2025-09-01,10197,Starter,2,158.0
2025-10-01,10197,Starter,2,158.0
2025-11-01,10197,Starter,2,158.0
2025-12-01,10197,Starter,2,158.0
2026-01-01,10197,Starter,2,158.0
2026-02-01,10197,Starter,2,158.0
2026-03-01,10197,Starter,2,158.0
2026-04-01,10197,Starter,2,158.0
2026-05-01,10197,Starter,2,158.0
2026-06-01,10197,Starter,2,158.0
2026-07-01,10197,Starter,2,158.0
2026-08-01,10197,Starter,2,158.0
2025-03-01,10198,Starter,3,237.0
2025-04-01,10198,Starter,3,237.0
2025-05-01,10198,Starter,3,237.0
2025-06-01,10198,Starter,3,237.0
2025-07-01,10198,Starter,3,237.0
2025-08-01,10198,Starter,3,237.0
2025-09-01,10198,Starter,3,237.0
2025-10-01,10198,Starter,3,237.0
2025-11-01,10198,Starter,3,237.0
2025-12-01,10198,Starter,3,237.0
2026-01-01,10198,Starter,3,237.0
2026-02-01,10198,Starter,3,237.0
2026-03-01,10198,Starter,4,316.0
2026-04-01,10198,Starter,4,316.0
2026-05-01,10198,Starter,4,316.0
2026-06-01,10198,Starter,4,316.0
2026-07-01,10198,Starter,4,316.0
2026-08-01,10198,Starter,4,316.0
2025-07-01,10199,Pro,6,1194.0
2025-08-01,10199,Pro,6,1194.0
2025-09-01,10199,Pro,6,1194.0
2025-10-01,10199,Pro,6,1194.0
2025-11-01,10199,Pro,6,1194.0
2025-12-01,10199,Pro,6,1194.0
2026-01-01,10199,Pro,7,1393.0
2026-02-01,10199,Pro,7,1393.0
2026-03-01,10199,Pro,7,1393.0
2026-04-01,10199,Pro,7,1393.0
2026-05-01,10199,Pro,7,1393.0
2026-06-01,10199,Pro,7,1393.0
2026-07-01,10199,Pro,7,1393.0
2026-08-01,10199,Pro,7,1393.0
2026-08-01,10200,Pro,11,2189.0
2025-08-01,10201,Pro,5,995.0
2025-09-01,10201,Pro,5,995.0
2025-10-01,10201,Pro,5,995.0
2025-11-01,10201,Pro,5,995.0
2025-12-01,10201,Pro,5,995.0
2026-01-01,10201,Pro,5,995.0
2026-02-01,10201,Pro,5,995.0
2026-03-01,10201,Pro,6,1194.0
2026-04-01,10201,Pro,6,1194.0
2026-05-01,10201,Pro,6,1194.0
2026-06-01,10201,Pro,6,1194.0
2026-07-01,10201,Pro,6,1194.0
2026-08-01,10201,Pro,6,1194.0
2026-06-01,10202,Starter,3,237.0
2026-07-01,10202,Starter,3,237.0
2026-08-01,10202,Starter,3,237.0
2025-10-01,10203,Business,15,7485.0
2025-11-01,10203,Business,15,7485.0
2025-12-01,10203,Business,15,7485.0
2026-01-01,10203,Business,16,7984.0
2026-02-01,10203,Business,16,7984.0
2026-03-01,10203,Business,16,7984.0
2026-04-01,10203,Business,16,7984.0
2026-05-01,10203,Business,17,8483.0
2026-06-01,10203,Business,17,8483.0
2026-07-01,10203,Business,17,8483.0
2026-08-01,10203,Business,17,8483.0
2026-02-01,10204,Pro,8,1592.0
2026-03-01,10204,Pro,8,1592.0
2026-04-01,10204,Pro,8,1592.0
2026-05-01,10204,Pro,8,1592.0
2026-06-01,10204,Pro,8,1592.0
2026-07-01,10204,Pro,9,1791.0
2026-08-01,10204,Pro,9,1791.0
2025-10-01,10205,Starter,2,158.0
2025-11-01,10205,Starter,2,158.0
2025-12-01,10205,Starter,2,158.0
2026-01-01,10205,Starter,2,158.0
2026-02-01,10205,Starter,2,158.0
2026-03-01,10205,Starter,2,158.0
2026-04-01,10205,Starter,2,158.0
2026-05-01,10205,Starter,2,158.0
2026-06-01,10205,Starter,2,158.0
2026-07-01,10205,Starter,2,158.0
2026-08-01,10205,Starter,2,158.0
2025-06-01,10206,Starter,3,237.0
2025-07-01,10206,Starter,3,237.0
2025-08-01,10206,Starter,3,237.0
2025-09-01,10206,Starter,3,237.0
2025-10-01,10206,Starter,3,237.0
2025-11-01,10206,Starter,3,237.0
2025-12-01,10206,Starter,3,237.0
2026-01-01,10206,Starter,3,237.0
2026-02-01,10206,Starter,3,237.0
2026-03-01,10206,Starter,3,237.0
2026-04-01,10206,Starter,3,237.0
2026-05-01,10206,Starter,3,237.0
2026-06-01,10206,Starter,4,316.0
2026-07-01,10206,Starter,4,316.0
2026-08-01,10206,Starter,4,316.0
2026-04-01,10207,Pro,7,1393.0
2026-05-01,10207,Pro,7,1393.0
2026-06-01,10207,Pro,7,1393.0
2026-07-01,10207,Pro,7,1393.0
2026-08-01,10207,Pro,7,1393.0
2026-08-01,10208,Starter,2,158.0
2025-06-01,10209,Pro,9,1791.0
2025-07-01,10209,Pro,9,1791.0
2025-08-01,10209,Pro,9,1791.0
2025-09-01,10209,Pro,9,1791.0
2025-10-01,10209,Pro,10,1990.0
2025-11-01,10209,Pro,10,1990.0
2025-12-01,10209,Pro,10,1990.0
2026-01-01,10209,Pro,10,1990.0
2026-02-01,10209,Pro,10,1990.0
2026-03-01,10209,Pro,10,1990.0
2026-04-01,10209,Pro,10,1990.0
2026-05-01,10209,Pro,10,1990.0
2026-06-01,10209,Pro,11,2189.0
2026-07-01,10209,Pro,11,2189.0
2026-08-01,10209,Pro,11,2189.0
2026-04-01,10210,Enterprise,49,63651.0
2026-05-01,10210,Enterprise,50,64950.0
2026-06-01,10210,Enterprise,50,64950.0
2026-07-01,10210,Enterprise,51,66249.0
2026-08-01,10210,Enterprise,52,67548.0
2025-06-01,10211,Starter,3,237.0
2025-07-01,10211,Starter,3,237.0
2025-08-01,10211,Starter,3,237.0
2025-09-01,10211,Starter,3,237.0
2025-10-01,10211,Starter,3,237.0
2025-11-01,10211,Starter,3,237.0
2025-12-01,10211,Starter,3,237.0
2026-01-01,10211,Starter,3,237.0
2026-02-01,10211,Starter,3,237.0
2026-03-01,10211,Starter,3,237.0
2026-04-01,10211,Starter,3,237.0
2026-05-01,10211,Starter,3,237.0
2026-06-01,10211,Starter,4,316.0
2026-07-01,10211,Starter,4,316.0
2026-08-01,10211,Starter,4,316.0
2026-03-01,10212,Starter,3,237.0
2026-04-01,10212,Starter,3,237.0
2026-05-01,10212,Starter,3,237.0
2026-06-01,10212,Starter,3,237.0
2026-07-01,10212,Starter,3,237.0
2026-08-01,10212,Starter,3,237.0
2026-04-01,10213,Enterprise,59,76641.0
2026-05-01,10213,Enterprise,60,77940.0
2026-06-01,10213,Enterprise,61,79239.0
2026-07-01,10213,Enterprise,62,80538.0
2026-08-01,10213,Enterprise,63,81837.0
2025-09-01,10214,Pro,7,1393.0
2025-10-01,10214,Pro,7,1393.0
2025-11-01,10214,Pro,7,1393.0
2025-12-01,10214,Pro,7,1393.0
2026-01-01,10214,Pro,7,1393.0
2026-02-01,10214,Pro,8,1592.0
2026-03-01,10214,Pro,8,1592.0
2026-04-01,10214,Pro,8,1592.0
2026-05-01,10214,Pro,8,1592.0
2026-06-01,10214,Pro,8,1592.0
2026-07-01,10214,Pro,8,1592.0
2026-08-01,10214,Pro,8,1592.0
2026-03-01,10215,Starter,3,237.0
2026-04-01,10215,Starter,3,237.0
2026-05-01,10215,Starter,3,237.0
2026-06-01,10215,Starter,3,237.0
2026-07-01,10215,Starter,3,237.0
2026-08-01,10215,Starter,3,237.0
2025-06-01,10216,Business,19,9481.0
2025-07-01,10216,Business,19,9481.0
2025-08-01,10216,Business,20,9980.0
2025-02-01,10217,Business,33,16467.0
2025-03-01,10217,Business,33,16467.0
2025-04-01,10217,Business,34,16966.0
2025-05-01,10217,Business,34,16966.0
2025-06-01,10217,Business,35,17465.0
2025-07-01,10217,Business,35,17465.0
2025-08-01,10217,Business,36,17964.0
2025-09-01,10217,Business,36,17964.0
2025-10-01,10217,Business,37,18463.0
2025-11-01,10217,Business,37,18463.0
2025-12-01,10217,Business,38,18962.0
2026-01-01,10217,Business,38,18962.0
2026-02-01,10217,Business,39,19461.0
2026-03-01,10217,Business,39,19461.0
2026-04-01,10217,Business,39,19461.0
2026-05-01,10217,Business,39,19461.0
2026-06-01,10217,Business,39,19461.0
2026-07-01,10217,Business,39,19461.0
2026-08-01,10217,Business,39,19461.0
2025-02-01,10218,Pro,5,995.0
2025-03-01,10218,Pro,5,995.0
2025-04-01,10218,Pro,5,995.0
2025-05-01,10218,Pro,5,995.0
2025-06-01,10218,Pro,5,995.0
2025-07-01,10218,Pro,5,995.0
2025-08-01,10218,Pro,5,995.0
2025-09-01,10218,Pro,6,1194.0
2025-10-01,10218,Pro,6,1194.0
2025-11-01,10218,Pro,6,1194.0
2025-12-01,10218,Pro,6,1194.0
2026-01-01,10218,Pro,6,1194.0
2026-02-01,10218,Pro,6,1194.0
2026-03-01,10218,Pro,6,1194.0
2026-04-01,10218,Pro,6,1194.0
2026-05-01,10218,Pro,6,1194.0
2026-06-01,10218,Pro,6,1194.0
2026-07-01,10218,Pro,6,1194.0
2026-08-01,10218,Pro,6,1194.0
2025-09-01,10219,Pro,10,1990.0
2025-10-01,10219,Pro,10,1990.0
2025-11-01,10219,Pro,10,1990.0
2025-12-01,10219,Pro,10,1990.0
2026-01-01,10219,Pro,11,2189.0
2026-02-01,10219,Pro,11,2189.0
2026-03-01,10219,Pro,11,2189.0
2026-04-01,10219,Pro,11,2189.0
2026-05-01,10219,Pro,11,2189.0
2026-06-01,10219,Pro,11,2189.0
2026-07-01,10219,Pro,12,2388.0
2026-08-01,10219,Pro,12,2388.0
2026-06-01,10220,Starter,2,158.0
2026-07-01,10220,Starter,2,158.0
2026-08-01,10220,Starter,2,158.0
2025-03-01,10221,Starter,3,237.0
2025-04-01,10221,Starter,3,237.0
2025-05-01,10221,Starter,3,237.0
2025-06-01,10221,Starter,3,237.0
2025-07-01,10221,Starter,3,237.0
2025-08-01,10221,Starter,3,237.0
2025-09-01,10221,Starter,3,237.0
2025-10-01,10221,Starter,3,237.0
2025-11-01,10221,Starter,3,237.0
2025-12-01,10221,Starter,3,237.0
2026-01-01,10221,Starter,3,237.0
2026-02-01,10221,Starter,3,237.0
2026-03-01,10221,Starter,4,316.0
2026-04-01,10221,Starter,4,316.0
2026-05-01,10221,Starter,4,316.0
2026-06-01,10221,Starter,4,316.0
2026-07-01,10221,Starter,4,316.0
2026-08-01,10221,Starter,4,316.0
2025-10-01,10222,Pro,14,2786.0
2025-11-01,10222,Pro,14,2786.0
2025-12-01,10222,Pro,14,2786.0
2026-01-01,10222,Pro,15,2985.0
2026-02-01,10222,Pro,15,2985.0
2026-03-01,10222,Pro,15,2985.0
2026-04-01,10222,Pro,15,2985.0
2026-05-01,10222,Pro,15,2985.0
2026-06-01,10222,Pro,16,3184.0
2026-07-01,10222,Pro,16,3184.0
2026-08-01,10222,Pro,16,3184.0
2026-02-01,10223,Starter,4,316.0
2026-03-01,10223,Starter,4,316.0
2026-04-01,10223,Starter,4,316.0
2026-05-01,10223,Starter,4,316.0
2026-06-01,10223,Starter,4,316.0
2026-07-01,10223,Starter,4,316.0
2026-08-01,10223,Starter,4,316.0
2025-05-01,10224,Pro,8,1592.0
2025-06-01,10224,Pro,8,1592.0
2025-07-01,10224,Pro,8,1592.0
2025-08-01,10224,Pro,8,1592.0
2025-09-01,10224,Pro,8,1592.0
2025-10-01,10224,Pro,9,1791.0
2025-11-01,10224,Pro,9,1791.0
2025-12-01,10224,Pro,9,1791.0
2026-01-01,10224,Pro,9,1791.0
2026-02-01,10224,Pro,9,1791.0
2026-03-01,10224,Pro,9,1791.0
2026-04-01,10224,Pro,9,1791.0
2026-05-01,10224,Pro,9,1791.0
2026-06-01,10224,Pro,9,1791.0
2026-07-01,10224,Pro,9,1791.0
2026-08-01,10224,Pro,9,1791.0
2026-03-01,10225,Business,15,7485.0
2026-04-01,10225,Business,15,7485.0
2026-05-01,10225,Business,15,7485.0
2026-06-01,10225,Business,16,7984.0
2026-07-01,10225,Business,16,7984.0
2026-08-01,10225,Business,16,7984.0
2025-07-01,10226,Starter,3,237.0
2025-08-01,10226,Starter,3,237.0
2025-09-01,10226,Starter,3,237.0
2025-10-01,10226,Starter,3,237.0
2025-11-01,10226,Starter,3,237.0
2025-12-01,10226,Starter,3,237.0
2026-01-01,10226,Starter,3,237.0
2026-02-01,10226,Starter,3,237.0
2026-03-01,10226,Starter,3,237.0
2026-04-01,10226,Starter,3,237.0
2026-05-01,10226,Starter,3,237.0
2026-06-01,10226,Starter,3,237.0
2026-07-01,10226,Starter,4,316.0
2026-08-01,10226,Starter,4,316.0
2026-05-01,10227,Pro,7,1393.0
2026-06-01,10227,Pro,7,1393.0
2026-07-01,10227,Pro,7,1393.0
2026-08-01,10227,Pro,7,1393.0
2025-12-01,10228,Starter,2,158.0
2026-01-01,10228,Starter,2,158.0
2026-02-01,10228,Starter,2,158.0
2026-03-01,10228,Starter,2,158.0
2026-04-01,10228,Starter,2,158.0
2026-05-01,10228,Starter,2,158.0
2026-06-01,10228,Starter,2,158.0
2026-07-01,10228,Starter,2,158.0
2026-08-01,10228,Starter,2,158.0
2025-11-01,10229,Business,16,7984.0
2025-12-01,10229,Business,16,7984.0
2026-01-01,10229,Business,16,7984.0
2026-02-01,10229,Business,17,8483.0
2026-03-01,10229,Business,17,8483.0
2026-04-01,10229,Business,17,8483.0
2026-05-01,10229,Business,17,8483.0
2026-06-01,10229,Business,18,8982.0
2026-07-01,10229,Business,18,8982.0
2026-08-01,10229,Business,18,8982.0
2025-04-01,10230,Starter,3,237.0
2025-05-01,10230,Starter,3,237.0
2025-06-01,10230,Starter,3,237.0
2025-07-01,10230,Starter,3,237.0
2025-08-01,10230,Starter,3,237.0
2025-09-01,10230,Starter,3,237.0
2025-10-01,10230,Starter,3,237.0
2025-11-01,10230,Starter,3,237.0
2025-12-01,10230,Starter,3,237.0
2026-01-01,10230,Starter,3,237.0
2026-02-01,10230,Starter,3,237.0
2026-03-01,10230,Starter,3,237.0
2026-04-01,10230,Starter,4,316.0
2026-05-01,10230,Starter,4,316.0
2026-06-01,10230,Starter,4,316.0
2026-07-01,10230,Starter,4,316.0
2026-08-01,10230,Starter,4,316.0
2025-10-01,10231,Pro,6,1194.0
2025-11-01,10231,Pro,6,1194.0
2025-12-01,10231,Pro,6,1194.0
2026-01-01,10231,Pro,6,1194.0
2026-02-01,10231,Pro,6,1194.0
2026-03-01,10231,Pro,6,1194.0
2026-04-01,10231,Pro,7,1393.0
2026-05-01,10231,Pro,7,1393.0
2026-06-01,10231,Pro,7,1393.0
2026-07-01,10231,Pro,7,1393.0
2026-08-01,10231,Pro,7,1393.0
2026-05-01,10232,Pro,6,1194.0
2026-06-01,10232,Pro,6,1194.0
2026-07-01,10232,Pro,6,1194.0
2026-08-01,10232,Pro,6,1194.0
2025-01-01,10233,Starter,2,158.0
2025-02-01,10233,Starter,2,158.0
2025-03-01,10233,Starter,2,158.0
2025-04-01,10233,Starter,2,158.0
2025-05-01,10233,Starter,2,158.0
2025-06-01,10233,Starter,2,158.0
2025-07-01,10233,Starter,2,158.0
2025-08-01,10233,Starter,2,158.0
2025-09-01,10233,Starter,2,158.0
2025-10-01,10233,Starter,2,158.0
2025-11-01,10233,Starter,2,158.0
2025-12-01,10233,Starter,2,158.0
2026-01-01,10233,Starter,2,158.0
2026-02-01,10233,Starter,2,158.0
2026-03-01,10233,Starter,2,158.0
2026-04-01,10233,Starter,2,158.0
2026-05-01,10233,Starter,2,158.0
2026-06-01,10233,Starter,2,158.0
2026-07-01,10233,Starter,2,158.0
2026-08-01,10233,Starter,2,158.0
2026-04-01,10234,Pro,9,1791.0
2026-05-01,10234,Pro,9,1791.0
2026-06-01,10234,Pro,9,1791.0
2026-07-01,10234,Pro,9,1791.0
2026-08-01,10234,Pro,10,1990.0
2025-10-01,10235,Pro,10,1990.0
2025-11-01,10235,Pro,10,1990.0
2025-12-01,10235,Pro,10,1990.0
2026-01-01,10235,Pro,10,1990.0
2026-02-01,10235,Pro,11,2189.0
2026-03-01,10235,Pro,11,2189.0
2026-04-01,10235,Pro,11,2189.0
2026-05-01,10235,Pro,11,2189.0
2026-06-01,10235,Pro,11,2189.0
2026-07-01,10235,Pro,11,2189.0
2026-08-01,10235,Pro,12,2388.0
2026-03-01,10236,Pro,9,1791.0
2026-04-01,10236,Pro,9,1791.0
2026-05-01,10236,Pro,9,1791.0
2026-06-01,10236,Pro,9,1791.0
2026-07-01,10236,Pro,10,1990.0
2026-08-01,10236,Pro,10,1990.0
2026-02-01,10237,Business,25,12475.0
2026-03-01,10237,Business,25,12475.0
2026-04-01,10237,Business,26,12974.0
2026-05-01,10237,Business,26,12974.0
2026-06-01,10237,Business,26,12974.0
2026-07-01,10237,Business,27,13473.0
2026-08-01,10237,Business,27,13473.0
2025-09-01,10238,Enterprise,46,59754.0
2025-10-01,10238,Enterprise,47,61053.00000000001
2025-11-01,10238,Enterprise,47,61053.00000000001
2025-12-01,10238,Enterprise,48,62352.0
2026-01-01,10238,Enterprise,49,63651.00000000001
2026-02-01,10238,Enterprise,49,63651.00000000001
2026-03-01,10238,Enterprise,50,64950.0
2026-04-01,10238,Enterprise,51,66249.0
2026-05-01,10238,Enterprise,52,67548.0
2026-06-01,10238,Enterprise,52,67548.0
2026-07-01,10238,Enterprise,53,68847.0
2026-08-01,10238,Enterprise,54,70146.0
2025-07-01,10239,Starter,3,237.0
2025-08-01,10239,Starter,3,237.0
2025-09-01,10239,Starter,3,237.0
2025-10-01,10239,Starter,3,237.0
2025-11-01,10239,Starter,3,237.0
2025-12-01,10239,Starter,3,237.0
2026-01-01,10239,Starter,3,237.0
2026-02-01,10239,Starter,3,237.0
2026-03-01,10239,Starter,3,237.0
2026-04-01,10239,Starter,3,237.0
2026-05-01,10239,Starter,3,237.0
2026-06-01,10239,Starter,3,237.0
2026-07-01,10239,Starter,4,316.0
2026-08-01,10239,Starter,4,316.0
2026-01-01,10240,Pro,9,1791.0
2026-02-01,10240,Pro,9,1791.0
2026-03-01,10240,Pro,9,1791.0
2026-04-01,10240,Pro,9,1791.0
2026-05-01,10240,Pro,10,1990.0
2026-06-01,10240,Pro,10,1990.0
2026-07-01,10240,Pro,10,1990.0
2026-08-01,10240,Pro,10,1990.0
2025-03-01,10241,Starter,3,237.0
2025-04-01,10241,Starter,3,237.0
2025-05-01,10241,Starter,3,237.0
2025-06-01,10241,Starter,3,237.0
2025-07-01,10241,Starter,3,237.0
2025-08-01,10241,Starter,3,237.0
2025-09-01,10241,Starter,3,237.0
2025-10-01,10241,Starter,3,237.0
2025-11-01,10241,Starter,3,237.0
2025-12-01,10241,Starter,3,237.0
2026-01-01,10241,Starter,3,237.0
2026-02-01,10241,Starter,3,237.0
2026-03-01,10241,Starter,4,316.0
2026-04-01,10241,Starter,4,316.0
2026-05-01,10241,Starter,4,316.0
2026-06-01,10241,Starter,4,316.0
2026-07-01,10241,Starter,4,316.0
2026-08-01,10241,Starter,4,316.0
2025-12-01,10242,Business,15,7485.0
2026-01-01,10242,Business,15,7485.0
2026-02-01,10242,Business,15,7485.0
2026-03-01,10242,Business,16,7984.0
2026-04-01,10242,Business,16,7984.0
2026-05-01,10242,Business,16,7984.0
2026-06-01,10242,Business,16,7984.0
2026-07-01,10242,Business,17,8483.0
2026-08-01,10242,Business,17,8483.0
2025-02-01,10243,Pro,17,3383.0
2025-03-01,10243,Pro,17,3383.0
2025-04-01,10243,Pro,18,3582.0
2025-05-01,10243,Pro,18,3582.0
2025-06-01,10243,Pro,18,3582.0
2025-07-01,10243,Pro,18,3582.0
2025-08-01,10243,Pro,19,3781.0
2025-09-01,10243,Pro,19,3781.0
2025-10-01,10243,Pro,19,3781.0
2025-11-01,10243,Pro,19,3781.0
2025-12-01,10243,Pro,20,3980.0
2026-01-01,10243,Pro,20,3980.0
2026-02-01,10243,Pro,20,3980.0
2026-03-01,10243,Pro,20,3980.0
2026-04-01,10243,Pro,20,3980.0
2026-05-01,10243,Pro,20,3980.0
2026-06-01,10243,Pro,20,3980.0
2026-07-01,10243,Pro,20,3980.0
2026-08-01,10243,Pro,20,3980.0
2026-01-01,10244,Starter,3,237.0
2026-02-01,10244,Starter,3,237.0
2026-03-01,10244,Starter,3,237.0
2026-04-01,10244,Starter,3,237.0
2026-05-01,10244,Starter,3,237.0
2026-06-01,10244,Starter,3,237.0
2026-07-01,10244,Starter,3,237.0
2026-08-01,10244,Starter,3,237.0
2026-01-01,10245,Starter,2,158.0
2026-02-01,10245,Starter,2,158.0
2026-03-01,10245,Starter,2,158.0
2026-04-01,10245,Starter,2,158.0
2026-05-01,10245,Starter,2,158.0
2026-06-01,10245,Starter,2,158.0
2026-07-01,10245,Starter,2,158.0
2026-08-01,10245,Starter,2,158.0
2025-02-01,10246,Business,21,10479.0
2025-03-01,10246,Business,21,10479.0
2025-04-01,10246,Business,22,10978.0
2025-05-01,10246,Business,22,10978.0
2025-06-01,10246,Business,22,10978.0
2025-07-01,10246,Business,23,11477.000000000002
2025-08-01,10246,Business,23,11477.000000000002
2025-09-01,10246,Business,23,11477.000000000002
2025-10-01,10246,Business,24,11976.0
2025-11-01,10246,Business,24,11976.0
2025-12-01,10246,Business,24,11976.0
2026-01-01,10246,Business,24,11976.0
2026-02-01,10246,Business,25,12475.0
2026-03-01,10246,Business,25,12475.0
2026-04-01,10246,Business,25,12475.0
2026-05-01,10246,Business,25,12475.0
2026-06-01,10246,Business,25,12475.0
2026-07-01,10246,Business,25,12475.0
2026-08-01,10246,Business,25,12475.0
2026-03-01,10247,Starter,3,237.0
2026-04-01,10247,Starter,3,237.0
2026-05-01,10247,Starter,3,237.0
2026-06-01,10247,Starter,3,237.0
2026-07-01,10247,Starter,3,237.0
2026-08-01,10247,Starter,3,237.0
2025-09-01,10248,Pro,5,995.0
2025-10-01,10248,Pro,5,995.0
2025-11-01,10248,Pro,5,995.0
2025-12-01,10248,Pro,5,995.0
2026-01-01,10248,Pro,5,995.0
2026-02-01,10248,Pro,5,995.0
2026-03-01,10248,Pro,5,995.0
2026-04-01,10248,Pro,6,1194.0
2026-05-01,10248,Pro,6,1194.0
2026-06-01,10248,Pro,6,1194.0
2026-07-01,10248,Pro,6,1194.0
2026-08-01,10248,Pro,6,1194.0
2026-04-01,10249,Starter,4,316.0
2026-05-01,10249,Starter,4,316.0
2026-06-01,10249,Starter,4,316.0
2026-07-01,10249,Starter,4,316.0
2026-08-01,10249,Starter,4,316.0
2025-01-01,10250,Enterprise,44,57156.0
2025-02-01,10250,Enterprise,45,58455.0
2025-03-01,10250,Enterprise,45,58455.0
2025-04-01,10250,Enterprise,46,59754.0
2025-05-01,10250,Enterprise,47,61053.0
2025-06-01,10250,Enterprise,47,61053.0
2025-07-01,10250,Enterprise,48,62351.99999999999
2025-08-01,10250,Enterprise,49,63650.99999999999
2025-09-01,10250,Enterprise,49,63650.99999999999
2025-10-01,10250,Enterprise,50,64950.00000000001
2025-11-01,10250,Enterprise,51,66249.0
2025-12-01,10250,Enterprise,51,66249.0
2026-01-01,10250,Enterprise,52,67548.0
2026-02-01,10250,Enterprise,52,67548.0
2026-03-01,10250,Enterprise,52,67548.0
2026-04-01,10250,Enterprise,52,67548.0
2026-05-01,10250,Enterprise,52,67548.0
2026-06-01,10250,Enterprise,52,67548.0
2026-07-01,10250,Enterprise,52,67548.0
2026-08-01,10250,Enterprise,52,67548.0
2025-04-01,10251,Starter,2,158.0
2025-05-01,10251,Starter,2,158.0
2025-06-01,10251,Starter,2,158.0
2025-07-01,10251,Starter,2,158.0
2025-08-01,10251,Starter,2,158.0
2025-09-01,10251,Starter,2,158.0
2025-10-01,10251,Starter,2,158.0
2025-11-01,10251,Starter,2,158.0
2025-12-01,10251,Starter,2,158.0
2026-01-01,10251,Starter,2,158.0
2026-02-01,10251,Starter,2,158.0
2026-03-01,10251,Starter,2,158.0
2026-04-01,10251,Starter,2,158.0
2026-05-01,10251,Starter,2,158.0
2026-06-01,10251,Starter,2,158.0
2026-07-01,10251,Starter,2,158.0
2026-08-01,10251,Starter,2,158.0
2025-10-01,10252,Starter,5,395.0
2025-11-01,10252,Starter,5,395.0
2025-12-01,10252,Starter,5,395.0
2026-01-01,10252,Starter,5,395.0
2026-02-01,10252,Starter,5,395.0
2026-03-01,10252,Starter,5,395.0
2026-04-01,10252,Starter,5,395.0
2026-05-01,10252,Starter,6,474.0
2026-06-01,10252,Starter,6,474.0
2026-07-01,10252,Starter,6,474.0
2026-08-01,10252,Starter,6,474.0
2025-04-01,10253,Business,22,10978.0
2025-05-01,10253,Business,22,10978.0
2025-06-01,10253,Business,23,11477.0
2025-07-01,10253,Business,23,11477.0
2025-08-01,10253,Business,23,11477.0
2025-09-01,10253,Business,24,11976.0
2025-10-01,10253,Business,24,11976.0
2025-11-01,10253,Business,24,11976.0
2025-12-01,10253,Business,25,12475.000000000002
2026-01-01,10253,Business,25,12475.000000000002
2026-02-01,10253,Business,25,12475.000000000002
2026-03-01,10253,Business,26,12974.0
2026-04-01,10253,Business,26,12974.0
2026-05-01,10253,Business,26,12974.0
2026-06-01,10253,Business,26,12974.0
2026-07-01,10253,Business,26,12974.0
2026-08-01,10253,Business,26,12974.0
2025-07-01,10254,Business,12,5988.0
2025-08-01,10254,Business,12,5988.0
2025-09-01,10254,Business,12,5988.0
2025-10-01,10254,Business,13,6487.0
2025-11-01,10254,Business,13,6487.0
2025-12-01,10254,Business,13,6487.0
2026-01-01,10254,Business,13,6487.0
2026-02-01,10254,Business,13,6487.0
2026-03-01,10254,Business,13,6487.0
2026-04-01,10254,Business,14,6986.0
2026-05-01,10254,Business,14,6986.0
2026-06-01,10254,Business,14,6986.0
2026-07-01,10254,Business,14,6986.0
2026-08-01,10254,Business,14,6986.0
2026-02-01,10255,Starter,6,474.0
2026-03-01,10255,Starter,6,474.0
2026-04-01,10255,Starter,6,474.0
2026-05-01,10255,Starter,6,474.0
2026-06-01,10255,Starter,6,474.0
2026-07-01,10255,Starter,6,474.0
2026-08-01,10255,Starter,7,553.0
2025-03-01,10256,Pro,10,1990.0
2025-04-01,10256,Pro,10,1990.0
2025-05-01,10256,Pro,10,1990.0
2025-06-01,10256,Pro,10,1990.0
2025-07-01,10256,Pro,11,2189.0
2025-08-01,10256,Pro,11,2189.0
2025-09-01,10256,Pro,11,2189.0
2025-10-01,10256,Pro,11,2189.0
2025-11-01,10256,Pro,11,2189.0
2025-12-01,10256,Pro,11,2189.0
2026-01-01,10256,Pro,12,2388.0
2026-02-01,10256,Pro,12,2388.0
2026-03-01,10256,Pro,12,2388.0
2026-04-01,10256,Pro,12,2388.0
2026-05-01,10256,Pro,12,2388.0
2026-06-01,10256,Pro,12,2388.0
2026-07-01,10256,Pro,12,2388.0
2026-08-01,10256,Pro,12,2388.0
2026-02-01,10257,Pro,8,1592.0
2026-03-01,10257,Pro,8,1592.0
2026-04-01,10257,Pro,8,1592.0
2026-05-01,10257,Pro,8,1592.0
2026-06-01,10257,Pro,8,1592.0
2026-07-01,10257,Pro,9,1791.0
2026-08-01,10257,Pro,9,1791.0
2025-03-01,10258,Business,31,15469.0
2025-04-01,10258,Business,31,15469.0
2025-05-01,10258,Business,32,15968.0
2025-06-01,10258,Business,32,15968.0
2025-07-01,10258,Business,33,16467.0
2025-08-01,10258,Business,33,16467.0
2025-09-01,10258,Business,34,16966.0
2025-10-01,10258,Business,34,16966.0
2025-11-01,10258,Business,35,17465.0
2025-12-01,10258,Business,35,17465.0
2026-01-01,10258,Business,36,17964.0
2026-02-01,10258,Business,36,17964.0
2026-03-01,10258,Business,37,18463.0
2026-04-01,10258,Business,37,18463.0
2026-05-01,10258,Business,37,18463.0
2026-06-01,10258,Business,37,18463.0
2026-07-01,10258,Business,37,18463.0
2026-08-01,10258,Business,37,18463.0
2025-04-01,10259,Starter,3,237.0
2025-05-01,10259,Starter,3,237.0
2025-06-01,10259,Starter,3,237.0
2025-07-01,10259,Starter,3,237.0
2025-08-01,10259,Starter,3,237.0
2025-09-01,10259,Starter,3,237.0
2025-10-01,10259,Starter,3,237.0
2025-11-01,10259,Starter,3,237.0
2025-12-01,10259,Starter,3,237.0
2026-01-01,10259,Starter,3,237.0
2026-02-01,10259,Starter,3,237.0
2026-03-01,10259,Starter,3,237.0
2026-04-01,10259,Starter,4,316.0
2026-05-01,10259,Starter,4,316.0
2026-06-01,10259,Starter,4,316.0
2026-07-01,10259,Starter,4,316.0
2026-08-01,10259,Starter,4,316.0
2025-12-01,10260,Pro,8,1592.0
2026-01-01,10260,Pro,8,1592.0
2026-02-01,10260,Pro,8,1592.0
2026-03-01,10260,Pro,8,1592.0
2026-04-01,10260,Pro,8,1592.0
2026-05-01,10260,Pro,9,1791.0
2026-06-01,10260,Pro,9,1791.0
2026-07-01,10260,Pro,9,1791.0
2026-08-01,10260,Pro,9,1791.0
2026-04-01,10261,Business,14,6986.0
2026-05-01,10261,Business,14,6986.0
2026-06-01,10261,Business,14,6986.0
2026-07-01,10261,Business,15,7485.0
2026-08-01,10261,Business,15,7485.0
2025-04-01,10262,Pro,10,1990.0
2025-05-01,10262,Pro,10,1990.0
2025-06-01,10262,Pro,10,1990.0
2025-07-01,10262,Pro,10,1990.0
2025-08-01,10262,Pro,11,2189.0
2025-09-01,10262,Pro,11,2189.0
2025-10-01,10262,Pro,11,2189.0
2025-11-01,10262,Pro,11,2189.0
2025-12-01,10262,Pro,11,2189.0
2026-01-01,10262,Pro,11,2189.0
2026-02-01,10262,Pro,12,2388.0
2025-06-01,10263,Business,21,10479.0
2025-07-01,10263,Business,21,10479.0
2025-08-01,10263,Business,22,10978.0
2025-09-01,10263,Business,22,10978.0
2025-10-01,10263,Business,22,10978.0
2025-11-01,10263,Business,23,11477.000000000002
2025-12-01,10263,Business,23,11477.000000000002
2026-01-01,10263,Business,23,11477.000000000002
2026-02-01,10263,Business,24,11976.0
2026-03-01,10263,Business,24,11976.0
2026-04-01,10263,Business,24,11976.0
2026-05-01,10263,Business,24,11976.0
2026-06-01,10263,Business,25,12475.0
2026-07-01,10263,Business,25,12475.0
2026-08-01,10263,Business,25,12475.0
2026-07-01,10264,Pro,8,1592.0
2026-08-01,10264,Pro,8,1592.0
2026-08-01,10265,Starter,2,158.0
2025-12-01,10266,Business,19,9481.0
2026-01-01,10266,Business,19,9481.0
2026-02-01,10266,Business,20,9980.0
2026-03-01,10266,Business,20,9980.0
2026-04-01,10266,Business,20,9980.0
2026-05-01,10266,Business,20,9980.0
2026-06-01,10266,Business,21,10479.000000000002
2026-07-01,10266,Business,21,10479.000000000002
2026-08-01,10266,Business,21,10479.000000000002
2025-09-01,10267,Business,18,8982.0
2025-10-01,10267,Business,18,8982.0
2025-11-01,10267,Business,19,9481.0
2025-12-01,10267,Business,19,9481.0
2026-01-01,10267,Business,19,9481.0
2026-02-01,10267,Business,19,9481.0
2026-03-01,10267,Business,20,9980.0
2026-04-01,10267,Business,20,9980.0
2026-05-01,10267,Business,20,9980.0
2026-06-01,10267,Business,20,9980.0
2026-07-01,10267,Business,21,10479.0
2026-08-01,10267,Business,21,10479.0
2025-07-01,10268,Business,11,5489.0
2025-08-01,10268,Business,11,5489.0
2025-09-01,10268,Business,11,5489.0
2025-10-01,10268,Business,11,5489.0
2025-11-01,10268,Business,12,5988.0
2025-12-01,10268,Business,12,5988.0
2026-01-01,10268,Business,12,5988.0
2026-02-01,10268,Business,12,5988.0
2026-03-01,10268,Business,12,5988.0
2026-04-01,10268,Business,12,5988.0
2026-05-01,10268,Business,13,6487.0
2026-06-01,10268,Business,13,6487.0
2026-07-01,10268,Business,13,6487.0
2026-08-01,10268,Business,13,6487.0
2026-01-01,10269,Starter,2,158.0
2026-02-01,10269,Starter,2,158.0
2026-03-01,10269,Starter,2,158.0
2025-12-01,10270,Starter,4,316.0
2026-01-01,10270,Starter,4,316.0
2026-02-01,10270,Starter,4,316.0
2026-03-01,10270,Starter,4,316.0
2026-04-01,10270,Starter,4,316.0
2026-05-01,10270,Starter,4,316.0
2026-06-01,10270,Starter,4,316.0
2026-07-01,10270,Starter,4,316.0
2026-08-01,10270,Starter,4,316.0
2025-06-01,10271,Business,7,3493.0
2025-07-01,10271,Business,7,3493.0
2025-08-01,10271,Business,7,3493.0
2025-09-01,10271,Business,7,3493.0
2025-10-01,10271,Business,7,3493.0
2025-01-01,10272,Starter,3,237.0
2025-02-01,10272,Starter,3,237.0
2025-03-01,10272,Starter,3,237.0
2025-04-01,10272,Starter,3,237.0
2025-05-01,10272,Starter,3,237.0
2025-06-01,10272,Starter,3,237.0
2025-07-01,10272,Starter,3,237.0
2025-08-01,10272,Starter,3,237.0
2025-09-01,10272,Starter,3,237.0
2025-10-01,10272,Starter,3,237.0
2025-11-01,10272,Starter,3,237.0
2025-12-01,10272,Starter,3,237.0
2026-01-01,10272,Starter,4,316.0
2026-02-01,10272,Starter,4,316.0
2025-04-01,10273,Enterprise,38,49362.0
2025-05-01,10273,Enterprise,39,50661.00000000001
2025-06-01,10273,Enterprise,39,50661.00000000001
2025-07-01,10273,Enterprise,40,51960.0
2025-08-01,10273,Enterprise,40,51960.0
2025-09-01,10273,Enterprise,41,53259.0
2025-10-01,10273,Enterprise,41,53259.0
2025-11-01,10273,Enterprise,42,54558.00000000001
2025-12-01,10273,Enterprise,43,55857.0
2026-01-01,10273,Enterprise,43,55857.0
2026-02-01,10273,Enterprise,44,57156.0
2026-03-01,10273,Enterprise,44,57156.0
2026-04-01,10273,Enterprise,45,58454.99999999999
2026-05-01,10273,Enterprise,45,58454.99999999999
2026-06-01,10273,Enterprise,45,58454.99999999999
2026-07-01,10273,Enterprise,45,58454.99999999999
2026-08-01,10273,Enterprise,45,58454.99999999999
2026-07-01,10274,Starter,5,395.0
2026-08-01,10274,Starter,5,395.0
2025-09-01,10275,Pro,7,1393.0
2025-10-01,10275,Pro,7,1393.0
2025-11-01,10275,Pro,7,1393.0
2025-12-01,10275,Pro,7,1393.0
2026-01-01,10275,Pro,7,1393.0
2026-02-01,10275,Pro,8,1592.0
2026-03-01,10275,Pro,8,1592.0
2026-04-01,10275,Pro,8,1592.0
2026-05-01,10275,Pro,8,1592.0
2026-06-01,10275,Pro,8,1592.0
2026-07-01,10275,Pro,8,1592.0
2026-08-01,10275,Pro,8,1592.0
2025-10-01,10276,Business,23,11477.0
2025-11-01,10276,Business,23,11477.0
2025-12-01,10276,Business,24,11976.0
2026-01-01,10276,Business,24,11976.0
2026-02-01,10276,Business,24,11976.0
2026-03-01,10276,Business,25,12475.0
2026-04-01,10276,Business,25,12475.0
2026-05-01,10276,Business,25,12475.0
2026-06-01,10276,Business,26,12973.999999999998
2026-07-01,10276,Business,26,12973.999999999998
2026-08-01,10276,Business,26,12973.999999999998
2025-10-01,10277,Starter,3,237.0
2025-11-01,10277,Starter,3,237.0
2025-12-01,10277,Starter,3,237.0
2026-01-01,10277,Starter,3,237.0
2026-02-01,10277,Starter,3,237.0
2026-03-01,10277,Starter,3,237.0
2026-04-01,10277,Starter,3,237.0
2026-05-01,10277,Starter,3,237.0
2026-06-01,10277,Starter,3,237.0
2026-07-01,10277,Starter,3,237.0
2026-08-01,10277,Starter,3,237.0
2026-04-01,10278,Starter,3,237.0
2026-05-01,10278,Starter,3,237.0
2026-06-01,10278,Starter,3,237.0
2026-07-01,10278,Starter,3,237.0
2026-08-01,10278,Starter,3,237.0
2025-02-01,10279,Pro,10,1990.0
2025-03-01,10279,Pro,10,1990.0
2025-04-01,10279,Pro,10,1990.0
2025-05-01,10279,Pro,10,1990.0
2025-06-01,10279,Pro,11,2189.0
2025-07-01,10279,Pro,11,2189.0
2025-08-01,10279,Pro,11,2189.0
2025-09-01,10279,Pro,11,2189.0
2025-10-01,10279,Pro,11,2189.0
2025-11-01,10279,Pro,11,2189.0
2025-12-01,10279,Pro,12,2388.0
2026-01-01,10279,Pro,12,2388.0
2026-02-01,10279,Pro,12,2388.0
2026-03-01,10279,Pro,12,2388.0
2026-04-01,10279,Pro,12,2388.0
2026-05-01,10279,Pro,12,2388.0
2026-06-01,10279,Pro,12,2388.0
2026-07-01,10279,Pro,12,2388.0
2026-08-01,10279,Pro,12,2388.0
2025-02-01,10280,Pro,7,1393.0
2025-03-01,10280,Pro,7,1393.0
2025-04-01,10280,Pro,7,1393.0
2025-05-01,10280,Pro,7,1393.0
2025-06-01,10280,Pro,7,1393.0
2025-07-01,10280,Pro,8,1592.0
2025-08-01,10280,Pro,8,1592.0
2025-09-01,10280,Pro,8,1592.0
2025-10-01,10280,Pro,8,1592.0
2025-11-01,10280,Pro,8,1592.0
2025-12-01,10280,Pro,8,1592.0
2026-01-01,10280,Pro,8,1592.0
2026-02-01,10280,Pro,8,1592.0
2026-03-01,10280,Pro,8,1592.0
2026-04-01,10280,Pro,8,1592.0
2026-05-01,10280,Pro,8,1592.0
2026-06-01,10280,Pro,8,1592.0
2026-07-01,10280,Pro,8,1592.0
2026-08-01,10280,Pro,8,1592.0
2025-06-01,10281,Starter,4,316.0
2025-07-01,10281,Starter,4,316.0
2025-08-01,10281,Starter,4,316.0
2025-09-01,10281,Starter,4,316.0
2025-10-01,10281,Starter,4,316.0
2025-11-01,10281,Starter,4,316.0
2025-12-01,10281,Starter,4,316.0
2026-01-01,10281,Starter,4,316.0
2026-02-01,10281,Starter,4,316.0
2026-03-01,10281,Starter,5,395.0
2026-04-01,10281,Starter,5,395.0
2026-05-01,10281,Starter,5,395.0
2026-06-01,10281,Starter,5,395.0
2026-07-01,10281,Starter,5,395.0
2026-08-01,10281,Starter,5,395.0
2025-10-01,10282,Pro,6,1194.0
2025-11-01,10282,Pro,6,1194.0
2025-12-01,10282,Pro,6,1194.0
2026-01-01,10282,Pro,6,1194.0
2026-02-01,10282,Pro,6,1194.0
2026-03-01,10282,Pro,6,1194.0
2026-04-01,10282,Pro,7,1393.0
2026-05-01,10282,Pro,7,1393.0
2026-06-01,10282,Pro,7,1393.0
2026-07-01,10282,Pro,7,1393.0
2026-08-01,10282,Pro,7,1393.0
2026-02-01,10283,Business,20,9980.0
2026-03-01,10283,Business,20,9980.0
2026-04-01,10283,Business,21,10479.0
2026-05-01,10283,Business,21,10479.0
2026-06-01,10283,Business,21,10479.0
2026-07-01,10283,Business,22,10978.0
2026-08-01,10283,Business,22,10978.0
2025-10-01,10284,Pro,11,2189.0
2025-11-01,10284,Pro,11,2189.0
2025-12-01,10284,Pro,11,2189.0
2026-01-01,10284,Pro,11,2189.0
2026-02-01,10284,Pro,12,2388.0
2026-03-01,10284,Pro,12,2388.0
2026-04-01,10284,Pro,12,2388.0
2026-05-01,10284,Pro,12,2388.0
2026-06-01,10284,Pro,12,2388.0
2026-07-01,10284,Pro,12,2388.0
2026-08-01,10284,Pro,13,2587.0
2025-09-01,10285,Starter,4,316.0
2025-10-01,10285,Starter,4,316.0
2025-11-01,10285,Starter,4,316.0
2025-12-01,10285,Starter,4,316.0
2026-01-01,10285,Starter,4,316.0
2026-02-01,10285,Starter,4,316.0
2026-03-01,10285,Starter,4,316.0
2026-04-01,10285,Starter,4,316.0
2026-05-01,10285,Starter,4,316.0
2026-06-01,10285,Starter,5,395.0
2026-07-01,10285,Starter,5,395.0
2026-08-01,10285,Starter,5,395.0
2026-07-01,10286,Starter,6,474.0
2026-08-01,10286,Starter,6,474.0
2025-04-01,10287,Starter,2,158.0
2025-05-01,10287,Starter,2,158.0
2025-06-01,10287,Starter,2,158.0
2025-07-01,10287,Starter,2,158.0
2025-08-01,10287,Starter,2,158.0
2025-09-01,10287,Starter,2,158.0
2025-10-01,10287,Starter,2,158.0
2025-11-01,10287,Starter,2,158.0
2025-12-01,10287,Starter,2,158.0
2026-01-01,10287,Starter,2,158.0
2026-02-01,10287,Starter,2,158.0
2026-03-01,10287,Starter,2,158.0
2026-04-01,10287,Starter,2,158.0
2026-05-01,10287,Starter,2,158.0
2026-06-01,10287,Starter,2,158.0
2026-07-01,10287,Starter,2,158.0
2026-08-01,10287,Starter,2,158.0
2025-12-01,10288,Starter,2,158.0
2026-01-01,10288,Starter,2,158.0
2026-02-01,10288,Starter,2,158.0
2026-03-01,10288,Starter,2,158.0
2026-04-01,10288,Starter,2,158.0
2026-05-01,10288,Starter,2,158.0
2026-06-01,10288,Starter,2,158.0
2026-07-01,10288,Starter,2,158.0
2026-08-01,10288,Starter,2,158.0
2025-11-01,10289,Starter,2,158.0
2025-12-01,10289,Starter,2,158.0
2026-01-01,10289,Starter,2,158.0
2026-02-01,10289,Starter,2,158.0
2026-03-01,10289,Starter,2,158.0
2026-04-01,10289,Starter,2,158.0
2026-05-01,10289,Starter,2,158.0
2026-06-01,10289,Starter,2,158.0
2026-07-01,10289,Starter,2,158.0
2026-08-01,10289,Starter,2,158.0
2025-10-01,10290,Pro,10,1990.0
2025-11-01,10290,Pro,10,1990.0
2025-12-01,10290,Pro,10,1990.0
2026-01-01,10290,Pro,10,1990.0
2026-02-01,10290,Pro,11,2189.0
2026-03-01,10290,Pro,11,2189.0
2026-04-01,10290,Pro,11,2189.0
2026-05-01,10290,Pro,11,2189.0
2026-06-01,10290,Pro,11,2189.0
2026-07-01,10290,Pro,11,2189.0
2026-08-01,10290,Pro,12,2388.0
2026-04-01,10291,Starter,4,316.0
2026-05-01,10291,Starter,4,316.0
2026-06-01,10291,Starter,4,316.0
2026-07-01,10291,Starter,4,316.0
2026-08-01,10291,Starter,4,316.0
2025-06-01,10292,Enterprise,47,61053.0
2025-07-01,10292,Enterprise,48,62351.99999999999
2025-08-01,10292,Enterprise,48,62351.99999999999
2025-09-01,10292,Enterprise,49,63651.00000000001
2025-10-01,10292,Enterprise,50,64950.0
2025-11-01,10292,Enterprise,51,66249.0
2025-12-01,10292,Enterprise,51,66249.0
2026-01-01,10292,Enterprise,52,67548.0
2026-02-01,10292,Enterprise,53,68847.0
2026-03-01,10292,Enterprise,53,68847.0
2026-04-01,10292,Enterprise,54,70146.0
2026-05-01,10292,Enterprise,55,71445.0
2026-06-01,10292,Enterprise,55,71445.0
2026-07-01,10292,Enterprise,55,71445.0
2026-08-01,10292,Enterprise,55,71445.0
2026-07-01,10293,Starter,2,158.0
2026-08-01,10293,Starter,2,158.0
2025-07-01,10294,Starter,4,316.0
2025-08-01,10294,Starter,4,316.0
2025-09-01,10294,Starter,4,316.0
2025-10-01,10294,Starter,4,316.0
2025-11-01,10294,Starter,4,316.0
2025-12-01,10294,Starter,4,316.0
2026-01-01,10294,Starter,4,316.0
2026-02-01,10294,Starter,4,316.0
2026-03-01,10294,Starter,4,316.0
2026-04-01,10294,Starter,5,395.0
2026-05-01,10294,Starter,5,395.0
2026-06-01,10294,Starter,5,395.0
2026-07-01,10294,Starter,5,395.0
2026-08-01,10294,Starter,5,395.0
2025-11-01,10295,Business,12,5988.0
2025-12-01,10295,Business,12,5988.0
2026-01-01,10295,Business,12,5988.0
2026-02-01,10295,Business,13,6487.0
2026-03-01,10295,Business,13,6487.0
2026-04-01,10295,Business,13,6487.0
2026-05-01,10295,Business,13,6487.0
2026-06-01,10295,Business,13,6487.0
2025-11-01,10296,Business,27,13473.0
2025-12-01,10296,Business,27,13473.0
2026-01-01,10296,Business,28,13972.0
2026-02-01,10296,Business,28,13972.0
2026-03-01,10296,Business,29,14471.000000000002
2026-04-01,10296,Business,29,14471.000000000002
2026-05-01,10296,Business,29,14471.000000000002
2026-06-01,10296,Business,30,14970.0
2026-07-01,10296,Business,30,14970.0
2026-08-01,10296,Business,31,15469.0
2026-05-01,10297,Starter,8,632.0
2026-06-01,10297,Starter,8,632.0
2026-07-01,10297,Starter,8,632.0
2026-08-01,10297,Starter,8,632.0
2025-09-01,10298,Starter,3,237.0
2025-10-01,10298,Starter,3,237.0
2025-11-01,10298,Starter,3,237.0
2025-12-01,10298,Starter,3,237.0
2026-01-01,10298,Starter,3,237.0
2026-02-01,10298,Starter,3,237.0
2026-03-01,10298,Starter,3,237.0
2026-04-01,10298,Starter,3,237.0
2026-05-01,10298,Starter,3,237.0
2026-06-01,10298,Starter,3,237.0
2026-07-01,10298,Starter,3,237.0
2026-08-01,10298,Starter,3,237.0
2025-06-01,10299,Starter,4,316.0
2025-07-01,10299,Starter,4,316.0
2025-08-01,10299,Starter,4,316.0
2025-09-01,10299,Starter,4,316.0
2025-01-01,10300,Pro,7,1393.0
2025-02-01,10300,Pro,7,1393.0
2025-03-01,10300,Pro,7,1393.0
2025-04-01,10300,Pro,7,1393.0
2025-05-01,10300,Pro,7,1393.0
2025-06-01,10300,Pro,8,1592.0
2025-07-01,10300,Pro,8,1592.0
2025-08-01,10300,Pro,8,1592.0
2025-09-01,10300,Pro,8,1592.0
2025-10-01,10300,Pro,8,1592.0
2025-11-01,10300,Pro,8,1592.0
2025-12-01,10300,Pro,8,1592.0
2026-01-01,10300,Pro,8,1592.0
2026-02-01,10300,Pro,8,1592.0
2026-03-01,10300,Pro,8,1592.0
2026-04-01,10300,Pro,8,1592.0
2026-05-01,10300,Pro,8,1592.0
2026-06-01,10300,Pro,8,1592.0
2026-07-01,10300,Pro,8,1592.0
2026-08-01,10300,Pro,8,1592.0
2025-08-01,10301,Pro,4,796.0
2025-09-01,10301,Pro,4,796.0
2025-10-01,10301,Pro,4,796.0
2025-11-01,10301,Pro,4,796.0
2025-12-01,10301,Pro,4,796.0
2026-01-01,10301,Pro,4,796.0
2026-02-01,10301,Pro,4,796.0
2026-03-01,10301,Pro,4,796.0
2026-04-01,10301,Pro,4,796.0
2026-05-01,10301,Pro,5,995.0
2026-06-01,10301,Pro,5,995.0
2026-07-01,10301,Pro,5,995.0
2026-08-01,10301,Pro,5,995.0
2026-05-01,10302,Starter,2,158.0
2026-06-01,10302,Starter,2,158.0
2026-07-01,10302,Starter,2,158.0
2026-08-01,10302,Starter,2,158.0
2025-01-01,10303,Starter,2,158.0
2025-02-01,10303,Starter,2,158.0
2025-03-01,10303,Starter,2,158.0
2025-04-01,10303,Starter,2,158.0
2025-05-01,10303,Starter,2,158.0
2025-06-01,10303,Starter,2,158.0
2025-07-01,10303,Starter,2,158.0
2025-08-01,10303,Starter,2,158.0
2025-09-01,10303,Starter,2,158.0
2025-10-01,10303,Starter,2,158.0
2025-11-01,10303,Starter,2,158.0
2025-12-01,10303,Starter,2,158.0
2026-06-01,10304,Pro,5,995.0
2026-07-01,10304,Pro,5,995.0
2026-08-01,10304,Pro,5,995.0
2025-11-01,10305,Enterprise,82,106518.0
2025-12-01,10305,Enterprise,83,107817.0
2026-01-01,10305,Enterprise,84,109116.0
2026-02-01,10305,Enterprise,86,111714.0
2026-03-01,10305,Enterprise,87,113013.0
2026-04-01,10305,Enterprise,88,114312.0
2026-05-01,10305,Enterprise,89,115611.00000000001
2026-06-01,10305,Enterprise,91,118209.00000000001
2026-07-01,10305,Enterprise,92,119508.00000000001
2026-08-01,10305,Enterprise,93,120806.99999999999
2025-03-01,10306,Pro,9,1791.0
2025-04-01,10306,Pro,9,1791.0
2025-05-01,10306,Pro,9,1791.0
2025-06-01,10306,Pro,9,1791.0
2025-07-01,10306,Pro,10,1990.0
2025-08-01,10306,Pro,10,1990.0
2025-09-01,10306,Pro,10,1990.0
2025-10-01,10306,Pro,10,1990.0
2025-11-01,10306,Pro,10,1990.0
2025-12-01,10306,Pro,10,1990.0
2026-01-01,10306,Pro,10,1990.0
2026-02-01,10306,Pro,10,1990.0
2026-03-01,10306,Pro,11,2189.0
2026-04-01,10306,Pro,11,2189.0
2026-05-01,10306,Pro,11,2189.0
2026-06-01,10306,Pro,11,2189.0
2026-07-01,10306,Pro,11,2189.0
2026-08-01,10306,Pro,11,2189.0
2025-07-01,10307,Pro,9,1791.0
2025-08-01,10307,Pro,9,1791.0
2025-09-01,10307,Pro,9,1791.0
2025-10-01,10307,Pro,9,1791.0
2025-11-01,10307,Pro,10,1990.0
2025-12-01,10307,Pro,10,1990.0
2026-01-01,10307,Pro,10,1990.0
2026-02-01,10307,Pro,10,1990.0
2026-03-01,10307,Pro,10,1990.0
2026-04-01,10307,Pro,10,1990.0
2026-05-01,10307,Pro,10,1990.0
2026-06-01,10307,Pro,10,1990.0
2026-07-01,10307,Pro,11,2189.0
2026-08-01,10307,Pro,11,2189.0
2025-11-01,10308,Starter,3,237.0
2025-12-01,10308,Starter,3,237.0
2026-01-01,10308,Starter,3,237.0
2026-02-01,10308,Starter,3,237.0
2026-03-01,10308,Starter,3,237.0
2026-04-01,10308,Starter,3,237.0
2026-05-01,10308,Starter,3,237.0
2026-06-01,10308,Starter,3,237.0
2026-07-01,10308,Starter,3,237.0
2026-08-01,10308,Starter,3,237.0
2025-07-01,10309,Starter,3,237.0
2025-08-01,10309,Starter,3,237.0
2025-09-01,10309,Starter,3,237.0
2025-10-01,10309,Starter,3,237.0
2025-11-01,10309,Starter,3,237.0
2025-12-01,10309,Starter,3,237.0
2026-01-01,10309,Starter,3,237.0
2026-02-01,10309,Starter,3,237.0
2026-03-01,10309,Starter,3,237.0
2026-04-01,10309,Starter,3,237.0
2026-05-01,10309,Starter,3,237.0
2026-06-01,10309,Starter,3,237.0
2026-07-01,10309,Starter,4,316.0
2026-08-01,10309,Starter,4,316.0
2025-03-01,10310,Starter,4,316.0
2025-04-01,10310,Starter,4,316.0
2025-05-01,10310,Starter,4,316.0
2025-06-01,10310,Starter,4,316.0
2025-07-01,10310,Starter,4,316.0
2025-08-01,10310,Starter,4,316.0
2025-09-01,10310,Starter,4,316.0
2025-10-01,10310,Starter,4,316.0
2025-11-01,10310,Starter,4,316.0
2025-12-01,10310,Starter,5,395.0
2026-01-01,10310,Starter,5,395.0
2026-02-01,10310,Starter,5,395.0
2026-03-01,10310,Starter,5,395.0
2026-04-01,10310,Starter,5,395.0
2026-05-01,10310,Starter,5,395.0
2026-06-01,10310,Starter,5,395.0
2026-07-01,10310,Starter,5,395.0
2026-08-01,10310,Starter,5,395.0
2026-02-01,10311,Business,18,8982.0
2026-03-01,10311,Business,18,8982.0
2026-04-01,10311,Business,19,9481.0
2026-05-01,10311,Business,19,9481.0
2026-06-01,10311,Business,19,9481.0
2026-07-01,10311,Business,19,9481.0
2026-08-01,10311,Business,20,9980.0
2026-02-01,10312,Business,22,10978.0
2026-03-01,10312,Business,22,10978.0
2026-04-01,10312,Business,23,11477.0
2026-05-01,10312,Business,23,11477.0
2026-06-01,10312,Business,23,11477.0
2026-07-01,10312,Business,24,11976.0
2026-08-01,10312,Business,24,11976.0
2025-03-01,10313,Business,17,8483.0
2025-04-01,10313,Business,17,8483.0
2025-05-01,10313,Business,18,8982.0
2025-06-01,10313,Business,18,8982.0
2025-07-01,10313,Business,18,8982.0
2025-08-01,10313,Business,18,8982.0
2025-09-01,10313,Business,19,9481.0
2025-10-01,10313,Business,19,9481.0
2025-11-01,10313,Business,19,9481.0
2025-12-01,10313,Business,19,9481.0
2026-01-01,10313,Business,20,9980.0
2026-02-01,10313,Business,20,9980.0
2026-03-01,10313,Business,20,9980.0
2026-04-01,10313,Business,20,9980.0
2026-05-01,10313,Business,20,9980.0
2026-06-01,10313,Business,20,9980.0
2026-07-01,10313,Business,20,9980.0
2026-08-01,10313,Business,20,9980.0
2025-06-01,10314,Enterprise,40,51960.0
2025-07-01,10314,Enterprise,41,53258.99999999999
2025-08-01,10314,Enterprise,41,53258.99999999999
2025-09-01,10314,Enterprise,42,54558.0
2025-10-01,10314,Enterprise,42,54558.0
2025-11-01,10314,Enterprise,43,55857.0
2025-12-01,10314,Enterprise,44,57156.00000000001
2026-01-01,10314,Enterprise,44,57156.00000000001
2026-02-01,10314,Enterprise,45,58455.0
2026-03-01,10314,Enterprise,45,58455.0
2026-04-01,10314,Enterprise,46,59753.99999999999
2026-05-01,10314,Enterprise,47,61053.0
2026-06-01,10314,Enterprise,47,61053.0
2026-07-01,10314,Enterprise,47,61053.0
2026-08-01,10314,Enterprise,47,61053.0
2025-05-01,10315,Enterprise,28,36372.0
2025-06-01,10315,Enterprise,28,36372.0
2025-07-01,10315,Enterprise,29,37671.0
2025-08-01,10315,Enterprise,29,37671.0
2025-09-01,10315,Enterprise,30,38970.0
2025-10-01,10315,Enterprise,30,38970.0
2025-11-01,10315,Enterprise,31,40269.0
2025-12-01,10315,Enterprise,31,40269.0
2026-01-01,10315,Enterprise,31,40269.0
2026-02-01,10315,Enterprise,32,41568.0
2026-03-01,10315,Enterprise,32,41568.0
2026-04-01,10315,Enterprise,33,42867.0
2026-05-01,10315,Enterprise,33,42867.0
2026-06-01,10315,Enterprise,33,42867.0
2026-07-01,10315,Enterprise,33,42867.0
2026-08-01,10315,Enterprise,33,42867.0
2026-01-01,10316,Enterprise,23,29877.0
2026-02-01,10316,Enterprise,23,29877.0
2026-03-01,10316,Enterprise,24,31176.0
2026-04-01,10316,Enterprise,24,31176.0
2026-05-01,10316,Enterprise,24,31176.0
2026-06-01,10316,Enterprise,25,32475.0
2026-07-01,10316,Enterprise,25,32475.0
2026-08-01,10316,Enterprise,25,32475.0
2026-03-01,10317,Starter,3,237.0
2026-04-01,10317,Starter,3,237.0
2026-05-01,10317,Starter,3,237.0
2026-06-01,10317,Starter,3,237.0
2026-07-01,10317,Starter,3,237.0
2026-08-01,10317,Starter,3,237.0
2026-03-01,10318,Starter,3,237.0
2026-04-01,10318,Starter,3,237.0
2026-05-01,10318,Starter,3,237.0
2026-06-01,10318,Starter,3,237.0
2026-07-01,10318,Starter,3,237.0
2026-08-01,10318,Starter,3,237.0
2026-07-01,10319,Starter,2,158.0
2026-08-01,10319,Starter,2,158.0
2026-04-01,10320,Pro,8,1592.0
2026-05-01,10320,Pro,8,1592.0
2026-06-01,10320,Pro,8,1592.0
2026-07-01,10320,Pro,8,1592.0
2026-08-01,10320,Pro,8,1592.0
2025-07-01,10321,Starter,3,237.0
2025-08-01,10321,Starter,3,237.0
2025-09-01,10321,Starter,3,237.0
2025-10-01,10321,Starter,3,237.0
2025-11-01,10321,Starter,3,237.0
2025-12-01,10321,Starter,3,237.0
2026-01-01,10321,Starter,3,237.0
2026-02-01,10321,Starter,3,237.0
2026-03-01,10321,Starter,3,237.0
2026-04-01,10321,Starter,3,237.0
2026-05-01,10321,Starter,3,237.0
2026-06-01,10321,Starter,3,237.0
2026-07-01,10321,Starter,4,316.0
2026-08-01,10321,Starter,4,316.0
2025-03-01,10322,Business,8,3992.0
2025-04-01,10322,Business,8,3992.0
2025-05-01,10322,Business,8,3992.0
2025-06-01,10322,Business,8,3992.0
2025-07-01,10322,Business,8,3992.0
2025-08-01,10322,Business,9,4491.0
2025-09-01,10322,Business,9,4491.0
2025-10-01,10322,Business,9,4491.0
2025-11-01,10322,Business,9,4491.0
2025-12-01,10322,Business,9,4491.0
2026-01-01,10322,Business,9,4491.0
2026-02-01,10322,Business,9,4491.0
2026-03-01,10322,Business,9,4491.0
2026-01-01,10323,Pro,6,1194.0
2026-02-01,10323,Pro,6,1194.0
2026-03-01,10323,Pro,6,1194.0
2026-04-01,10323,Pro,6,1194.0
2026-05-01,10323,Pro,6,1194.0
2026-06-01,10323,Pro,6,1194.0
2026-07-01,10323,Pro,7,1393.0
2026-08-01,10323,Pro,7,1393.0
2026-07-01,10324,Pro,9,1791.0
2026-08-01,10324,Pro,9,1791.0
2026-08-01,10325,Starter,3,237.0
2025-05-01,10326,Starter,2,158.0
2025-06-01,10326,Starter,2,158.0
2025-07-01,10326,Starter,2,158.0
2025-08-01,10326,Starter,2,158.0
2025-09-01,10326,Starter,2,158.0
2025-10-01,10326,Starter,2,158.0
2025-11-01,10326,Starter,2,158.0
2025-12-01,10326,Starter,2,158.0
2026-01-01,10326,Starter,2,158.0
2026-02-01,10326,Starter,2,158.0
2026-03-01,10326,Starter,2,158.0
2026-04-01,10326,Starter,2,158.0
2026-05-01,10326,Starter,2,158.0
2026-06-01,10326,Starter,2,158.0
2026-07-01,10326,Starter,2,158.0
2026-08-01,10326,Starter,2,158.0
2025-05-01,10327,Starter,3,237.0
2025-06-01,10327,Starter,3,237.0
2025-07-01,10327,Starter,3,237.0
2025-08-01,10327,Starter,3,237.0
2025-09-01,10327,Starter,3,237.0
2025-10-01,10327,Starter,3,237.0
2025-11-01,10327,Starter,3,237.0
2025-12-01,10327,Starter,3,237.0
2026-01-01,10327,Starter,3,237.0
2026-02-01,10327,Starter,3,237.0
2026-03-01,10327,Starter,3,237.0
2026-04-01,10327,Starter,3,237.0
2026-05-01,10327,Starter,4,316.0
2026-06-01,10327,Starter,4,316.0
2026-07-01,10327,Starter,4,316.0
2026-08-01,10327,Starter,4,316.0
2025-01-01,10328,Business,26,12974.0
2025-02-01,10328,Business,26,12974.0
2025-03-01,10328,Business,27,13473.000000000002
2025-04-01,10328,Business,27,13473.000000000002
2025-05-01,10328,Business,28,13972.0
2025-06-01,10328,Business,28,13972.0
2025-07-01,10328,Business,28,13972.0
2025-08-01,10328,Business,29,14471.0
2025-09-01,10328,Business,29,14471.0
2025-10-01,10328,Business,30,14969.999999999998
2025-11-01,10328,Business,30,14969.999999999998
2025-12-01,10328,Business,30,14969.999999999998
2026-01-01,10328,Business,31,15469.0
2026-02-01,10328,Business,31,15469.0
2026-03-01,10328,Business,31,15469.0
2026-04-01,10328,Business,31,15469.0
2026-05-01,10328,Business,31,15469.0
2026-06-01,10328,Business,31,15469.0
2026-07-01,10328,Business,31,15469.0
2026-08-01,10328,Business,31,15469.0
2025-03-01,10329,Pro,11,2189.0
2025-04-01,10329,Pro,11,2189.0
2025-05-01,10329,Pro,11,2189.0
2025-06-01,10329,Pro,11,2189.0
2025-07-01,10329,Pro,12,2388.0
2025-08-01,10329,Pro,12,2388.0
2025-09-01,10329,Pro,12,2388.0
2025-10-01,10329,Pro,12,2388.0
2025-11-01,10329,Pro,12,2388.0
2025-12-01,10329,Pro,12,2388.0
2026-01-01,10329,Pro,13,2587.0
2026-02-01,10329,Pro,13,2587.0
2026-03-01,10329,Pro,13,2587.0
2026-04-01,10329,Pro,13,2587.0
2026-05-01,10329,Pro,13,2587.0
2026-06-01,10329,Pro,13,2587.0
2026-07-01,10329,Pro,13,2587.0
2026-08-01,10329,Pro,13,2587.0
2025-11-01,10330,Pro,8,1592.0
2025-12-01,10330,Pro,8,1592.0
2026-01-01,10330,Pro,8,1592.0
2026-02-01,10330,Pro,8,1592.0
2026-03-01,10330,Pro,8,1592.0
2026-04-01,10330,Pro,9,1791.0
2026-05-01,10330,Pro,9,1791.0
2026-06-01,10330,Pro,9,1791.0
2026-07-01,10330,Pro,9,1791.0
2026-08-01,10330,Pro,9,1791.0
2025-11-01,10331,Starter,3,237.0
2025-12-01,10331,Starter,3,237.0
2026-01-01,10331,Starter,3,237.0
2026-02-01,10331,Starter,3,237.0
2026-03-01,10331,Starter,3,237.0
2026-04-01,10331,Starter,3,237.0
2026-05-01,10331,Starter,3,237.0
2026-06-01,10331,Starter,3,237.0
2026-07-01,10331,Starter,3,237.0
2026-08-01,10331,Starter,3,237.0
2025-08-01,10332,Starter,2,158.0
2025-09-01,10332,Starter,2,158.0
2025-10-01,10332,Starter,2,158.0
2025-11-01,10332,Starter,2,158.0
2025-12-01,10332,Starter,2,158.0
2026-01-01,10332,Starter,2,158.0
2026-02-01,10332,Starter,2,158.0
2026-03-01,10332,Starter,2,158.0
2026-04-01,10332,Starter,2,158.0
2026-05-01,10332,Starter,2,158.0
2026-06-01,10332,Starter,2,158.0
2026-07-01,10332,Starter,2,158.0
2026-08-01,10332,Starter,2,158.0
2025-07-01,10333,Starter,4,316.0
2025-08-01,10333,Starter,4,316.0
2025-09-01,10333,Starter,4,316.0
2025-10-01,10333,Starter,4,316.0
2025-11-01,10333,Starter,4,316.0
2026-05-01,10334,Business,19,9481.0
2026-06-01,10334,Business,19,9481.0
2026-07-01,10334,Business,20,9980.0
2026-08-01,10334,Business,20,9980.0
2025-10-01,10335,Business,22,10978.0
2025-11-01,10335,Business,22,10978.0
2025-12-01,10335,Business,23,11477.0
2026-01-01,10335,Business,23,11477.0
2026-02-01,10335,Business,23,11477.0
2026-03-01,10335,Business,24,11976.0
2026-04-01,10335,Business,24,11976.0
2026-05-01,10335,Business,24,11976.0
2026-06-01,10335,Business,25,12475.000000000002
2026-07-01,10335,Business,25,12475.000000000002
2026-08-01,10335,Business,25,12475.000000000002
2026-04-01,10336,Starter,3,237.0
2026-05-01,10336,Starter,3,237.0
2026-06-01,10336,Starter,3,237.0
2026-07-01,10336,Starter,3,237.0
2026-08-01,10336,Starter,3,237.0
2026-08-01,10337,Enterprise,60,77940.0
2025-07-01,10338,Starter,3,237.0
2025-08-01,10338,Starter,3,237.0
2025-09-01,10338,Starter,3,237.0
2025-10-01,10338,Starter,3,237.0
2025-11-01,10338,Starter,3,237.0
2025-12-01,10338,Starter,3,237.0
2026-01-01,10338,Starter,3,237.0
2026-02-01,10338,Starter,3,237.0
2026-03-01,10338,Starter,3,237.0
2026-04-01,10338,Starter,3,237.0
2026-05-01,10338,Starter,3,237.0
2026-06-01,10338,Starter,3,237.0
2026-07-01,10338,Starter,4,316.0
2026-08-01,10338,Starter,4,316.0
2025-05-01,10339,Business,24,11976.0
2025-06-01,10339,Business,24,11976.0
2025-07-01,10339,Business,25,12475.0
2025-08-01,10339,Business,25,12475.0
2025-09-01,10339,Business,25,12475.0
2025-10-01,10339,Business,26,12974.0
2025-11-01,10339,Business,26,12974.0
2025-12-01,10339,Business,27,13473.0
2026-01-01,10339,Business,27,13473.0
2026-02-01,10339,Business,27,13473.0
2026-03-01,10339,Business,28,13972.0
2026-04-01,10339,Business,28,13972.0
2026-05-01,10339,Business,28,13972.0
2026-06-01,10339,Business,28,13972.0
2026-07-01,10339,Business,28,13972.0
2026-08-01,10339,Business,28,13972.0
2026-07-01,10340,Starter,4,316.0
2026-08-01,10340,Starter,4,316.0
2026-01-01,10341,Starter,2,158.0
2026-02-01,10341,Starter,2,158.0
2026-03-01,10341,Starter,2,158.0
2026-04-01,10341,Starter,2,158.0
2026-05-01,10341,Starter,2,158.0
2026-06-01,10341,Starter,2,158.0
2026-07-01,10341,Starter,2,158.0
2026-08-01,10341,Starter,2,158.0
2025-06-01,10342,Business,10,4990.0
2025-07-01,10342,Business,10,4990.0
2025-08-01,10342,Business,10,4990.0
2025-09-01,10342,Business,10,4990.0
2025-10-01,10342,Business,11,5489.0
2025-11-01,10342,Business,11,5489.0
2025-12-01,10342,Business,11,5489.0
2026-01-01,10342,Business,11,5489.0
2026-02-01,10342,Business,11,5489.0
2026-03-01,10342,Business,11,5489.0
2026-04-01,10342,Business,12,5988.0
2026-05-01,10342,Business,12,5988.0
2026-06-01,10342,Business,12,5988.0
2026-07-01,10342,Business,12,5988.0
2026-08-01,10342,Business,12,5988.0
2026-01-01,10343,Starter,5,395.0
2026-02-01,10343,Starter,5,395.0
2026-03-01,10343,Starter,5,395.0
2026-04-01,10343,Starter,5,395.0
2026-05-01,10343,Starter,5,395.0
2026-06-01,10343,Starter,5,395.0
2026-07-01,10343,Starter,5,395.0
2026-08-01,10343,Starter,6,474.0
2025-11-01,10344,Starter,3,237.0
2025-12-01,10344,Starter,3,237.0
2026-01-01,10344,Starter,3,237.0
2026-02-01,10344,Starter,3,237.0
2026-03-01,10344,Starter,3,237.0
2026-04-01,10344,Starter,3,237.0
2026-05-01,10344,Starter,3,237.0
2026-06-01,10344,Starter,3,237.0
2026-07-01,10344,Starter,3,237.0
2026-08-01,10344,Starter,3,237.0
2026-06-01,10345,Pro,4,796.0
2026-07-01,10345,Pro,4,796.0
2026-08-01,10345,Pro,4,796.0
2025-06-01,10346,Starter,2,158.0
2025-07-01,10346,Starter,2,158.0
2025-08-01,10346,Starter,2,158.0
2025-09-01,10346,Starter,2,158.0
2025-10-01,10346,Starter,2,158.0
2025-11-01,10346,Starter,2,158.0
2025-12-01,10346,Starter,2,158.0
2026-01-01,10346,Starter,2,158.0
2026-02-01,10346,Starter,2,158.0
2026-03-01,10346,Starter,2,158.0
2026-04-01,10346,Starter,2,158.0
2026-05-01,10346,Starter,2,158.0
2026-06-01,10346,Starter,2,158.0
2026-07-01,10346,Starter,2,158.0
2026-08-01,10346,Starter,2,158.0
2026-08-01,10347,Pro,10,1990.0
2026-07-01,10348,Business,16,7984.0
2026-08-01,10348,Business,16,7984.0
2025-04-01,10349,Business,15,7485.0
2025-05-01,10349,Business,15,7485.0
2025-06-01,10349,Business,15,7485.0
2025-07-01,10349,Business,16,7984.0
2025-08-01,10349,Business,16,7984.0
2025-09-01,10349,Business,16,7984.0
2025-10-01,10349,Business,16,7984.0
2025-11-01,10349,Business,17,8483.0
2025-12-01,10349,Business,17,8483.0
2026-01-01,10349,Business,17,8483.0
2026-02-01,10349,Business,17,8483.0
2026-03-01,10349,Business,17,8483.0
2026-04-01,10349,Business,18,8982.0
2026-05-01,10349,Business,18,8982.0
2026-06-01,10349,Business,18,8982.0
2026-07-01,10349,Business,18,8982.0
2026-08-01,10349,Business,18,8982.0
2025-04-01,10350,Starter,5,395.0
2025-05-01,10350,Starter,5,395.0
2025-06-01,10350,Starter,5,395.0
2025-07-01,10350,Starter,5,395.0
2025-08-01,10350,Starter,5,395.0
2025-09-01,10350,Starter,5,395.0
2025-10-01,10350,Starter,5,395.0
2025-11-01,10350,Starter,6,474.0
2025-12-01,10350,Starter,6,474.0
2026-01-01,10350,Starter,6,474.0
2026-02-01,10350,Starter,6,474.0
2026-03-01,10350,Starter,6,474.0
2026-04-01,10350,Starter,6,474.0
2026-05-01,10350,Starter,6,474.0
2026-06-01,10350,Starter,6,474.0
2026-07-01,10350,Starter,6,474.0
2026-08-01,10350,Starter,6,474.0
2025-11-01,10351,Pro,6,1194.0
2025-12-01,10351,Pro,6,1194.0
2026-01-01,10351,Pro,6,1194.0
2026-02-01,10351,Pro,6,1194.0
2026-03-01,10351,Pro,6,1194.0
2026-04-01,10351,Pro,6,1194.0
2026-05-01,10351,Pro,7,1393.0
2026-06-01,10351,Pro,7,1393.0
2026-07-01,10351,Pro,7,1393.0
2026-08-01,10351,Pro,7,1393.0
2025-01-01,10352,Starter,2,158.0
2025-02-01,10352,Starter,2,158.0
2025-03-01,10352,Starter,2,158.0
2025-04-01,10352,Starter,2,158.0
2025-05-01,10352,Starter,2,158.0
2025-06-01,10352,Starter,2,158.0
2025-07-01,10352,Starter,2,158.0
2025-08-01,10352,Starter,2,158.0
2025-09-01,10352,Starter,2,158.0
2025-10-01,10352,Starter,2,158.0
2025-11-01,10352,Starter,2,158.0
2025-12-01,10352,Starter,2,158.0
2026-01-01,10352,Starter,2,158.0
2026-02-01,10352,Starter,2,158.0
2026-03-01,10352,Starter,2,158.0
2026-04-01,10352,Starter,2,158.0
2026-05-01,10352,Starter,2,158.0
2026-06-01,10352,Starter,2,158.0
2026-07-01,10352,Starter,2,158.0
2026-08-01,10352,Starter,2,158.0
2025-06-01,10353,Starter,3,237.0
2025-07-01,10353,Starter,3,237.0
2025-08-01,10353,Starter,3,237.0
2025-09-01,10353,Starter,3,237.0
2025-10-01,10353,Starter,3,237.0
2025-11-01,10353,Starter,3,237.0
2025-12-01,10353,Starter,3,237.0
2026-01-01,10353,Starter,3,237.0
2026-02-01,10353,Starter,3,237.0
2026-03-01,10353,Starter,3,237.0
2026-04-01,10353,Starter,3,237.0
2026-05-01,10353,Starter,3,237.0
2026-06-01,10353,Starter,4,316.0
2026-07-01,10353,Starter,4,316.0
2026-08-01,10353,Starter,4,316.0
2025-09-01,10354,Starter,3,237.0
2025-10-01,10354,Starter,3,237.0
2025-11-01,10354,Starter,3,237.0
2025-12-01,10354,Starter,3,237.0
2026-01-01,10354,Starter,3,237.0
2026-02-01,10354,Starter,3,237.0
2026-03-01,10354,Starter,3,237.0
2026-04-01,10354,Starter,3,237.0
2026-05-01,10354,Starter,3,237.0
2026-06-01,10354,Starter,3,237.0
2026-07-01,10354,Starter,3,237.0
2026-08-01,10354,Starter,3,237.0
2026-08-01,10355,Enterprise,54,70146.0
2026-08-01,10356,Business,25,12475.0
2025-04-01,10357,Business,19,9481.0
2025-05-01,10357,Business,19,9481.0
2025-06-01,10357,Business,20,9980.0
2025-07-01,10357,Business,20,9980.0
2025-08-01,10357,Business,20,9980.0
2025-09-01,10357,Business,20,9980.0
2025-10-01,10357,Business,21,10479.000000000002
2025-11-01,10357,Business,21,10479.000000000002
2025-12-01,10357,Business,21,10479.000000000002
2026-01-01,10357,Business,22,10978.0
2026-02-01,10357,Business,22,10978.0
2026-03-01,10357,Business,22,10978.0
2026-06-01,10358,Pro,9,1791.0
2026-07-01,10358,Pro,9,1791.0
2026-08-01,10358,Pro,9,1791.0
2025-02-01,10359,Pro,7,1393.0
2025-03-01,10359,Pro,7,1393.0
2025-04-01,10359,Pro,7,1393.0
2025-05-01,10359,Pro,7,1393.0
2025-06-01,10359,Pro,7,1393.0
2025-07-01,10359,Pro,8,1592.0
2025-08-01,10359,Pro,8,1592.0
2025-09-01,10359,Pro,8,1592.0
2025-10-01,10359,Pro,8,1592.0
2025-11-01,10359,Pro,8,1592.0
2025-12-01,10359,Pro,8,1592.0
2026-01-01,10359,Pro,8,1592.0
2026-02-01,10359,Pro,8,1592.0
2026-03-01,10359,Pro,8,1592.0
2026-04-01,10359,Pro,8,1592.0
2026-05-01,10359,Pro,8,1592.0
2026-06-01,10359,Pro,8,1592.0
2026-07-01,10359,Pro,8,1592.0
2026-08-01,10359,Pro,8,1592.0
2026-03-01,10360,Pro,8,1592.0
2026-04-01,10360,Pro,8,1592.0
2026-05-01,10360,Pro,8,1592.0
2026-06-01,10360,Pro,8,1592.0
2026-07-01,10360,Pro,8,1592.0
2026-08-01,10360,Pro,9,1791.0
2026-05-01,10361,Pro,8,1592.0
2026-06-01,10361,Pro,8,1592.0
2026-07-01,10361,Pro,8,1592.0
2026-08-01,10361,Pro,8,1592.0
2026-06-01,10362,Pro,9,1791.0
2026-07-01,10362,Pro,9,1791.0
2026-08-01,10362,Pro,9,1791.0
2025-05-01,10363,Starter,4,316.0
2025-06-01,10363,Starter,4,316.0
2025-07-01,10363,Starter,4,316.0
2025-08-01,10363,Starter,4,316.0
2025-09-01,10363,Starter,4,316.0
2025-10-01,10363,Starter,4,316.0
2025-11-01,10363,Starter,4,316.0
2025-12-01,10363,Starter,4,316.0
2026-01-01,10363,Starter,4,316.0
2026-02-01,10363,Starter,5,395.0
2026-03-01,10363,Starter,5,395.0
2026-04-01,10363,Starter,5,395.0
2026-05-01,10363,Starter,5,395.0
2026-06-01,10363,Starter,5,395.0
2026-07-01,10363,Starter,5,395.0
2026-08-01,10363,Starter,5,395.0
2026-06-01,10364,Starter,4,316.0
2026-07-01,10364,Starter,4,316.0
2026-08-01,10364,Starter,4,316.0
2025-03-01,10365,Enterprise,46,59754.0
2025-04-01,10365,Enterprise,47,61053.00000000001
2025-05-01,10365,Enterprise,47,61053.00000000001
2025-06-01,10365,Enterprise,48,62352.0
2025-07-01,10365,Enterprise,49,63651.00000000001
2025-08-01,10365,Enterprise,49,63651.00000000001
2025-09-01,10365,Enterprise,50,64950.0
2025-10-01,10365,Enterprise,51,66249.0
2025-11-01,10365,Enterprise,52,67548.0
2025-12-01,10365,Enterprise,52,67548.0
2026-01-01,10365,Enterprise,53,68847.0
2026-02-01,10365,Enterprise,54,70146.0
2026-03-01,10365,Enterprise,54,70146.0
2026-04-01,10365,Enterprise,54,70146.0
2026-05-01,10365,Enterprise,54,70146.0
2026-06-01,10365,Enterprise,54,70146.0
2026-07-01,10365,Enterprise,54,70146.0
2026-08-01,10365,Enterprise,54,70146.0
2025-11-01,10366,Pro,6,1194.0
2025-12-01,10366,Pro,6,1194.0
2026-01-01,10366,Pro,6,1194.0
2026-02-01,10366,Pro,6,1194.0
2026-03-01,10366,Pro,6,1194.0
2026-04-01,10366,Pro,6,1194.0
2026-05-01,10366,Pro,7,1393.0
2026-06-01,10366,Pro,7,1393.0
2026-07-01,10366,Pro,7,1393.0
2026-08-01,10366,Pro,7,1393.0
2025-10-01,10367,Enterprise,46,59754.0
2025-11-01,10367,Enterprise,47,61053.00000000001
2025-12-01,10367,Enterprise,47,61053.00000000001
2026-01-01,10367,Enterprise,48,62352.0
2026-02-01,10367,Enterprise,49,63651.00000000001
2026-03-01,10367,Enterprise,49,63651.00000000001
2026-04-01,10367,Enterprise,50,64950.0
2026-05-01,10367,Enterprise,51,66249.0
2026-06-01,10367,Enterprise,52,67548.0
2026-07-01,10367,Enterprise,52,67548.0
2026-08-01,10367,Enterprise,53,68847.0
2025-07-01,10368,Starter,3,237.0
2025-08-01,10368,Starter,3,237.0
2025-09-01,10368,Starter,3,237.0
2025-10-01,10368,Starter,3,237.0
2025-11-01,10368,Starter,3,237.0
2025-12-01,10368,Starter,3,237.0
2026-01-01,10368,Starter,3,237.0
2026-02-01,10368,Starter,3,237.0
2026-03-01,10368,Starter,3,237.0
2026-04-01,10368,Starter,3,237.0
2026-05-01,10368,Starter,3,237.0
2026-06-01,10368,Starter,3,237.0
2026-07-01,10368,Starter,4,316.0
2026-08-01,10368,Starter,4,316.0
2025-01-01,10369,Pro,9,1791.0
2025-02-01,10369,Pro,9,1791.0
2025-03-01,10369,Pro,9,1791.0
2025-04-01,10369,Pro,9,1791.0
2025-05-01,10369,Pro,10,1990.0
2025-06-01,10369,Pro,10,1990.0
2025-07-01,10369,Pro,10,1990.0
2025-08-01,10369,Pro,10,1990.0
2025-09-01,10369,Pro,10,1990.0
2025-10-01,10369,Pro,10,1990.0
2025-11-01,10369,Pro,10,1990.0
2025-12-01,10369,Pro,10,1990.0
2026-01-01,10369,Pro,11,2189.0
2026-02-01,10369,Pro,11,2189.0
2026-03-01,10369,Pro,11,2189.0
2026-04-01,10369,Pro,11,2189.0
2026-05-01,10369,Pro,11,2189.0
2026-06-01,10369,Pro,11,2189.0
2026-07-01,10369,Pro,11,2189.0
2026-08-01,10369,Pro,11,2189.0
2026-04-01,10370,Starter,6,474.0
2026-05-01,10370,Starter,6,474.0
2026-06-01,10370,Starter,6,474.0
2026-07-01,10370,Starter,6,474.0
2026-08-01,10370,Starter,6,474.0
2025-07-01,10371,Starter,2,158.0
2025-08-01,10371,Starter,2,158.0
2025-09-01,10371,Starter,2,158.0
2025-10-01,10371,Starter,2,158.0
2025-11-01,10371,Starter,2,158.0
2025-12-01,10371,Starter,2,158.0
2026-01-01,10371,Starter,2,158.0
2026-02-01,10371,Starter,2,158.0
2026-03-01,10371,Starter,2,158.0
2026-04-01,10371,Starter,2,158.0
2026-05-01,10371,Starter,2,158.0
2026-06-01,10371,Starter,2,158.0
2026-07-01,10371,Starter,2,158.0
2026-08-01,10371,Starter,2,158.0
2026-02-01,10372,Starter,3,237.0
2026-03-01,10372,Starter,3,237.0
2026-04-01,10372,Starter,3,237.0
2026-05-01,10372,Starter,3,237.0
2026-06-01,10372,Starter,3,237.0
2026-07-01,10372,Starter,3,237.0
2026-08-01,10372,Starter,3,237.0
2025-09-01,10373,Starter,4,316.0
2025-10-01,10373,Starter,4,316.0
2025-11-01,10373,Starter,4,316.0
2025-12-01,10373,Starter,4,316.0
2026-01-01,10373,Starter,4,316.0
2026-02-01,10373,Starter,4,316.0
2026-03-01,10373,Starter,4,316.0
2026-04-01,10373,Starter,4,316.0
2026-05-01,10373,Starter,4,316.0
2026-06-01,10373,Starter,5,395.0
2026-07-01,10373,Starter,5,395.0
2026-08-01,10373,Starter,5,395.0
2025-08-01,10374,Business,19,9481.0
2025-09-01,10374,Business,19,9481.0
2025-10-01,10374,Business,20,9980.0
2025-11-01,10374,Business,20,9980.0
2025-12-01,10374,Business,20,9980.0
2026-01-01,10374,Business,20,9980.0
2026-02-01,10374,Business,21,10479.000000000002
2026-03-01,10374,Business,21,10479.000000000002
2026-04-01,10374,Business,21,10479.000000000002
2026-05-01,10374,Business,22,10978.0
2026-06-01,10374,Business,22,10978.0
2026-07-01,10374,Business,22,10978.0
2026-08-01,10374,Business,22,10978.0
2026-06-01,10375,Starter,7,553.0
2026-07-01,10375,Starter,7,553.0
2026-08-01,10375,Starter,7,553.0
2025-02-01,10376,Pro,7,1393.0
2025-03-01,10376,Pro,7,1393.0
2025-04-01,10376,Pro,7,1393.0
2025-05-01,10376,Pro,7,1393.0
2025-06-01,10376,Pro,7,1393.0
2025-07-01,10376,Pro,8,1592.0
2025-08-01,10376,Pro,8,1592.0
2025-09-01,10376,Pro,8,1592.0
2025-10-01,10376,Pro,8,1592.0
2025-11-01,10376,Pro,8,1592.0
2025-12-01,10376,Pro,8,1592.0
2026-01-01,10376,Pro,8,1592.0
2026-02-01,10376,Pro,8,1592.0
2026-03-01,10376,Pro,8,1592.0
2026-04-01,10376,Pro,8,1592.0
2026-05-01,10376,Pro,8,1592.0
2026-06-01,10376,Pro,8,1592.0
2026-07-01,10376,Pro,8,1592.0
2026-08-01,10376,Pro,8,1592.0
2026-03-01,10377,Pro,9,1791.0
2026-04-01,10377,Pro,9,1791.0
2026-05-01,10377,Pro,9,1791.0
2026-06-01,10377,Pro,9,1791.0
2026-07-01,10377,Pro,10,1990.0
2026-08-01,10377,Pro,10,1990.0
2026-03-01,10378,Starter,2,158.0
2026-04-01,10378,Starter,2,158.0
2026-05-01,10378,Starter,2,158.0
2026-06-01,10378,Starter,2,158.0
2026-07-01,10378,Starter,2,158.0
2026-08-01,10378,Starter,2,158.0
2025-08-01,10379,Pro,7,1393.0
2025-09-01,10379,Pro,7,1393.0
2025-10-01,10379,Pro,7,1393.0
2025-11-01,10379,Pro,7,1393.0
2025-12-01,10379,Pro,7,1393.0
2026-01-01,10379,Pro,8,1592.0
2026-02-01,10379,Pro,8,1592.0
2026-03-01,10379,Pro,8,1592.0
2026-04-01,10379,Pro,8,1592.0
2026-05-01,10379,Pro,8,1592.0
2026-06-01,10379,Pro,8,1592.0
2026-07-01,10379,Pro,8,1592.0
2026-08-01,10379,Pro,8,1592.0
2025-06-01,10380,Starter,3,237.0
2025-07-01,10380,Starter,3,237.0
2025-08-01,10380,Starter,3,237.0
2025-09-01,10380,Starter,3,237.0
2025-10-01,10380,Starter,3,237.0
2025-11-01,10380,Starter,3,237.0
2025-12-01,10380,Starter,3,237.0
2026-01-01,10380,Starter,3,237.0
2026-02-01,10380,Starter,3,237.0
2026-03-01,10380,Starter,3,237.0
2026-04-01,10380,Starter,3,237.0
2026-05-01,10380,Starter,3,237.0
2026-06-01,10380,Starter,4,316.0
2026-07-01,10380,Starter,4,316.0
2026-08-01,10380,Starter,4,316.0
2025-01-01,10381,Enterprise,61,79239.0
2025-02-01,10381,Enterprise,62,80538.0
2025-03-01,10381,Enterprise,63,81837.0
2025-04-01,10381,Enterprise,64,83136.0
2025-05-01,10381,Enterprise,65,84435.0
2025-06-01,10381,Enterprise,66,85734.0
2025-07-01,10381,Enterprise,66,85734.0
2025-08-01,10381,Enterprise,67,87033.00000000001
2025-09-01,10381,Enterprise,68,88331.99999999999
2025-10-01,10381,Enterprise,69,89631.0
2025-11-01,10381,Enterprise,70,90930.0
2025-12-01,10381,Enterprise,71,92229.0
2026-01-01,10381,Enterprise,72,93528.0
2026-02-01,10381,Enterprise,72,93528.0
2026-03-01,10381,Enterprise,72,93528.0
2026-04-01,10381,Enterprise,72,93528.0
2026-05-01,10381,Enterprise,72,93528.0
2026-06-01,10381,Enterprise,72,93528.0
2026-07-01,10381,Enterprise,72,93528.0
2026-08-01,10381,Enterprise,72,93528.0
2026-07-01,10382,Business,20,9980.0
2026-08-01,10382,Business,20,9980.0
2026-07-01,10383,Business,28,13972.0
2026-08-01,10383,Business,28,13972.0
2025-05-01,10384,Pro,8,1592.0
2025-06-01,10384,Pro,8,1592.0
2025-07-01,10384,Pro,8,1592.0
2025-08-01,10384,Pro,8,1592.0
2025-09-01,10384,Pro,8,1592.0
2025-10-01,10384,Pro,9,1791.0
2025-11-01,10384,Pro,9,1791.0
2025-12-01,10384,Pro,9,1791.0
2026-01-01,10384,Pro,9,1791.0
2026-02-01,10384,Pro,9,1791.0
2026-03-01,10384,Pro,9,1791.0
2026-04-01,10384,Pro,9,1791.0
2026-05-01,10384,Pro,9,1791.0
2026-06-01,10384,Pro,9,1791.0
2026-07-01,10384,Pro,9,1791.0
2026-08-01,10384,Pro,9,1791.0
2025-01-01,10385,Starter,3,237.0
2025-02-01,10385,Starter,3,237.0
2025-03-01,10385,Starter,3,237.0
2025-04-01,10385,Starter,3,237.0
2025-05-01,10385,Starter,3,237.0
2025-06-01,10385,Starter,3,237.0
2025-07-01,10385,Starter,3,237.0
2025-08-01,10385,Starter,3,237.0
2025-09-01,10385,Starter,3,237.0
2025-10-01,10385,Starter,3,237.0
2025-11-01,10385,Starter,3,237.0
2025-12-01,10385,Starter,3,237.0
2026-01-01,10385,Starter,4,316.0
2026-02-01,10385,Starter,4,316.0
2026-03-01,10385,Starter,4,316.0
2026-04-01,10385,Starter,4,316.0
2026-05-01,10385,Starter,4,316.0
2026-06-01,10385,Starter,4,316.0
2026-07-01,10385,Starter,4,316.0
2026-08-01,10385,Starter,4,316.0
2025-03-01,10386,Business,46,22954.0
2025-04-01,10386,Business,47,23453.000000000004
2025-05-01,10386,Business,47,23453.000000000004
2025-06-01,10386,Business,48,23952.0
2025-07-01,10386,Business,49,24451.0
2025-08-01,10386,Business,49,24451.0
2025-09-01,10386,Business,50,24950.0
2025-10-01,10386,Business,51,25449.0
2025-11-01,10386,Business,52,25947.999999999996
2025-12-01,10386,Business,52,25947.999999999996
2026-01-01,10386,Business,53,26447.0
2026-02-01,10386,Business,54,26946.000000000004
2026-03-01,10386,Business,54,26946.000000000004
2026-04-01,10386,Business,54,26946.000000000004
2026-05-01,10386,Business,54,26946.000000000004
2026-06-01,10386,Business,54,26946.000000000004
2026-07-01,10386,Business,54,26946.000000000004
2026-08-01,10386,Business,54,26946.000000000004
2025-02-01,10387,Starter,3,237.0
2025-03-01,10387,Starter,3,237.0
2025-04-01,10387,Starter,3,237.0
2025-05-01,10387,Starter,3,237.0
2025-06-01,10387,Starter,3,237.0
2025-07-01,10387,Starter,3,237.0
2026-05-01,10388,Starter,2,158.0
2026-06-01,10388,Starter,2,158.0
2026-07-01,10388,Starter,2,158.0
2026-08-01,10388,Starter,2,158.0
2026-06-01,10389,Starter,2,158.0
2026-07-01,10389,Starter,2,158.0
2026-08-01,10389,Starter,2,158.0
2025-04-01,10390,Business,13,6487.0
2025-05-01,10390,Business,13,6487.0
2025-06-01,10390,Business,13,6487.0
2025-07-01,10390,Business,14,6986.0
2025-08-01,10390,Business,14,6986.0
2025-09-01,10390,Business,14,6986.0
2025-10-01,10390,Business,14,6986.0
2025-11-01,10390,Business,14,6986.0
2025-12-01,10390,Business,15,7484.999999999999
2026-01-01,10390,Business,15,7484.999999999999
2026-02-01,10390,Business,15,7484.999999999999
2026-03-01,10390,Business,15,7484.999999999999
2026-04-01,10390,Business,15,7484.999999999999
2026-05-01,10390,Business,15,7484.999999999999
2026-06-01,10390,Business,15,7484.999999999999
2026-07-01,10390,Business,15,7484.999999999999
2026-08-01,10390,Business,15,7484.999999999999
2026-03-01,10391,Pro,11,2189.0
2026-04-01,10391,Pro,11,2189.0
2026-05-01,10391,Pro,11,2189.0
2026-06-01,10391,Pro,11,2189.0
2026-07-01,10391,Pro,12,2388.0
2026-08-01,10391,Pro,12,2388.0
2025-04-01,10392,Business,16,7984.0
2025-05-01,10392,Business,16,7984.0
2025-06-01,10392,Business,16,7984.0
2025-07-01,10392,Business,17,8483.0
2025-08-01,10392,Business,17,8483.0
2025-09-01,10392,Business,17,8483.0
2025-10-01,10392,Business,17,8483.0
2025-11-01,10392,Business,18,8982.0
2025-12-01,10392,Business,18,8982.0
2026-01-01,10392,Business,18,8982.0
2026-02-01,10392,Business,18,8982.0
2026-03-01,10392,Business,19,9481.0
2026-04-01,10392,Business,19,9481.0
2026-05-01,10392,Business,19,9481.0
2026-06-01,10392,Business,19,9481.0
2026-07-01,10392,Business,19,9481.0
2026-08-01,10392,Business,19,9481.0
2025-08-01,10393,Business,19,9481.0
2025-09-01,10393,Business,19,9481.0
2025-10-01,10393,Business,20,9980.0
2025-11-01,10393,Business,20,9980.0
2025-12-01,10393,Business,20,9980.0
2026-01-01,10393,Business,20,9980.0
2026-02-01,10393,Business,21,10479.000000000002
2026-03-01,10393,Business,21,10479.000000000002
2026-04-01,10393,Business,21,10479.000000000002
2026-05-01,10393,Business,22,10978.0
2026-06-01,10393,Business,22,10978.0
2026-07-01,10393,Business,22,10978.0
2026-08-01,10393,Business,22,10978.0
2025-12-01,10394,Starter,3,237.0
2026-01-01,10394,Starter,3,237.0
2026-02-01,10394,Starter,3,237.0
2026-03-01,10394,Starter,3,237.0
2026-04-01,10394,Starter,3,237.0
2026-05-01,10394,Starter,3,237.0
2026-06-01,10394,Starter,3,237.0
2026-07-01,10394,Starter,3,237.0
2026-08-01,10394,Starter,3,237.0
2026-03-01,10395,Business,23,11477.0
2026-04-01,10395,Business,23,11477.0
2026-05-01,10395,Business,24,11976.0
2026-06-01,10395,Business,24,11976.0
2026-07-01,10395,Business,24,11976.0
2026-08-01,10395,Business,25,12475.0
2026-06-01,10396,Pro,6,1194.0
2026-07-01,10396,Pro,6,1194.0
2026-08-01,10396,Pro,6,1194.0
2025-01-01,10397,Pro,5,995.0
2025-02-01,10397,Pro,5,995.0
2025-03-01,10397,Pro,5,995.0
2025-04-01,10397,Pro,5,995.0
2025-05-01,10397,Pro,5,995.0
2025-06-01,10397,Pro,5,995.0
2025-07-01,10397,Pro,5,995.0
2025-08-01,10397,Pro,6,1194.0
2025-09-01,10397,Pro,6,1194.0
2025-10-01,10397,Pro,6,1194.0
2025-11-01,10397,Pro,6,1194.0
2025-12-01,10397,Pro,6,1194.0
2026-01-01,10397,Pro,6,1194.0
2026-02-01,10397,Pro,6,1194.0
2026-03-01,10397,Pro,6,1194.0
2026-04-01,10397,Pro,6,1194.0
2026-05-01,10397,Pro,6,1194.0
2026-06-01,10397,Pro,6,1194.0
2026-07-01,10397,Pro,6,1194.0
2026-08-01,10397,Pro,6,1194.0
2025-04-01,10398,Starter,3,237.0
2025-05-01,10398,Starter,3,237.0
2025-06-01,10398,Starter,3,237.0
2025-07-01,10398,Starter,3,237.0
2025-08-01,10398,Starter,3,237.0
2025-09-01,10398,Starter,3,237.0
2025-10-01,10398,Starter,3,237.0
2025-11-01,10398,Starter,3,237.0
2025-12-01,10398,Starter,3,237.0
2026-01-01,10398,Starter,3,237.0
2026-02-01,10398,Starter,3,237.0
2026-03-01,10398,Starter,3,237.0
2026-04-01,10398,Starter,4,316.0
2026-05-01,10398,Starter,4,316.0
2026-06-01,10398,Starter,4,316.0
2026-07-01,10398,Starter,4,316.0
2026-08-01,10398,Starter,4,316.0
2025-06-01,10399,Enterprise,56,72744.0
2025-07-01,10399,Enterprise,57,74043.0
2025-08-01,10399,Enterprise,58,75342.0
2025-09-01,10399,Enterprise,59,76641.0
2025-10-01,10399,Enterprise,59,76641.0
2025-11-01,10399,Enterprise,60,77940.0
2025-12-01,10399,Enterprise,61,79239.0
2026-01-01,10399,Enterprise,62,80538.0
2026-02-01,10399,Enterprise,63,81837.0
2026-03-01,10399,Enterprise,64,83136.0
2026-04-01,10399,Enterprise,64,83136.0
2026-05-01,10399,Enterprise,65,84435.0
2026-06-01,10399,Enterprise,66,85734.0
2026-07-01,10399,Enterprise,66,85734.0
2026-08-01,10399,Enterprise,66,85734.0
2025-07-01,10400,Starter,3,237.0
2025-08-01,10400,Starter,3,237.0
2025-09-01,10400,Starter,3,237.0
2025-10-01,10400,Starter,3,237.0
2025-11-01,10400,Starter,3,237.0
2025-12-01,10400,Starter,3,237.0
2026-01-01,10400,Starter,3,237.0
2026-02-01,10400,Starter,3,237.0
2026-03-01,10400,Starter,3,237.0
2026-04-01,10400,Starter,3,237.0
2026-05-01,10400,Starter,3,237.0
2026-06-01,10400,Starter,3,237.0
2026-07-01,10400,Starter,4,316.0
2026-08-01,10400,Starter,4,316.0
2026-08-01,10401,Starter,2,158.0
2026-04-01,10402,Pro,10,1990.0
2026-05-01,10402,Pro,10,1990.0
2026-06-01,10402,Pro,10,1990.0
2026-07-01,10402,Pro,10,1990.0
2026-08-01,10402,Pro,11,2189.0
2025-07-01,10403,Starter,2,158.0
2025-08-01,10403,Starter,2,158.0
2025-09-01,10403,Starter,2,158.0
2025-10-01,10403,Starter,2,158.0
2025-11-01,10403,Starter,2,158.0
2025-12-01,10403,Starter,2,158.0
2026-01-01,10403,Starter,2,158.0
2026-02-01,10403,Starter,2,158.0
2026-03-01,10403,Starter,2,158.0
2026-04-01,10403,Starter,2,158.0
2026-05-01,10403,Starter,2,158.0
2026-06-01,10403,Starter,2,158.0
2026-07-01,10403,Starter,2,158.0
2026-08-01,10403,Starter,2,158.0
2026-08-01,10404,Starter,2,158.0
2025-10-01,10405,Pro,6,1194.0
2025-11-01,10405,Pro,6,1194.0
2025-12-01,10405,Pro,6,1194.0
2026-01-01,10405,Pro,6,1194.0
2026-02-01,10405,Pro,6,1194.0
2026-03-01,10405,Pro,6,1194.0
2026-04-01,10405,Pro,7,1393.0
2026-05-01,10405,Pro,7,1393.0
2026-06-01,10405,Pro,7,1393.0
2026-07-01,10405,Pro,7,1393.0
2026-08-01,10405,Pro,7,1393.0
2025-10-01,10406,Starter,5,395.0
2025-11-01,10406,Starter,5,395.0
2025-12-01,10406,Starter,5,395.0
2026-01-01,10406,Starter,5,395.0
2026-02-01,10406,Starter,5,395.0
2026-03-01,10406,Starter,5,395.0
2026-04-01,10406,Starter,5,395.0
2026-05-01,10406,Starter,6,474.0
2026-06-01,10406,Starter,6,474.0
2026-07-01,10406,Starter,6,474.0
2026-08-01,10406,Starter,6,474.0
2025-09-01,10407,Business,22,10978.0
2025-10-01,10407,Business,22,10978.0
2025-11-01,10407,Business,23,11477.0
2025-12-01,10407,Business,23,11477.0
2026-01-01,10407,Business,23,11477.0
2026-02-01,10407,Business,24,11976.0
2026-03-01,10407,Business,24,11976.0
2026-04-01,10407,Business,24,11976.0
2026-05-01,10407,Business,25,12475.000000000002
2026-06-01,10407,Business,25,12475.000000000002
2026-07-01,10407,Business,25,12475.000000000002
2026-08-01,10407,Business,26,12974.0
2025-03-01,10408,Starter,4,316.0
2025-04-01,10408,Starter,4,316.0
2025-05-01,10408,Starter,4,316.0
2025-06-01,10408,Starter,4,316.0
2025-07-01,10408,Starter,4,316.0
2025-08-01,10408,Starter,4,316.0
2025-09-01,10408,Starter,4,316.0
2025-10-01,10408,Starter,4,316.0
2025-11-01,10408,Starter,4,316.0
2025-12-01,10408,Starter,5,395.0
2026-01-01,10408,Starter,5,395.0
2026-02-01,10408,Starter,5,395.0
2026-03-01,10408,Starter,5,395.0
2026-04-01,10408,Starter,5,395.0
2026-05-01,10408,Starter,5,395.0
2026-06-01,10408,Starter,5,395.0
2026-07-01,10408,Starter,5,395.0
2026-08-01,10408,Starter,5,395.0
2026-07-01,10409,Pro,12,2388.0
2026-08-01,10409,Pro,12,2388.0
2025-01-01,10410,Pro,21,4179.0
2025-02-01,10410,Pro,21,4179.0
2025-03-01,10410,Pro,22,4378.0
2025-04-01,10410,Pro,22,4378.0
2025-05-01,10410,Pro,22,4378.0
2025-06-01,10410,Pro,23,4577.0
2025-07-01,10410,Pro,23,4577.0
2025-08-01,10410,Pro,23,4577.0
2025-09-01,10410,Pro,24,4776.0
2025-10-01,10410,Pro,24,4776.0
2025-11-01,10410,Pro,24,4776.0
2025-12-01,10410,Pro,24,4776.0
2026-01-01,10410,Pro,25,4975.0
2026-02-01,10410,Pro,25,4975.0
2026-03-01,10410,Pro,25,4975.0
2026-04-01,10410,Pro,25,4975.0
2026-05-01,10410,Pro,25,4975.0
2026-06-01,10410,Pro,25,4975.0
2026-07-01,10410,Pro,25,4975.0
2026-08-01,10410,Pro,25,4975.0
2025-04-01,10411,Pro,4,796.0
2025-05-01,10411,Pro,4,796.0
2025-06-01,10411,Pro,4,796.0
2025-07-01,10411,Pro,4,796.0
2025-08-01,10411,Pro,4,796.0
2025-09-01,10411,Pro,4,796.0
2025-10-01,10411,Pro,4,796.0
2025-11-01,10411,Pro,4,796.0
2025-12-01,10411,Pro,4,796.0
2026-01-01,10411,Pro,5,995.0
2026-02-01,10411,Pro,5,995.0
2026-03-01,10411,Pro,5,995.0
2026-04-01,10411,Pro,5,995.0
2026-05-01,10411,Pro,5,995.0
2026-06-01,10411,Pro,5,995.0
2026-07-01,10411,Pro,5,995.0
2026-08-01,10411,Pro,5,995.0
2025-05-01,10412,Pro,6,1194.0
2025-06-01,10412,Pro,6,1194.0
2025-07-01,10412,Pro,6,1194.0
2025-08-01,10412,Pro,6,1194.0
2025-09-01,10412,Pro,6,1194.0
2025-10-01,10412,Pro,6,1194.0
2025-11-01,10412,Pro,7,1393.0
2025-12-01,10412,Pro,7,1393.0
2026-01-01,10412,Pro,7,1393.0
2026-02-01,10412,Pro,7,1393.0
2026-03-01,10412,Pro,7,1393.0
2026-04-01,10412,Pro,7,1393.0
2026-05-01,10412,Pro,7,1393.0
2026-06-01,10412,Pro,7,1393.0
2026-07-01,10412,Pro,7,1393.0
2026-08-01,10412,Pro,7,1393.0
2025-06-01,10413,Pro,6,1194.0
2025-07-01,10413,Pro,6,1194.0
2025-08-01,10413,Pro,6,1194.0
2025-09-01,10413,Pro,6,1194.0
2025-10-01,10413,Pro,6,1194.0
2025-11-01,10413,Pro,6,1194.0
2025-12-01,10413,Pro,7,1393.0
2026-01-01,10413,Pro,7,1393.0
2026-02-01,10413,Pro,7,1393.0
2026-03-01,10413,Pro,7,1393.0
2026-04-01,10413,Pro,7,1393.0
2026-05-01,10413,Pro,7,1393.0
2026-06-01,10413,Pro,7,1393.0
2026-07-01,10413,Pro,7,1393.0
2026-08-01,10413,Pro,7,1393.0
2025-03-01,10414,Enterprise,33,42867.0
2025-04-01,10414,Enterprise,33,42867.0
2025-05-01,10414,Enterprise,34,44166.0
2025-06-01,10414,Enterprise,34,44166.0
2025-07-01,10414,Enterprise,35,45465.0
2025-08-01,10414,Enterprise,35,45465.0
2025-09-01,10414,Enterprise,36,46764.0
2025-10-01,10414,Enterprise,36,46764.0
2025-11-01,10414,Enterprise,37,48062.99999999999
2025-12-01,10414,Enterprise,37,48062.99999999999
2026-01-01,10414,Enterprise,38,49362.00000000001
2026-02-01,10414,Enterprise,38,49362.00000000001
2026-03-01,10414,Enterprise,39,50661.0
2026-04-01,10414,Enterprise,39,50661.0
2026-05-01,10414,Enterprise,39,50661.0
2026-06-01,10414,Enterprise,39,50661.0
2026-07-01,10414,Enterprise,39,50661.0
2026-08-01,10414,Enterprise,39,50661.0
2025-01-01,10415,Starter,2,158.0
2025-02-01,10415,Starter,2,158.0
2025-03-01,10415,Starter,2,158.0
2025-04-01,10415,Starter,2,158.0
2025-05-01,10415,Starter,2,158.0
2025-06-01,10415,Starter,2,158.0
2025-07-01,10415,Starter,2,158.0
2025-08-01,10415,Starter,2,158.0
2025-09-01,10415,Starter,2,158.0
2025-10-01,10415,Starter,2,158.0
2025-11-01,10415,Starter,2,158.0
2025-12-01,10415,Starter,2,158.0
2026-01-01,10415,Starter,2,158.0
2026-02-01,10415,Starter,2,158.0
2026-03-01,10415,Starter,2,158.0
2026-04-01,10415,Starter,2,158.0
2026-05-01,10415,Starter,2,158.0
2026-06-01,10415,Starter,2,158.0
2026-07-01,10415,Starter,2,158.0
2026-08-01,10415,Starter,2,158.0
2026-02-01,10416,Starter,3,237.0
2026-03-01,10416,Starter,3,237.0
2026-04-01,10416,Starter,3,237.0
2026-05-01,10416,Starter,3,237.0
2026-06-01,10416,Starter,3,237.0
2026-07-01,10416,Starter,3,237.0
2026-08-01,10416,Starter,3,237.0
2026-08-01,10417,Pro,5,995.0
2025-03-01,10418,Business,20,9980.0
2025-04-01,10418,Business,20,9980.0
2025-05-01,10418,Business,21,10479.0
2025-06-01,10418,Business,21,10479.0
2025-07-01,10418,Business,21,10479.0
2025-08-01,10418,Business,22,10978.0
2025-09-01,10418,Business,22,10978.0
2025-10-01,10418,Business,22,10978.0
2025-11-01,10418,Business,22,10978.0
2025-12-01,10418,Business,23,11477.0
2026-01-01,10418,Business,23,11477.0
2026-02-01,10418,Business,23,11477.0
2026-03-01,10418,Business,24,11976.0
2026-04-01,10418,Business,24,11976.0
2026-05-01,10418,Business,24,11976.0
2026-06-01,10418,Business,24,11976.0
2026-07-01,10418,Business,24,11976.0
2026-08-01,10418,Business,24,11976.0
2025-06-01,10419,Starter,3,237.0
2025-07-01,10419,Starter,3,237.0
2025-08-01,10419,Starter,3,237.0
2025-09-01,10419,Starter,3,237.0
2025-10-01,10419,Starter,3,237.0
2025-11-01,10419,Starter,3,237.0
2025-12-01,10419,Starter,3,237.0
2026-01-01,10419,Starter,3,237.0
2026-02-01,10419,Starter,3,237.0
2026-03-01,10419,Starter,3,237.0
2026-04-01,10419,Starter,3,237.0
2026-05-01,10419,Starter,3,237.0
2026-06-01,10419,Starter,4,316.0
2026-07-01,10419,Starter,4,316.0
2026-08-01,10419,Starter,4,316.0
2025-10-01,10420,Pro,9,1791.0
2025-11-01,10420,Pro,9,1791.0
2025-12-01,10420,Pro,9,1791.0
2026-01-01,10420,Pro,9,1791.0
2026-02-01,10420,Pro,10,1990.0
2026-03-01,10420,Pro,10,1990.0
2026-04-01,10420,Pro,10,1990.0
2026-05-01,10420,Pro,10,1990.0
2026-06-01,10420,Pro,10,1990.0
2026-07-01,10420,Pro,10,1990.0
2026-08-01,10420,Pro,10,1990.0
2026-07-01,10421,Business,22,10978.0
2026-08-01,10421,Business,22,10978.0
2026-02-01,10422,Business,22,10978.0
2026-03-01,10422,Business,22,10978.0
2026-04-01,10422,Business,23,11477.0
2026-05-01,10422,Business,23,11477.0
2026-06-01,10422,Business,23,11477.0
2026-07-01,10422,Business,24,11976.0
2026-08-01,10422,Business,24,11976.0
2026-04-01,10423,Enterprise,39,50661.0
2026-05-01,10423,Enterprise,40,51959.99999999999
2026-06-01,10423,Enterprise,40,51959.99999999999
2026-07-01,10423,Enterprise,41,53259.0
2026-08-01,10423,Enterprise,41,53259.0
2025-12-01,10424,Pro,17,3383.0
2026-01-01,10424,Pro,17,3383.0
2026-02-01,10424,Pro,18,3582.0
2026-03-01,10424,Pro,18,3582.0
2026-04-01,10424,Pro,18,3582.0
2026-05-01,10424,Pro,18,3582.0
2026-06-01,10424,Pro,19,3781.0
2026-07-01,10424,Pro,19,3781.0
2026-08-01,10424,Pro,19,3781.0
2025-09-01,10425,Pro,9,1791.0
2025-10-01,10425,Pro,9,1791.0
2025-11-01,10425,Pro,9,1791.0
2025-12-01,10425,Pro,9,1791.0
2026-01-01,10425,Pro,10,1990.0
2026-02-01,10425,Pro,10,1990.0
2026-03-01,10425,Pro,10,1990.0
2026-04-01,10425,Pro,10,1990.0
2026-05-01,10425,Pro,10,1990.0
2026-06-01,10425,Pro,10,1990.0
2026-07-01,10425,Pro,10,1990.0
2026-08-01,10425,Pro,10,1990.0
2025-04-01,10426,Starter,2,158.0
2025-05-01,10426,Starter,2,158.0
2025-06-01,10426,Starter,2,158.0
2025-07-01,10426,Starter,2,158.0
2025-08-01,10426,Starter,2,158.0
2025-09-01,10426,Starter,2,158.0
2025-10-01,10426,Starter,2,158.0
2025-11-01,10426,Starter,2,158.0
2025-12-01,10426,Starter,2,158.0
2026-01-01,10426,Starter,2,158.0
2026-02-01,10426,Starter,2,158.0
2026-03-01,10426,Starter,2,158.0
2026-04-01,10426,Starter,2,158.0
2026-05-01,10426,Starter,2,158.0
2026-06-01,10426,Starter,2,158.0
2026-07-01,10426,Starter,2,158.0
2026-08-01,10426,Starter,2,158.0
2026-06-01,10427,Enterprise,32,41568.0
2026-07-01,10427,Enterprise,32,41568.0
2026-08-01,10427,Enterprise,33,42867.0
2026-04-01,10428,Starter,2,158.0
2026-05-01,10428,Starter,2,158.0
2026-06-01,10428,Starter,2,158.0
2026-07-01,10428,Starter,2,158.0
2026-08-01,10428,Starter,2,158.0
2025-01-01,10429,Pro,8,1592.0
2025-02-01,10429,Pro,8,1592.0
2025-03-01,10429,Pro,8,1592.0
2025-04-01,10429,Pro,8,1592.0
2025-05-01,10429,Pro,8,1592.0
2025-06-01,10429,Pro,9,1791.0
2025-07-01,10429,Pro,9,1791.0
2025-08-01,10429,Pro,9,1791.0
2025-09-01,10429,Pro,9,1791.0
2025-10-01,10429,Pro,9,1791.0
2025-11-01,10429,Pro,9,1791.0
2025-12-01,10429,Pro,9,1791.0
2026-03-01,10430,Starter,3,237.0
2026-04-01,10430,Starter,3,237.0
2026-05-01,10430,Starter,3,237.0
2026-06-01,10430,Starter,3,237.0
2026-07-01,10430,Starter,3,237.0
2026-08-01,10430,Starter,3,237.0
2025-02-01,10431,Pro,7,1393.0
2025-03-01,10431,Pro,7,1393.0
2025-04-01,10431,Pro,7,1393.0
2025-05-01,10431,Pro,7,1393.0
2025-06-01,10431,Pro,7,1393.0
2025-07-01,10431,Pro,8,1592.0
2025-08-01,10431,Pro,8,1592.0
2025-09-01,10431,Pro,8,1592.0
2025-10-01,10431,Pro,8,1592.0
2025-11-01,10431,Pro,8,1592.0
2025-12-01,10431,Pro,8,1592.0
2026-01-01,10431,Pro,8,1592.0
2026-02-01,10431,Pro,8,1592.0
2026-03-01,10431,Pro,8,1592.0
2026-04-01,10431,Pro,8,1592.0
2026-05-01,10431,Pro,8,1592.0
2026-06-01,10431,Pro,8,1592.0
2026-07-01,10431,Pro,8,1592.0
2026-08-01,10431,Pro,8,1592.0
2026-03-01,10432,Pro,16,3184.0
2026-04-01,10432,Pro,16,3184.0
2026-05-01,10432,Pro,16,3184.0
2026-06-01,10432,Pro,17,3383.0
2026-07-01,10432,Pro,17,3383.0
2026-08-01,10432,Pro,17,3383.0
2026-05-01,10433,Pro,10,1990.0
2026-06-01,10433,Pro,10,1990.0
2026-07-01,10433,Pro,10,1990.0
2026-08-01,10433,Pro,10,1990.0
2025-03-01,10434,Business,23,11477.0
2025-04-01,10434,Business,23,11477.0
2025-05-01,10434,Business,24,11976.0
2025-06-01,10434,Business,24,11976.0
2025-07-01,10434,Business,24,11976.0
2025-08-01,10434,Business,25,12475.0
2025-09-01,10434,Business,25,12475.0
2025-10-01,10434,Business,25,12475.0
2025-11-01,10434,Business,26,12973.999999999998
2025-12-01,10434,Business,26,12973.999999999998
2026-01-01,10434,Business,26,12973.999999999998
2026-02-01,10434,Business,27,13473.000000000002
2026-03-01,10434,Business,27,13473.000000000002
2026-04-01,10434,Business,27,13473.000000000002
2026-05-01,10434,Business,27,13473.000000000002
2026-06-01,10434,Business,27,13473.000000000002
2026-07-01,10434,Business,27,13473.000000000002
2026-08-01,10434,Business,27,13473.000000000002
2025-09-01,10435,Starter,2,158.0
2025-10-01,10435,Starter,2,158.0
2025-11-01,10435,Starter,2,158.0
2025-12-01,10435,Starter,2,158.0
2026-01-01,10435,Starter,2,158.0
2026-02-01,10435,Starter,2,158.0
2026-03-01,10435,Starter,2,158.0
2026-04-01,10435,Starter,2,158.0
2026-05-01,10435,Starter,2,158.0
2026-06-01,10435,Starter,2,158.0
2026-07-01,10435,Starter,2,158.0
2026-08-01,10435,Starter,2,158.0
2025-03-01,10436,Pro,6,1194.0
2025-04-01,10436,Pro,6,1194.0
2025-05-01,10436,Pro,6,1194.0
2025-06-01,10436,Pro,6,1194.0
2025-07-01,10436,Pro,6,1194.0
2025-08-01,10436,Pro,6,1194.0
2025-09-01,10436,Pro,7,1393.0
2025-10-01,10436,Pro,7,1393.0
2025-11-01,10436,Pro,7,1393.0
2025-12-01,10436,Pro,7,1393.0
2026-01-01,10436,Pro,7,1393.0
2026-02-01,10436,Pro,7,1393.0
2026-03-01,10436,Pro,7,1393.0
2026-04-01,10436,Pro,7,1393.0
2026-05-01,10436,Pro,7,1393.0
2026-06-01,10436,Pro,7,1393.0
2026-07-01,10436,Pro,7,1393.0
2026-08-01,10436,Pro,7,1393.0
2025-12-01,10437,Starter,3,237.0
2026-01-01,10437,Starter,3,237.0
2026-02-01,10437,Starter,3,237.0
2026-03-01,10437,Starter,3,237.0
2026-04-01,10437,Starter,3,237.0
2026-05-01,10437,Starter,3,237.0
2026-06-01,10437,Starter,3,237.0
2026-07-01,10437,Starter,3,237.0
2026-08-01,10437,Starter,3,237.0
2026-07-01,10438,Starter,3,237.0
2026-08-01,10438,Starter,3,237.0
2025-02-01,10439,Pro,4,796.0
2025-03-01,10439,Pro,4,796.0
2025-04-01,10439,Pro,4,796.0
2025-05-01,10439,Pro,4,796.0
2025-06-01,10439,Pro,4,796.0
2025-07-01,10439,Pro,4,796.0
2025-08-01,10439,Pro,4,796.0
2025-09-01,10439,Pro,4,796.0
2025-10-01,10439,Pro,4,796.0
2025-11-01,10439,Pro,5,995.0
2025-12-01,10439,Pro,5,995.0
2026-01-01,10439,Pro,5,995.0
2026-02-01,10439,Pro,5,995.0
2026-03-01,10439,Pro,5,995.0
2026-04-01,10439,Pro,5,995.0
2026-05-01,10439,Pro,5,995.0
2026-06-01,10439,Pro,5,995.0
2026-07-01,10439,Pro,5,995.0
2026-08-01,10439,Pro,5,995.0
2025-08-01,10440,Starter,3,237.0
2025-09-01,10440,Starter,3,237.0
2025-10-01,10440,Starter,3,237.0
2025-11-01,10440,Starter,3,237.0
2025-12-01,10440,Starter,3,237.0
2026-01-01,10440,Starter,3,237.0
2026-02-01,10440,Starter,3,237.0
2026-03-01,10440,Starter,3,237.0
2026-04-01,10440,Starter,3,237.0
2026-05-01,10440,Starter,3,237.0
2026-06-01,10440,Starter,3,237.0
2026-07-01,10440,Starter,3,237.0
2026-08-01,10440,Starter,4,316.0
2026-08-01,10441,Starter,3,237.0
2025-06-01,10442,Pro,7,1393.0
2025-07-01,10442,Pro,7,1393.0
2025-08-01,10442,Pro,7,1393.0
2025-09-01,10442,Pro,7,1393.0
2025-10-01,10442,Pro,7,1393.0
2025-11-01,10442,Pro,8,1592.0
2025-12-01,10442,Pro,8,1592.0
2026-01-01,10442,Pro,8,1592.0
2026-02-01,10442,Pro,8,1592.0
2026-03-01,10442,Pro,8,1592.0
2026-04-01,10442,Pro,8,1592.0
2026-05-01,10442,Pro,8,1592.0
2026-06-01,10442,Pro,8,1592.0
2026-07-01,10442,Pro,8,1592.0
2026-08-01,10442,Pro,8,1592.0
2025-03-01,10443,Pro,6,1194.0
2025-04-01,10443,Pro,6,1194.0
2025-05-01,10443,Pro,6,1194.0
2025-10-01,10444,Pro,7,1393.0
2025-11-01,10444,Pro,7,1393.0
2025-12-01,10444,Pro,7,1393.0
2026-01-01,10444,Pro,7,1393.0
2026-02-01,10444,Pro,7,1393.0
2026-03-01,10444,Pro,8,1592.0
2026-04-01,10444,Pro,8,1592.0
2026-05-01,10444,Pro,8,1592.0
2026-06-01,10444,Pro,8,1592.0
2026-07-01,10444,Pro,8,1592.0
2026-08-01,10444,Pro,8,1592.0
2025-11-01,10445,Starter,3,237.0
2025-12-01,10445,Starter,3,237.0
2026-01-01,10445,Starter,3,237.0
2026-02-01,10445,Starter,3,237.0
2026-03-01,10445,Starter,3,237.0
2026-04-01,10445,Starter,3,237.0
2026-05-01,10445,Starter,3,237.0
2026-06-01,10445,Starter,3,237.0
2026-07-01,10445,Starter,3,237.0
2026-08-01,10445,Starter,3,237.0
2026-02-01,10446,Starter,3,237.0
2026-03-01,10446,Starter,3,237.0
2026-04-01,10446,Starter,3,237.0
2026-05-01,10446,Starter,3,237.0
2026-06-01,10446,Starter,3,237.0
2026-07-01,10446,Starter,3,237.0
2026-08-01,10446,Starter,3,237.0
2025-07-01,10447,Starter,4,316.0
2025-08-01,10447,Starter,4,316.0
2025-09-01,10447,Starter,4,316.0
2025-10-01,10447,Starter,4,316.0
2025-11-01,10447,Starter,4,316.0
2025-12-01,10447,Starter,4,316.0
2026-01-01,10447,Starter,4,316.0
2026-02-01,10447,Starter,4,316.0
2026-03-01,10447,Starter,4,316.0
2026-04-01,10447,Starter,5,395.0
2026-05-01,10447,Starter,5,395.0
2026-06-01,10447,Starter,5,395.0
2026-07-01,10447,Starter,5,395.0
2026-08-01,10447,Starter,5,395.0
2026-07-01,10448,Business,26,12974.0
2026-08-01,10448,Business,26,12974.0
2025-11-01,10449,Business,16,7984.0
2025-12-01,10449,Business,16,7984.0
2026-01-01,10449,Business,16,7984.0
2026-02-01,10449,Business,17,8483.0
2026-03-01,10449,Business,17,8483.0
2026-04-01,10449,Business,17,8483.0
2026-05-01,10449,Business,17,8483.0
2026-06-01,10449,Business,18,8982.0
2026-07-01,10449,Business,18,8982.0
2026-08-01,10449,Business,18,8982.0
2025-06-01,10450,Starter,3,237.0
2025-07-01,10450,Starter,3,237.0
2025-08-01,10450,Starter,3,237.0
2025-09-01,10450,Starter,3,237.0
2025-10-01,10450,Starter,3,237.0
2025-11-01,10450,Starter,3,237.0
2025-12-01,10450,Starter,3,237.0
2026-01-01,10450,Starter,3,237.0
2026-02-01,10450,Starter,3,237.0
2026-03-01,10450,Starter,3,237.0
2026-04-01,10450,Starter,3,237.0
2026-05-01,10450,Starter,3,237.0
2026-06-01,10450,Starter,4,316.0
2026-07-01,10450,Starter,4,316.0
2026-08-01,10450,Starter,4,316.0
2026-07-01,10451,Pro,9,1791.0
2026-08-01,10451,Pro,9,1791.0
2026-07-01,10452,Starter,4,316.0
2026-08-01,10452,Starter,4,316.0
2025-10-01,10453,Starter,3,237.0
2025-11-01,10453,Starter,3,237.0
2025-12-01,10453,Starter,3,237.0
2026-01-01,10453,Starter,3,237.0
2026-02-01,10453,Starter,3,237.0
2026-03-01,10453,Starter,3,237.0
2026-04-01,10453,Starter,3,237.0
2026-05-01,10453,Starter,3,237.0
2026-06-01,10453,Starter,3,237.0
2026-07-01,10453,Starter,3,237.0
2026-08-01,10453,Starter,3,237.0
2025-01-01,10454,Starter,4,316.0
2025-02-01,10454,Starter,4,316.0
2025-03-01,10454,Starter,4,316.0
2025-04-01,10454,Starter,4,316.0
2025-05-01,10454,Starter,4,316.0
2025-06-01,10454,Starter,4,316.0
2025-07-01,10454,Starter,4,316.0
2025-08-01,10454,Starter,4,316.0
2025-09-01,10454,Starter,4,316.0
2025-10-01,10454,Starter,5,395.0
2025-11-01,10454,Starter,5,395.0
2025-12-01,10454,Starter,5,395.0
2026-01-01,10454,Starter,5,395.0
2026-02-01,10454,Starter,5,395.0
2026-03-01,10454,Starter,5,395.0
2026-04-01,10454,Starter,5,395.0
2026-05-01,10454,Starter,5,395.0
2026-06-01,10454,Starter,5,395.0
2026-07-01,10454,Starter,5,395.0
2026-08-01,10454,Starter,5,395.0
2025-12-01,10455,Starter,4,316.0
2026-01-01,10455,Starter,4,316.0
2026-02-01,10455,Starter,4,316.0
2026-03-01,10455,Starter,4,316.0
2026-04-01,10455,Starter,4,316.0
2026-05-01,10455,Starter,4,316.0
2026-06-01,10455,Starter,4,316.0
2026-07-01,10455,Starter,4,316.0
2026-08-01,10455,Starter,4,316.0
2025-11-01,10456,Pro,13,2587.0
2025-12-01,10456,Pro,13,2587.0
2026-01-01,10456,Pro,13,2587.0
2026-02-01,10456,Pro,14,2786.0
2026-03-01,10456,Pro,14,2786.0
2026-04-01,10456,Pro,14,2786.0
2026-05-01,10456,Pro,14,2786.0
2026-06-01,10456,Pro,14,2786.0
2026-07-01,10456,Pro,15,2984.9999999999995
2026-08-01,10456,Pro,15,2984.9999999999995
2025-03-01,10457,Business,34,16966.0
2025-04-01,10457,Business,35,17465.0
2025-05-01,10457,Business,35,17465.0
2025-06-01,10457,Business,36,17964.0
2025-07-01,10457,Business,36,17964.0
2025-08-01,10457,Business,37,18463.0
2025-09-01,10457,Business,37,18463.0
2025-10-01,10457,Business,38,18962.0
2025-11-01,10457,Business,38,18962.0
2025-12-01,10457,Business,39,19461.0
2026-01-01,10457,Business,39,19461.0
2026-02-01,10457,Business,40,19960.0
2026-03-01,10457,Business,40,19960.0
2026-04-01,10457,Business,40,19960.0
2026-05-01,10457,Business,40,19960.0
2026-06-01,10457,Business,40,19960.0
2026-07-01,10457,Business,40,19960.0
2026-08-01,10457,Business,40,19960.0
2026-01-01,10458,Starter,2,158.0
2026-02-01,10458,Starter,2,158.0
2026-03-01,10458,Starter,2,158.0
2026-04-01,10458,Starter,2,158.0
2026-05-01,10458,Starter,2,158.0
2026-06-01,10458,Starter,2,158.0
2026-07-01,10458,Starter,2,158.0
2026-08-01,10458,Starter,2,158.0
2026-05-01,10459,Pro,8,1592.0
2026-06-01,10459,Pro,8,1592.0
2026-07-01,10459,Pro,8,1592.0
2026-08-01,10459,Pro,8,1592.0
2025-03-01,10460,Pro,8,1592.0
2025-04-01,10460,Pro,8,1592.0
2025-05-01,10460,Pro,8,1592.0
2025-06-01,10460,Pro,8,1592.0
2025-07-01,10460,Pro,8,1592.0
2025-08-01,10460,Pro,9,1791.0
2025-09-01,10460,Pro,9,1791.0
2025-10-01,10460,Pro,9,1791.0
2025-11-01,10460,Pro,9,1791.0
2025-12-01,10460,Pro,9,1791.0
2026-01-01,10460,Pro,9,1791.0
2026-02-01,10460,Pro,9,1791.0
2026-03-01,10460,Pro,9,1791.0
2026-04-01,10460,Pro,9,1791.0
2026-05-01,10460,Pro,9,1791.0
2026-06-01,10460,Pro,9,1791.0
2026-07-01,10460,Pro,9,1791.0
2026-08-01,10460,Pro,9,1791.0
2026-03-01,10461,Enterprise,43,55857.0
2026-04-01,10461,Enterprise,44,57156.0
2026-05-01,10461,Enterprise,44,57156.0
2026-06-01,10461,Enterprise,45,58455.00000000001
2026-07-01,10461,Enterprise,46,59753.99999999999
2026-08-01,10461,Enterprise,46,59753.99999999999
2025-03-01,10462,Pro,6,1194.0
2025-04-01,10462,Pro,6,1194.0
2025-05-01,10462,Pro,6,1194.0
2025-06-01,10462,Pro,6,1194.0
2025-07-01,10462,Pro,6,1194.0
2025-08-01,10462,Pro,6,1194.0
2025-09-01,10462,Pro,7,1393.0
2025-10-01,10462,Pro,7,1393.0
2025-11-01,10462,Pro,7,1393.0
2025-12-01,10462,Pro,7,1393.0
2026-01-01,10462,Pro,7,1393.0
2026-02-01,10462,Pro,7,1393.0
2026-03-01,10462,Pro,7,1393.0
2026-04-01,10462,Pro,7,1393.0
2026-05-01,10462,Pro,7,1393.0
2026-06-01,10462,Pro,7,1393.0
2026-07-01,10462,Pro,7,1393.0
2026-08-01,10462,Pro,7,1393.0
2026-03-01,10463,Starter,2,158.0
2026-04-01,10463,Starter,2,158.0
2026-05-01,10463,Starter,2,158.0
2026-06-01,10463,Starter,2,158.0
2026-07-01,10463,Starter,2,158.0
2026-08-01,10463,Starter,2,158.0
2025-09-01,10464,Pro,8,1592.0
2025-10-01,10464,Pro,8,1592.0
2025-11-01,10464,Pro,8,1592.0
2025-12-01,10464,Pro,8,1592.0
2026-01-01,10464,Pro,8,1592.0
2026-02-01,10464,Pro,9,1791.0
2026-03-01,10464,Pro,9,1791.0
2026-04-01,10464,Pro,9,1791.0
2026-05-01,10464,Pro,9,1791.0
2026-06-01,10464,Pro,9,1791.0
2026-07-01,10464,Pro,9,1791.0
2026-08-01,10464,Pro,9,1791.0
2025-01-01,10465,Starter,2,158.0
2025-02-01,10465,Starter,2,158.0
2025-03-01,10465,Starter,2,158.0
2025-04-01,10465,Starter,2,158.0
2025-05-01,10465,Starter,2,158.0
2025-06-01,10465,Starter,2,158.0
2025-07-01,10465,Starter,2,158.0
2025-08-01,10465,Starter,2,158.0
2025-09-01,10465,Starter,2,158.0
2025-10-01,10465,Starter,2,158.0
2025-11-01,10465,Starter,2,158.0
2025-12-01,10465,Starter,2,158.0
2026-01-01,10465,Starter,2,158.0
2026-02-01,10465,Starter,2,158.0
2026-03-01,10465,Starter,2,158.0
2026-04-01,10465,Starter,2,158.0
2026-05-01,10465,Starter,2,158.0
2026-06-01,10465,Starter,2,158.0
2026-07-01,10465,Starter,2,158.0
2026-08-01,10465,Starter,2,158.0
2026-08-01,10466,Enterprise,46,59754.0
2025-04-01,10467,Starter,2,158.0
2025-05-01,10467,Starter,2,158.0
2025-06-01,10467,Starter,2,158.0
2025-07-01,10467,Starter,2,158.0
2025-08-01,10467,Starter,2,158.0
2025-09-01,10467,Starter,2,158.0
2025-10-01,10467,Starter,2,158.0
2025-11-01,10467,Starter,2,158.0
2025-12-01,10467,Starter,2,158.0
2025-12-01,10468,Pro,5,995.0
2026-01-01,10468,Pro,5,995.0
2026-02-01,10468,Pro,5,995.0
2026-03-01,10468,Pro,5,995.0
2026-04-01,10468,Pro,5,995.0
2026-05-01,10468,Pro,5,995.0
2026-06-01,10468,Pro,5,995.0
2026-07-01,10468,Pro,6,1194.0
2026-08-01,10468,Pro,6,1194.0
2025-04-01,10469,Starter,3,237.0
2025-05-01,10469,Starter,3,237.0
2025-06-01,10469,Starter,3,237.0
2025-07-01,10469,Starter,3,237.0
2025-08-01,10469,Starter,3,237.0
2025-09-01,10469,Starter,3,237.0
2025-10-01,10469,Starter,3,237.0
2025-11-01,10469,Starter,3,237.0
2025-12-01,10469,Starter,3,237.0
2026-01-01,10469,Starter,3,237.0
2026-02-01,10469,Starter,3,237.0
2026-03-01,10469,Starter,3,237.0
2026-04-01,10469,Starter,4,316.0
2026-05-01,10469,Starter,4,316.0
2026-06-01,10469,Starter,4,316.0
2026-07-01,10469,Starter,4,316.0
2026-08-01,10469,Starter,4,316.0
2026-07-01,10470,Starter,3,237.0
2026-08-01,10470,Starter,3,237.0
2026-03-01,10471,Business,22,10978.0
2026-04-01,10471,Business,22,10978.0
2026-05-01,10471,Business,23,11477.0
2026-06-01,10471,Business,23,11477.0
2026-07-01,10471,Business,23,11477.0
2026-08-01,10471,Business,24,11976.0
2026-04-01,10472,Pro,17,3383.0
2026-05-01,10472,Pro,17,3383.0
2026-06-01,10472,Pro,18,3582.0
2026-07-01,10472,Pro,18,3582.0
2026-08-01,10472,Pro,18,3582.0
2025-09-01,10473,Pro,9,1791.0
2025-10-01,10473,Pro,9,1791.0
2025-11-01,10473,Pro,9,1791.0
2025-12-01,10473,Pro,9,1791.0
2026-01-01,10473,Pro,10,1990.0
2026-02-01,10473,Pro,10,1990.0
2026-03-01,10473,Pro,10,1990.0
2026-04-01,10473,Pro,10,1990.0
2026-05-01,10473,Pro,10,1990.0
2026-06-01,10473,Pro,10,1990.0
2026-07-01,10473,Pro,10,1990.0
2026-08-01,10473,Pro,10,1990.0
2025-10-01,10474,Business,21,10479.0
2025-11-01,10474,Business,21,10479.0
2025-12-01,10474,Business,22,10978.0
2026-01-01,10474,Business,22,10978.0
2026-02-01,10474,Business,22,10978.0
2026-03-01,10474,Business,23,11477.000000000002
2026-04-01,10474,Business,23,11477.000000000002
2026-05-01,10474,Business,23,11477.000000000002
2026-06-01,10474,Business,24,11976.0
2026-07-01,10474,Business,24,11976.0
2026-08-01,10474,Business,24,11976.0
2026-01-01,10475,Business,12,5988.0
2026-02-01,10475,Business,12,5988.0
2026-03-01,10475,Business,12,5988.0
2026-04-01,10475,Business,13,6487.0
2026-05-01,10475,Business,13,6487.0
2026-06-01,10475,Business,13,6487.0
2026-07-01,10475,Business,13,6487.0
2026-08-01,10475,Business,13,6487.0
2026-04-01,10476,Starter,2,158.0
2026-05-01,10476,Starter,2,158.0
2026-06-01,10476,Starter,2,158.0
2026-07-01,10476,Starter,2,158.0
2026-08-01,10476,Starter,2,158.0
2026-05-01,10477,Pro,14,2786.0
2026-06-01,10477,Pro,14,2786.0
2026-07-01,10477,Pro,14,2786.0
2026-08-01,10477,Pro,15,2985.0
2025-01-01,10478,Pro,6,1194.0
2025-02-01,10478,Pro,6,1194.0
2025-03-01,10478,Pro,6,1194.0
2025-04-01,10478,Pro,6,1194.0
2025-05-01,10478,Pro,6,1194.0
2025-06-01,10478,Pro,6,1194.0
2025-07-01,10478,Pro,7,1393.0
2025-08-01,10478,Pro,7,1393.0
2025-09-01,10478,Pro,7,1393.0
2025-10-01,10478,Pro,7,1393.0
2025-11-01,10478,Pro,7,1393.0
2025-12-01,10478,Pro,7,1393.0
2026-01-01,10478,Pro,7,1393.0
2026-02-01,10478,Pro,7,1393.0
2026-03-01,10478,Pro,7,1393.0
2026-04-01,10478,Pro,7,1393.0
2026-05-01,10478,Pro,7,1393.0
2026-06-01,10478,Pro,7,1393.0
2026-07-01,10478,Pro,7,1393.0
2026-08-01,10478,Pro,7,1393.0
2026-02-01,10479,Pro,6,1194.0
2026-03-01,10479,Pro,6,1194.0
2026-04-01,10479,Pro,6,1194.0
2026-05-01,10479,Pro,6,1194.0
2026-06-01,10479,Pro,6,1194.0
2026-07-01,10479,Pro,6,1194.0
2026-08-01,10479,Pro,7,1393.0
2025-03-01,10480,Starter,3,237.0
2025-04-01,10480,Starter,3,237.0
2025-05-01,10480,Starter,3,237.0
2025-06-01,10480,Starter,3,237.0
2025-07-01,10480,Starter,3,237.0
2025-08-01,10480,Starter,3,237.0
2025-09-01,10480,Starter,3,237.0
2025-06-01,10481,Starter,3,237.0
2025-07-01,10481,Starter,3,237.0
2025-08-01,10481,Starter,3,237.0
2025-09-01,10481,Starter,3,237.0
2025-10-01,10481,Starter,3,237.0
2025-11-01,10481,Starter,3,237.0
2025-12-01,10481,Starter,3,237.0
2026-01-01,10481,Starter,3,237.0
2026-02-01,10481,Starter,3,237.0
2026-03-01,10481,Starter,3,237.0
2026-04-01,10481,Starter,3,237.0
2026-05-01,10481,Starter,3,237.0
2026-06-01,10481,Starter,4,316.0
2026-07-01,10481,Starter,4,316.0
2026-08-01,10481,Starter,4,316.0
2026-05-01,10482,Business,13,6487.0
2026-06-01,10482,Business,13,6487.0
2026-07-01,10482,Business,13,6487.0
2026-08-01,10482,Business,14,6986.0
2025-05-01,10483,Business,16,7984.0
2025-06-01,10483,Business,16,7984.0
2025-07-01,10483,Business,16,7984.0
2025-08-01,10483,Business,17,8483.0
2025-09-01,10483,Business,17,8483.0
2025-10-01,10483,Business,17,8483.0
2025-11-01,10483,Business,17,8483.0
2025-12-01,10483,Business,18,8982.0
2026-01-01,10483,Business,18,8982.0
2026-02-01,10483,Business,18,8982.0
2026-04-01,10484,Business,28,13972.0
2026-05-01,10484,Business,28,13972.0
2026-06-01,10484,Business,29,14471.000000000002
2026-07-01,10484,Business,29,14471.000000000002
2026-08-01,10484,Business,30,14970.0
2025-10-01,10485,Enterprise,34,44166.0
2025-11-01,10485,Enterprise,35,45464.99999999999
2025-12-01,10485,Enterprise,35,45464.99999999999
2026-01-01,10485,Enterprise,36,46764.0
2026-02-01,10485,Enterprise,36,46764.0
2026-03-01,10485,Enterprise,37,48062.99999999999
2026-04-01,10485,Enterprise,37,48062.99999999999
2026-05-01,10485,Enterprise,38,49362.0
2026-06-01,10485,Enterprise,38,49362.0
2026-07-01,10485,Enterprise,39,50661.0
2026-08-01,10485,Enterprise,39,50661.0
2025-05-01,10486,Business,11,5489.0
2025-06-01,10486,Business,11,5489.0
2025-07-01,10486,Business,11,5489.0
2025-08-01,10486,Business,11,5489.0
2025-09-01,10486,Business,12,5988.0
2025-10-01,10486,Business,12,5988.0
2025-11-01,10486,Business,12,5988.0
2025-12-01,10486,Business,12,5988.0
2026-01-01,10486,Business,12,5988.0
2026-02-01,10486,Business,12,5988.0
2026-03-01,10486,Business,13,6487.0
2026-04-01,10486,Business,13,6487.0
2026-05-01,10486,Business,13,6487.0
2026-06-01,10486,Business,13,6487.0
2026-07-01,10486,Business,13,6487.0
2026-08-01,10486,Business,13,6487.0
2025-07-01,10487,Business,25,12475.0
2025-08-01,10487,Business,25,12475.0
2025-09-01,10487,Business,26,12974.0
2025-10-01,10487,Business,26,12974.0
2025-11-01,10487,Business,26,12974.0
2025-12-01,10487,Business,27,13473.0
2026-01-01,10487,Business,27,13473.0
2026-02-01,10487,Business,28,13972.000000000002
2026-03-01,10487,Business,28,13972.000000000002
2026-04-01,10487,Business,28,13972.000000000002
2026-05-01,10487,Business,29,14470.999999999998
2026-06-01,10487,Business,29,14470.999999999998
2026-07-01,10487,Business,30,14970.0
2026-08-01,10487,Business,30,14970.0
2025-11-01,10488,Business,21,10479.0
2025-12-01,10488,Business,21,10479.0
2026-01-01,10488,Business,22,10978.0
2026-02-01,10488,Business,22,10978.0
2026-03-01,10488,Business,22,10978.0
2026-04-01,10488,Business,23,11477.000000000002
2026-05-01,10488,Business,23,11477.000000000002
2026-06-01,10488,Business,23,11477.000000000002
2026-07-01,10488,Business,24,11976.0
2026-08-01,10488,Business,24,11976.0
2026-04-01,10489,Pro,6,1194.0
2026-05-01,10489,Pro,6,1194.0
2026-06-01,10489,Pro,6,1194.0
2026-07-01,10489,Pro,6,1194.0
2026-08-01,10489,Pro,6,1194.0
2025-12-01,10490,Pro,5,995.0
2026-01-01,10490,Pro,5,995.0
2026-02-01,10490,Pro,5,995.0
2026-03-01,10490,Pro,5,995.0
2026-04-01,10490,Pro,5,995.0
2026-05-01,10490,Pro,5,995.0
2026-06-01,10490,Pro,5,995.0
2026-07-01,10490,Pro,6,1194.0
2026-08-01,10490,Pro,6,1194.0
2026-07-01,10491,Starter,2,158.0
2026-08-01,10491,Starter,2,158.0
2026-06-01,10492,Pro,8,1592.0
2026-07-01,10492,Pro,8,1592.0
2026-08-01,10492,Pro,8,1592.0
2026-03-01,10493,Starter,5,395.0
2026-04-01,10493,Starter,5,395.0
2026-05-01,10493,Starter,5,395.0
2026-06-01,10493,Starter,5,395.0
2026-07-01,10493,Starter,5,395.0
2026-08-01,10493,Starter,5,395.0
2025-12-01,10494,Starter,2,158.0
2026-01-01,10494,Starter,2,158.0
2026-02-01,10494,Starter,2,158.0
2026-03-01,10494,Starter,2,158.0
2026-04-01,10494,Starter,2,158.0
2026-05-01,10494,Starter,2,158.0
2026-06-01,10494,Starter,2,158.0
2026-07-01,10494,Starter,2,158.0
2026-08-01,10494,Starter,2,158.0
2025-06-01,10495,Pro,8,1592.0
2025-07-01,10495,Pro,8,1592.0
2025-08-01,10495,Pro,8,1592.0
2025-09-01,10495,Pro,8,1592.0
2025-10-01,10495,Pro,8,1592.0
2025-11-01,10495,Pro,9,1791.0
2025-12-01,10495,Pro,9,1791.0
2026-01-01,10495,Pro,9,1791.0
2026-02-01,10495,Pro,9,1791.0
2026-03-01,10495,Pro,9,1791.0
2026-04-01,10495,Pro,9,1791.0
2026-05-01,10495,Pro,9,1791.0
2026-06-01,10495,Pro,9,1791.0
2026-07-01,10495,Pro,9,1791.0
2026-08-01,10495,Pro,9,1791.0
2025-09-01,10496,Starter,4,316.0
2025-10-01,10496,Starter,4,316.0
2025-11-01,10496,Starter,4,316.0
2025-12-01,10496,Starter,4,316.0
2026-01-01,10496,Starter,4,316.0
2026-02-01,10496,Starter,4,316.0
2026-03-01,10496,Starter,4,316.0
2026-04-01,10496,Starter,4,316.0
2026-05-01,10496,Starter,4,316.0
2026-06-01,10496,Starter,5,395.0
2026-07-01,10496,Starter,5,395.0
2026-08-01,10496,Starter,5,395.0
2025-03-01,10497,Starter,1,79.0
2025-04-01,10497,Starter,1,79.0
2025-05-01,10497,Starter,1,79.0
2025-06-01,10497,Starter,1,79.0
2025-07-01,10497,Starter,1,79.0
2025-08-01,10497,Starter,1,79.0
2025-09-01,10497,Starter,1,79.0
2025-10-01,10497,Starter,1,79.0
2025-11-01,10497,Starter,1,79.0
2025-12-01,10497,Starter,1,79.0
2026-01-01,10497,Starter,1,79.0
2026-02-01,10497,Starter,1,79.0
2026-03-01,10497,Starter,1,79.0
2026-04-01,10497,Starter,1,79.0
2026-05-01,10497,Starter,1,79.0
2026-06-01,10497,Starter,1,79.0
2026-07-01,10497,Starter,1,79.0
2026-08-01,10497,Starter,1,79.0
2025-08-01,10498,Business,26,12974.0
2025-09-01,10498,Business,26,12974.0
2025-10-01,10498,Business,27,13473.000000000002
2025-11-01,10498,Business,27,13473.000000000002
2025-12-01,10498,Business,28,13972.0
2026-01-01,10498,Business,28,13972.0
2026-02-01,10498,Business,28,13972.0
2026-03-01,10498,Business,29,14471.0
2026-04-01,10498,Business,29,14471.0
2026-05-01,10498,Business,30,14969.999999999998
2026-06-01,10498,Business,30,14969.999999999998
2026-07-01,10498,Business,30,14969.999999999998
2026-08-01,10498,Business,31,15469.0
2026-07-01,10499,Business,12,5988.0
2026-08-01,10499,Business,12,5988.0
2025-09-01,10500,Starter,3,237.0
2025-10-01,10500,Starter,3,237.0
2025-11-01,10500,Starter,3,237.0
2025-12-01,10500,Starter,3,237.0
2025-03-01,10501,Starter,3,237.0
2025-04-01,10501,Starter,3,237.0
2025-05-01,10501,Starter,3,237.0
2025-06-01,10501,Starter,3,237.0
2025-07-01,10501,Starter,3,237.0
2025-08-01,10501,Starter,3,237.0
2025-09-01,10501,Starter,3,237.0
2025-10-01,10501,Starter,3,237.0
2025-11-01,10501,Starter,3,237.0
2025-12-01,10501,Starter,3,237.0
2026-01-01,10501,Starter,3,237.0
2026-02-01,10501,Starter,3,237.0
2026-03-01,10501,Starter,4,316.0
2026-04-01,10501,Starter,4,316.0
2026-01-01,10502,Starter,4,316.0
2026-02-01,10502,Starter,4,316.0
2026-03-01,10502,Starter,4,316.0
2026-04-01,10502,Starter,4,316.0
2026-05-01,10502,Starter,4,316.0
2026-06-01,10502,Starter,4,316.0
2026-07-01,10502,Starter,4,316.0
2026-08-01,10502,Starter,4,316.0
2026-08-01,10503,Business,22,10978.0
2026-06-01,10504,Business,8,3992.0
2026-07-01,10504,Business,8,3992.0
2026-08-01,10504,Business,8,3992.0
2025-06-01,10505,Starter,2,158.0
2025-07-01,10505,Starter,2,158.0
2025-08-01,10505,Starter,2,158.0
2025-09-01,10505,Starter,2,158.0
2025-10-01,10505,Starter,2,158.0
2025-11-01,10505,Starter,2,158.0
2025-12-01,10505,Starter,2,158.0
2026-01-01,10505,Starter,2,158.0
2026-02-01,10505,Starter,2,158.0
2026-03-01,10505,Starter,2,158.0
2026-04-01,10505,Starter,2,158.0
2026-05-01,10505,Starter,2,158.0
2025-09-01,10506,Business,19,9481.0
2025-10-01,10506,Business,19,9481.0
2025-11-01,10506,Business,20,9980.0
2025-12-01,10506,Business,20,9980.0
2026-01-01,10506,Business,20,9980.0
2026-02-01,10506,Business,20,9980.0
2026-03-01,10506,Business,21,10479.000000000002
2026-04-01,10506,Business,21,10479.000000000002
2026-05-01,10506,Business,21,10479.000000000002
2026-06-01,10506,Business,22,10978.0
2026-07-01,10506,Business,22,10978.0
2026-08-01,10506,Business,22,10978.0
2025-11-01,10507,Starter,3,237.0
2025-12-01,10507,Starter,3,237.0
2026-01-01,10507,Starter,3,237.0
2026-02-01,10507,Starter,3,237.0
2026-03-01,10507,Starter,3,237.0
2026-04-01,10507,Starter,3,237.0
2026-05-01,10507,Starter,3,237.0
2026-06-01,10507,Starter,3,237.0
2026-07-01,10507,Starter,3,237.0
2026-08-01,10507,Starter,3,237.0
2025-05-01,10508,Starter,4,316.0
2025-06-01,10508,Starter,4,316.0
2025-07-01,10508,Starter,4,316.0
2025-08-01,10508,Starter,4,316.0
2025-09-01,10508,Starter,4,316.0
2025-10-01,10508,Starter,4,316.0
2025-11-01,10508,Starter,4,316.0
2025-12-01,10508,Starter,4,316.0
2026-01-01,10508,Starter,4,316.0
2026-02-01,10508,Starter,5,395.0
2026-03-01,10508,Starter,5,395.0
2026-04-01,10508,Starter,5,395.0
2026-05-01,10508,Starter,5,395.0
2026-06-01,10508,Starter,5,395.0
2026-07-01,10508,Starter,5,395.0
2026-08-01,10508,Starter,5,395.0
2025-06-01,10509,Enterprise,59,76641.0
2025-07-01,10509,Enterprise,60,77940.0
2025-08-01,10509,Enterprise,61,79239.0
2025-09-01,10509,Enterprise,62,80538.0
2025-10-01,10509,Enterprise,63,81837.0
2025-11-01,10509,Enterprise,63,81837.0
2025-12-01,10509,Enterprise,64,83136.0
2026-01-01,10509,Enterprise,65,84435.0
2026-02-01,10509,Enterprise,66,85734.0
2026-03-01,10509,Enterprise,67,87033.0
2026-04-01,10509,Enterprise,68,88332.0
2026-05-01,10509,Enterprise,69,89631.0
2026-06-01,10509,Enterprise,70,90930.0
2026-07-01,10509,Enterprise,70,90930.0
2026-08-01,10509,Enterprise,70,90930.0
2025-05-01,10510,Starter,4,316.0
2025-06-01,10510,Starter,4,316.0
2025-07-01,10510,Starter,4,316.0
2025-08-01,10510,Starter,4,316.0
2025-09-01,10510,Starter,4,316.0
2025-10-01,10510,Starter,4,316.0
2025-11-01,10510,Starter,4,316.0
2025-12-01,10510,Starter,4,316.0
2026-01-01,10510,Starter,4,316.0
2026-02-01,10510,Starter,5,395.0
2026-03-01,10510,Starter,5,395.0
2026-04-01,10510,Starter,5,395.0
2026-05-01,10510,Starter,5,395.0
2026-06-01,10510,Starter,5,395.0
2026-07-01,10510,Starter,5,395.0
2026-08-01,10510,Starter,5,395.0
2026-08-01,10511,Starter,3,237.0
2026-03-01,10512,Pro,4,796.0
2026-04-01,10512,Pro,4,796.0
2026-05-01,10512,Pro,4,796.0
2026-06-01,10512,Pro,4,796.0
2026-07-01,10512,Pro,4,796.0
2026-08-01,10512,Pro,4,796.0
2026-05-01,10513,Pro,7,1393.0
2026-06-01,10513,Pro,7,1393.0
2026-07-01,10513,Pro,7,1393.0
2026-08-01,10513,Pro,7,1393.0
2026-05-01,10514,Business,21,10479.0
2026-06-01,10514,Business,21,10479.0
2026-07-01,10514,Business,22,10978.0
2026-08-01,10514,Business,22,10978.0
2026-07-01,10515,Enterprise,31,40269.0
2026-08-01,10515,Enterprise,31,40269.0
2025-03-01,10516,Starter,4,316.0
2025-04-01,10516,Starter,4,316.0
2025-05-01,10516,Starter,4,316.0
2025-06-01,10516,Starter,4,316.0
2025-07-01,10516,Starter,4,316.0
2025-08-01,10516,Starter,4,316.0
2025-09-01,10516,Starter,4,316.0
2025-10-01,10516,Starter,4,316.0
2025-11-01,10516,Starter,4,316.0
2025-12-01,10516,Starter,5,395.0
2026-01-01,10516,Starter,5,395.0
2026-02-01,10516,Starter,5,395.0
2026-03-01,10516,Starter,5,395.0
2026-04-01,10516,Starter,5,395.0
2026-05-01,10516,Starter,5,395.0
2026-06-01,10516,Starter,5,395.0
2026-07-01,10516,Starter,5,395.0
2026-08-01,10516,Starter,5,395.0
2026-06-01,10517,Starter,4,316.0
2026-07-01,10517,Starter,4,316.0
2026-08-01,10517,Starter,4,316.0
2025-02-01,10518,Business,19,9481.0
2025-03-01,10518,Business,19,9481.0
2025-04-01,10518,Business,20,9980.0
2025-05-01,10518,Business,20,9980.0
2025-06-01,10518,Business,20,9980.0
2025-07-01,10518,Business,20,9980.0
2025-08-01,10518,Business,21,10479.000000000002
2025-09-01,10518,Business,21,10479.000000000002
2025-10-01,10518,Business,21,10479.000000000002
2025-11-01,10518,Business,22,10978.0
2025-12-01,10518,Business,22,10978.0
2026-01-01,10518,Business,22,10978.0
2026-02-01,10518,Business,22,10978.0
2026-03-01,10518,Business,22,10978.0
2026-04-01,10518,Business,22,10978.0
2026-05-01,10518,Business,22,10978.0
2026-06-01,10518,Business,22,10978.0
2026-07-01,10518,Business,22,10978.0
2026-08-01,10518,Business,22,10978.0
2025-10-01,10519,Starter,1,79.0
2025-11-01,10519,Starter,1,79.0
2025-12-01,10519,Starter,1,79.0
2026-01-01,10519,Starter,1,79.0
2026-02-01,10519,Starter,1,79.0
2026-03-01,10519,Starter,1,79.0
2026-04-01,10519,Starter,1,79.0
2026-05-01,10519,Starter,1,79.0
2026-06-01,10519,Starter,1,79.0
2026-07-01,10519,Starter,1,79.0
2026-08-01,10519,Starter,1,79.0
2025-12-01,10520,Business,12,5988.0
2026-01-01,10520,Business,12,5988.0
2026-02-01,10520,Business,12,5988.0
2026-03-01,10520,Business,13,6487.0
2026-04-01,10520,Business,13,6487.0
2026-05-01,10520,Business,13,6487.0
2026-06-01,10520,Business,13,6487.0
2026-07-01,10520,Business,13,6487.0
2026-08-01,10520,Business,13,6487.0
2025-08-01,10521,Pro,15,2985.0
2025-09-01,10521,Pro,15,2985.0
2025-10-01,10521,Pro,15,2985.0
2025-11-01,10521,Pro,16,3184.0
2025-12-01,10521,Pro,16,3184.0
2026-01-01,10521,Pro,16,3184.0
2026-02-01,10521,Pro,16,3184.0
2026-03-01,10521,Pro,17,3383.0
2026-04-01,10521,Pro,17,3383.0
2026-05-01,10521,Pro,17,3383.0
2026-06-01,10521,Pro,17,3383.0
2026-07-01,10521,Pro,17,3383.0
2026-08-01,10521,Pro,18,3582.0
2025-03-01,10522,Starter,2,158.0
2025-04-01,10522,Starter,2,158.0
2025-05-01,10522,Starter,2,158.0
2025-06-01,10522,Starter,2,158.0
2025-07-01,10522,Starter,2,158.0
2025-08-01,10522,Starter,2,158.0
2025-09-01,10522,Starter,2,158.0
2025-10-01,10522,Starter,2,158.0
2025-11-01,10522,Starter,2,158.0
2025-12-01,10522,Starter,2,158.0
2026-01-01,10522,Starter,2,158.0
2026-02-01,10522,Starter,2,158.0
2026-03-01,10522,Starter,2,158.0
2026-04-01,10522,Starter,2,158.0
2026-05-01,10522,Starter,2,158.0
2026-06-01,10522,Starter,2,158.0
2026-07-01,10522,Starter,2,158.0
2026-08-01,10522,Starter,2,158.0
2025-04-01,10523,Business,9,4491.0
2025-05-01,10523,Business,9,4491.0
2025-06-01,10523,Business,9,4491.0
2025-07-01,10523,Business,9,4491.0
2025-08-01,10523,Business,10,4990.0
2025-09-01,10523,Business,10,4990.0
2025-10-01,10523,Business,10,4990.0
2025-11-01,10523,Business,10,4990.0
2025-12-01,10523,Business,10,4990.0
2026-01-01,10523,Business,10,4990.0
2026-02-01,10523,Business,10,4990.0
2026-03-01,10523,Business,10,4990.0
2026-04-01,10523,Business,11,5489.0
2026-05-01,10523,Business,11,5489.0
2026-06-01,10523,Business,11,5489.0
2026-07-01,10523,Business,11,5489.0
2026-08-01,10523,Business,11,5489.0
2026-05-01,10524,Starter,5,395.0
2026-06-01,10524,Starter,5,395.0
2026-07-01,10524,Starter,5,395.0
2026-08-01,10524,Starter,5,395.0
2025-07-01,10525,Pro,8,1592.0
2025-08-01,10525,Pro,8,1592.0
2025-09-01,10525,Pro,8,1592.0
2025-10-01,10525,Pro,8,1592.0
2025-11-01,10525,Pro,8,1592.0
2025-12-01,10525,Pro,9,1791.0
2026-01-01,10525,Pro,9,1791.0
2026-02-01,10525,Pro,9,1791.0
2026-03-01,10525,Pro,9,1791.0
2026-04-01,10525,Pro,9,1791.0
2026-05-01,10525,Pro,9,1791.0
2026-06-01,10525,Pro,9,1791.0
2026-07-01,10525,Pro,9,1791.0
2026-08-01,10525,Pro,9,1791.0
2025-07-01,10526,Pro,12,2388.0
2025-08-01,10526,Pro,12,2388.0
2025-09-01,10526,Pro,12,2388.0
2025-10-01,10526,Pro,13,2587.0
2025-11-01,10526,Pro,13,2587.0
2025-12-01,10526,Pro,13,2587.0
2026-01-01,10526,Pro,13,2587.0
2026-02-01,10526,Pro,13,2587.0
2026-03-01,10526,Pro,13,2587.0
2026-04-01,10526,Pro,14,2786.0
2026-05-01,10526,Pro,14,2786.0
2026-06-01,10526,Pro,14,2786.0
2026-07-01,10526,Pro,14,2786.0
2026-08-01,10526,Pro,14,2786.0
2026-07-01,10527,Pro,9,1791.0
2026-08-01,10527,Pro,9,1791.0
2025-03-01,10528,Pro,9,1791.0
2025-04-01,10528,Pro,9,1791.0
2025-05-01,10528,Pro,9,1791.0
2025-06-01,10528,Pro,9,1791.0
2025-07-01,10528,Pro,10,1990.0
2025-08-01,10528,Pro,10,1990.0
2025-09-01,10528,Pro,10,1990.0
2025-10-01,10528,Pro,10,1990.0
2025-11-01,10528,Pro,10,1990.0
2025-12-01,10528,Pro,10,1990.0
2026-01-01,10528,Pro,10,1990.0
2026-02-01,10528,Pro,10,1990.0
2026-03-01,10528,Pro,11,2189.0
2026-04-01,10528,Pro,11,2189.0
2026-05-01,10528,Pro,11,2189.0
2026-06-01,10528,Pro,11,2189.0
2026-07-01,10528,Pro,11,2189.0
2026-08-01,10528,Pro,11,2189.0
2026-07-01,10529,Pro,9,1791.0
2026-08-01,10529,Pro,9,1791.0
2026-07-01,10530,Enterprise,57,74043.0
2026-08-01,10530,Enterprise,58,75342.0
2025-12-01,10531,Enterprise,100,129900.0
2026-01-01,10531,Enterprise,101,131199.0
2026-02-01,10531,Enterprise,103,133797.0
2026-03-01,10531,Enterprise,104,135096.0
2026-04-01,10531,Enterprise,106,137694.0
2026-05-01,10531,Enterprise,108,140292.0
2026-06-01,10531,Enterprise,109,141591.0
2026-07-01,10531,Enterprise,110,142890.0
2026-08-01,10531,Enterprise,112,145488.0
2025-04-01,10532,Pro,11,2189.0
2025-05-01,10532,Pro,11,2189.0
2025-06-01,10532,Pro,11,2189.0
2025-07-01,10532,Pro,11,2189.0
2025-04-01,10533,Starter,2,158.0
2025-05-01,10533,Starter,2,158.0
2025-06-01,10533,Starter,2,158.0
2025-07-01,10533,Starter,2,158.0
2025-08-01,10533,Starter,2,158.0
2025-09-01,10533,Starter,2,158.0
2025-10-01,10533,Starter,2,158.0
2025-11-01,10533,Starter,2,158.0
2025-12-01,10533,Starter,2,158.0
2026-01-01,10533,Starter,2,158.0
2026-02-01,10533,Starter,2,158.0
2026-03-01,10533,Starter,2,158.0
2026-04-01,10533,Starter,2,158.0
2026-05-01,10533,Starter,2,158.0
2026-06-01,10533,Starter,2,158.0
2026-07-01,10533,Starter,2,158.0
2026-08-01,10533,Starter,2,158.0
2025-06-01,10534,Pro,9,1791.0
2025-07-01,10534,Pro,9,1791.0
2025-08-01,10534,Pro,9,1791.0
2025-09-01,10534,Pro,9,1791.0
2025-10-01,10534,Pro,10,1990.0
2025-11-01,10534,Pro,10,1990.0
2025-12-01,10534,Pro,10,1990.0
2026-01-01,10534,Pro,10,1990.0
2026-02-01,10534,Pro,10,1990.0
2026-03-01,10534,Pro,10,1990.0
2026-04-01,10534,Pro,10,1990.0
2026-05-01,10534,Pro,10,1990.0
2026-06-01,10534,Pro,11,2189.0
2026-07-01,10534,Pro,11,2189.0
2026-08-01,10534,Pro,11,2189.0
2025-12-01,10535,Enterprise,67,87033.0
2026-01-01,10535,Enterprise,68,88332.0
2026-02-01,10535,Enterprise,69,89631.00000000001
2026-03-01,10535,Enterprise,70,90929.99999999999
2026-04-01,10535,Enterprise,71,92229.0
2026-05-01,10535,Enterprise,72,93528.0
2026-06-01,10535,Enterprise,73,94827.0
2026-07-01,10535,Enterprise,74,96126.0
2026-08-01,10535,Enterprise,75,97424.99999999999
2025-04-01,10536,Starter,5,395.0
2025-05-01,10536,Starter,5,395.0
2025-06-01,10536,Starter,5,395.0
2025-07-01,10536,Starter,5,395.0
2025-08-01,10536,Starter,5,395.0
2025-09-01,10536,Starter,5,395.0
2025-10-01,10536,Starter,5,395.0
2025-11-01,10536,Starter,6,474.0
2025-12-01,10536,Starter,6,474.0
2026-01-01,10536,Starter,6,474.0
2026-02-01,10536,Starter,6,474.0
2026-03-01,10536,Starter,6,474.0
2026-04-01,10536,Starter,6,474.0
2026-05-01,10536,Starter,6,474.0
2026-06-01,10536,Starter,6,474.0
2026-07-01,10536,Starter,6,474.0
2026-08-01,10536,Starter,6,474.0
2025-10-01,10537,Pro,7,1393.0
2025-11-01,10537,Pro,7,1393.0
2025-12-01,10537,Pro,7,1393.0
2026-01-01,10537,Pro,7,1393.0
2026-02-01,10537,Pro,7,1393.0
2026-03-01,10537,Pro,8,1592.0
2026-04-01,10537,Pro,8,1592.0
2026-05-01,10537,Pro,8,1592.0
2026-06-01,10537,Pro,8,1592.0
2026-07-01,10537,Pro,8,1592.0
2026-08-01,10537,Pro,8,1592.0
2025-03-01,10538,Pro,12,2388.0
2025-04-01,10538,Pro,12,2388.0
2025-05-01,10538,Pro,12,2388.0
2025-06-01,10538,Pro,13,2587.0
2025-07-01,10538,Pro,13,2587.0
2025-08-01,10538,Pro,13,2587.0
2025-09-01,10538,Pro,13,2587.0
2025-10-01,10538,Pro,13,2587.0
2025-11-01,10538,Pro,13,2587.0
2025-12-01,10538,Pro,14,2786.0
2026-01-01,10538,Pro,14,2786.0
2026-02-01,10538,Pro,14,2786.0
2026-03-01,10538,Pro,14,2786.0
2026-04-01,10538,Pro,14,2786.0
2026-05-01,10538,Pro,14,2786.0
2026-06-01,10538,Pro,14,2786.0
2026-07-01,10538,Pro,14,2786.0
2026-08-01,10538,Pro,14,2786.0
2025-11-01,10539,Starter,4,316.0
2025-12-01,10539,Starter,4,316.0
2026-01-01,10539,Starter,4,316.0
2026-02-01,10539,Starter,4,316.0
2026-03-01,10539,Starter,4,316.0
2026-04-01,10539,Starter,4,316.0
2026-05-01,10539,Starter,4,316.0
2026-06-01,10539,Starter,4,316.0
2026-07-01,10539,Starter,4,316.0
2025-01-01,10540,Pro,20,3980.0
2025-02-01,10540,Pro,20,3980.0
2025-03-01,10540,Pro,21,4179.0
2025-04-01,10540,Pro,21,4179.0
2025-05-01,10540,Pro,21,4179.0
2025-06-01,10540,Pro,22,4378.0
2025-07-01,10540,Pro,22,4378.0
2025-08-01,10540,Pro,22,4378.0
2025-09-01,10540,Pro,22,4378.0
2025-10-01,10540,Pro,23,4577.0
2025-11-01,10540,Pro,23,4577.0
2025-12-01,10540,Pro,23,4577.0
2026-01-01,10540,Pro,24,4776.0
2026-02-01,10540,Pro,24,4776.0
2026-03-01,10540,Pro,24,4776.0
2026-04-01,10540,Pro,24,4776.0
2026-05-01,10540,Pro,24,4776.0
2026-06-01,10540,Pro,24,4776.0
2026-07-01,10540,Pro,24,4776.0
2026-08-01,10540,Pro,24,4776.0
2026-03-01,10541,Starter,2,158.0
2026-04-01,10541,Starter,2,158.0
2026-05-01,10541,Starter,2,158.0
2026-06-01,10541,Starter,2,158.0
2026-07-01,10541,Starter,2,158.0
2026-08-01,10541,Starter,2,158.0
2025-02-01,10542,Business,15,7485.0
2025-03-01,10542,Business,15,7485.0
2025-04-01,10542,Business,15,7485.0
2025-05-01,10542,Business,16,7984.0
2025-06-01,10542,Business,16,7984.0
2025-07-01,10542,Business,16,7984.0
2025-08-01,10542,Business,16,7984.0
2025-09-01,10542,Business,17,8483.0
2025-10-01,10542,Business,17,8483.0
2025-11-01,10542,Business,17,8483.0
2025-12-01,10542,Business,17,8483.0
2026-01-01,10542,Business,17,8483.0
2026-02-01,10542,Business,18,8982.0
2026-03-01,10542,Business,18,8982.0
2026-04-01,10542,Business,18,8982.0
2026-05-01,10542,Business,18,8982.0
2026-06-01,10542,Business,18,8982.0
2026-07-01,10542,Business,18,8982.0
2026-08-01,10542,Business,18,8982.0
2025-04-01,10543,Business,16,7984.0
2025-05-01,10543,Business,16,7984.0
2025-06-01,10543,Business,16,7984.0
2025-07-01,10543,Business,17,8483.0
2025-08-01,10543,Business,17,8483.0
2025-09-01,10543,Business,17,8483.0
2025-10-01,10543,Business,17,8483.0
2025-11-01,10543,Business,18,8982.0
2025-12-01,10543,Business,18,8982.0
2026-01-01,10543,Business,18,8982.0
2026-02-01,10543,Business,18,8982.0
2026-03-01,10543,Business,19,9481.0
2026-04-01,10543,Business,19,9481.0
2026-05-01,10543,Business,19,9481.0
2026-06-01,10543,Business,19,9481.0
2025-04-01,10544,Business,15,7485.0
2025-05-01,10544,Business,15,7485.0
2025-06-01,10544,Business,15,7485.0
2025-07-01,10544,Business,16,7984.0
2025-08-01,10544,Business,16,7984.0
2025-09-01,10544,Business,16,7984.0
2026-05-01,10545,Starter,2,158.0
2026-06-01,10545,Starter,2,158.0
2026-07-01,10545,Starter,2,158.0
2026-08-01,10545,Starter,2,158.0
2025-02-01,10546,Starter,1,79.0
2025-03-01,10546,Starter,1,79.0
2025-04-01,10546,Starter,1,79.0
2025-05-01,10546,Starter,1,79.0
2025-06-01,10546,Starter,1,79.0
2025-07-01,10546,Starter,1,79.0
2025-08-01,10546,Starter,1,79.0
2025-09-01,10546,Starter,1,79.0
2025-10-01,10546,Starter,1,79.0
2025-11-01,10546,Starter,1,79.0
2025-12-01,10546,Starter,1,79.0
2026-01-01,10546,Starter,1,79.0
2026-02-01,10546,Starter,1,79.0
2026-03-01,10546,Starter,1,79.0
2026-04-01,10546,Starter,1,79.0
2026-05-01,10546,Starter,1,79.0
2026-06-01,10546,Starter,1,79.0
2026-07-01,10546,Starter,1,79.0
2026-08-01,10546,Starter,1,79.0
2025-09-01,10547,Business,15,7485.0
2025-10-01,10547,Business,15,7485.0
2025-11-01,10547,Business,15,7485.0
2025-12-01,10547,Business,16,7984.0
2026-01-01,10547,Business,16,7984.0
2026-02-01,10547,Business,16,7984.0
2026-03-01,10547,Business,16,7984.0
2026-04-01,10547,Business,17,8483.0
2026-05-01,10547,Business,17,8483.0
2026-06-01,10547,Business,17,8483.0
2026-07-01,10547,Business,17,8483.0
2026-08-01,10547,Business,17,8483.0
2025-12-01,10548,Business,20,9980.0
2026-01-01,10548,Business,20,9980.0
2026-02-01,10548,Business,21,10479.0
2026-03-01,10548,Business,21,10479.0
2026-04-01,10548,Business,21,10479.0
2026-05-01,10548,Business,22,10978.0
2026-06-01,10548,Business,22,10978.0
2026-07-01,10548,Business,22,10978.0
2026-08-01,10548,Business,22,10978.0
2025-11-01,10549,Pro,7,1393.0
2025-12-01,10549,Pro,7,1393.0
2026-01-01,10549,Pro,7,1393.0
2026-02-01,10549,Pro,7,1393.0
2026-03-01,10549,Pro,7,1393.0
2026-04-01,10549,Pro,8,1592.0
2026-05-01,10549,Pro,8,1592.0
2026-06-01,10549,Pro,8,1592.0
2026-07-01,10549,Pro,8,1592.0
2026-08-01,10549,Pro,8,1592.0
2026-02-01,10550,Business,35,17465.0
2026-03-01,10550,Business,36,17964.0
2026-04-01,10550,Business,36,17964.0
2026-05-01,10550,Business,37,18463.0
2026-06-01,10550,Business,37,18463.0
2026-07-01,10550,Business,38,18962.0
2026-08-01,10550,Business,38,18962.0
2026-04-01,10551,Starter,3,237.0
2026-05-01,10551,Starter,3,237.0
2026-06-01,10551,Starter,3,237.0
2026-07-01,10551,Starter,3,237.0
2026-08-01,10551,Starter,3,237.0
2025-08-01,10552,Business,28,13972.0
2025-09-01,10552,Business,28,13972.0
2025-10-01,10552,Business,29,14471.000000000002
2025-11-01,10552,Business,29,14471.000000000002
2025-12-01,10552,Business,30,14970.0
2026-01-01,10552,Business,30,14970.0
2026-02-01,10552,Business,31,15469.0
2026-03-01,10552,Business,31,15469.0
2026-04-01,10552,Business,31,15469.0
2026-05-01,10552,Business,32,15968.0
2026-06-01,10552,Business,32,15968.0
2026-07-01,10552,Business,33,16467.0
2026-08-01,10552,Business,33,16467.0
2026-05-01,10553,Starter,3,237.0
2026-06-01,10553,Starter,3,237.0
2026-07-01,10553,Starter,3,237.0
2026-08-01,10553,Starter,3,237.0
2025-07-01,10554,Starter,4,316.0
2025-08-01,10554,Starter,4,316.0
2025-09-01,10554,Starter,4,316.0
2025-10-01,10554,Starter,4,316.0
2025-11-01,10554,Starter,4,316.0
2025-12-01,10554,Starter,4,316.0
2026-01-01,10554,Starter,4,316.0
2026-02-01,10554,Starter,4,316.0
2026-03-01,10554,Starter,4,316.0
2026-04-01,10554,Starter,5,395.0
2026-05-01,10554,Starter,5,395.0
2026-06-01,10554,Starter,5,395.0
2026-07-01,10554,Starter,5,395.0
2026-08-01,10554,Starter,5,395.0
2026-08-01,10555,Pro,9,1791.0
2025-10-01,10556,Starter,5,395.0
2025-11-01,10556,Starter,5,395.0
2025-12-01,10556,Starter,5,395.0
2026-01-01,10556,Starter,5,395.0
2026-02-01,10556,Starter,5,395.0
2026-03-01,10556,Starter,5,395.0
2026-04-01,10556,Starter,5,395.0
2026-05-01,10556,Starter,6,474.0
2026-06-01,10556,Starter,6,474.0
2026-07-01,10556,Starter,6,474.0
2026-08-01,10556,Starter,6,474.0
2026-03-01,10557,Starter,3,237.0
2026-04-01,10557,Starter,3,237.0
2026-05-01,10557,Starter,3,237.0
2026-06-01,10557,Starter,3,237.0
2026-07-01,10557,Starter,3,237.0
2026-08-01,10557,Starter,3,237.0
2026-06-01,10558,Starter,4,316.0
2026-07-01,10558,Starter,4,316.0
2026-08-01,10558,Starter,4,316.0
2026-04-01,10559,Pro,9,1791.0
2026-05-01,10559,Pro,9,1791.0
2026-06-01,10559,Pro,9,1791.0
2026-07-01,10559,Pro,9,1791.0
2026-08-01,10559,Pro,10,1990.0
2026-05-01,10560,Business,16,7984.0
2026-06-01,10560,Business,16,7984.0
2026-07-01,10560,Business,16,7984.0
2026-08-01,10560,Business,17,8483.0
2025-11-01,10561,Starter,3,237.0
2025-12-01,10561,Starter,3,237.0
2026-01-01,10561,Starter,3,237.0
2026-02-01,10561,Starter,3,237.0
2026-03-01,10561,Starter,3,237.0
2026-04-01,10561,Starter,3,237.0
2026-05-01,10561,Starter,3,237.0
2026-06-01,10561,Starter,3,237.0
2026-07-01,10561,Starter,3,237.0
2026-08-01,10561,Starter,3,237.0
2025-01-01,10562,Pro,17,3383.0
2025-02-01,10562,Pro,17,3383.0
2025-03-01,10562,Pro,18,3582.0
2025-04-01,10562,Pro,18,3582.0
2025-05-01,10562,Pro,18,3582.0
2025-06-01,10562,Pro,18,3582.0
2025-07-01,10562,Pro,19,3781.0
2025-08-01,10562,Pro,19,3781.0
2025-09-01,10562,Pro,19,3781.0
2025-10-01,10562,Pro,19,3781.0
2025-11-01,10562,Pro,20,3980.0
2025-12-01,10562,Pro,20,3980.0
2026-01-01,10562,Pro,20,3980.0
2026-02-01,10562,Pro,20,3980.0
2026-03-01,10562,Pro,20,3980.0
2026-04-01,10562,Pro,20,3980.0
2026-05-01,10562,Pro,20,3980.0
2026-06-01,10562,Pro,20,3980.0
2026-07-01,10562,Pro,20,3980.0
2026-08-01,10562,Pro,20,3980.0
2025-10-01,10563,Business,16,7984.0
2025-11-01,10563,Business,16,7984.0
2025-12-01,10563,Business,16,7984.0
2026-01-01,10563,Business,17,8483.0
2026-02-01,10563,Business,17,8483.0
2026-03-01,10563,Business,17,8483.0
2026-04-01,10563,Business,17,8483.0
2026-05-01,10563,Business,18,8982.0
2026-06-01,10563,Business,18,8982.0
2026-07-01,10563,Business,18,8982.0
2026-08-01,10563,Business,18,8982.0
2025-04-01,10564,Starter,3,237.0
2025-05-01,10564,Starter,3,237.0
2025-06-01,10564,Starter,3,237.0
2025-07-01,10564,Starter,3,237.0
2025-08-01,10564,Starter,3,237.0
2025-09-01,10564,Starter,3,237.0
2025-10-01,10564,Starter,3,237.0
2025-11-01,10564,Starter,3,237.0
2025-12-01,10564,Starter,3,237.0
2026-01-01,10564,Starter,3,237.0
2026-02-01,10564,Starter,3,237.0
2026-03-01,10564,Starter,3,237.0
2026-04-01,10564,Starter,4,316.0
2026-05-01,10564,Starter,4,316.0
2026-06-01,10564,Starter,4,316.0
2026-07-01,10564,Starter,4,316.0
2026-08-01,10564,Starter,4,316.0
2026-06-01,10565,Starter,5,395.0
2026-07-01,10565,Starter,5,395.0
2026-08-01,10565,Starter,5,395.0
2025-05-01,10566,Business,27,13473.0
2025-06-01,10566,Business,27,13473.0
2025-07-01,10566,Business,28,13972.0
2025-08-01,10566,Business,28,13972.0
2025-09-01,10566,Business,29,14471.000000000002
2025-10-01,10566,Business,29,14471.000000000002
2025-11-01,10566,Business,29,14471.000000000002
2025-12-01,10566,Business,30,14970.0
2026-01-01,10566,Business,30,14970.0
2026-02-01,10566,Business,31,15469.0
2026-03-01,10566,Business,31,15469.0
2026-04-01,10566,Business,31,15469.0
2026-05-01,10566,Business,32,15968.0
2026-06-01,10566,Business,32,15968.0
2026-07-01,10566,Business,32,15968.0
2026-08-01,10566,Business,32,15968.0
2025-05-01,10567,Business,18,8982.0
2025-06-01,10567,Business,18,8982.0
2025-07-01,10567,Business,19,9481.0
2025-08-01,10567,Business,19,9481.0
2025-09-01,10567,Business,19,9481.0
2025-10-01,10567,Business,19,9481.0
2025-11-01,10567,Business,20,9980.0
2025-12-01,10567,Business,20,9980.0
2026-01-01,10567,Business,20,9980.0
2026-02-01,10567,Business,20,9980.0
2026-03-01,10567,Business,21,10479.0
2026-04-01,10567,Business,21,10479.0
2026-05-01,10567,Business,21,10479.0
2026-06-01,10567,Business,21,10479.0
2026-07-01,10567,Business,21,10479.0
2026-08-01,10567,Business,21,10479.0
2025-05-01,10568,Pro,3,597.0
2025-06-01,10568,Pro,3,597.0
2025-07-01,10568,Pro,3,597.0
2025-08-01,10568,Pro,3,597.0
2025-09-01,10568,Pro,3,597.0
2025-10-01,10568,Pro,3,597.0
2025-11-01,10568,Pro,3,597.0
2025-12-01,10568,Pro,3,597.0
2026-01-01,10568,Pro,3,597.0
2026-02-01,10568,Pro,3,597.0
2026-03-01,10568,Pro,3,597.0
2026-04-01,10568,Pro,3,597.0
2026-05-01,10568,Pro,4,796.0
2026-06-01,10568,Pro,4,796.0
2026-07-01,10568,Pro,4,796.0
2026-08-01,10568,Pro,4,796.0
2026-01-01,10569,Business,22,10978.0
2026-02-01,10569,Business,22,10978.0
2026-03-01,10569,Business,23,11477.0
2026-04-01,10569,Business,23,11477.0
2026-05-01,10569,Business,23,11477.0
2026-06-01,10569,Business,24,11976.0
2026-07-01,10569,Business,24,11976.0
2026-08-01,10569,Business,24,11976.0
2025-12-01,10570,Starter,1,79.0
2026-01-01,10570,Starter,1,79.0
2026-02-01,10570,Starter,1,79.0
2026-03-01,10570,Starter,1,79.0
2026-04-01,10570,Starter,1,79.0
2026-05-01,10570,Starter,1,79.0
2026-06-01,10570,Starter,1,79.0
2026-07-01,10570,Starter,1,79.0
2026-08-01,10570,Starter,1,79.0
2026-07-01,10571,Starter,5,395.0
2026-08-01,10571,Starter,5,395.0
2025-09-01,10572,Pro,8,1592.0
2025-10-01,10572,Pro,8,1592.0
2025-11-01,10572,Pro,8,1592.0
2025-12-01,10572,Pro,8,1592.0
2026-01-01,10572,Pro,8,1592.0
2026-02-01,10572,Pro,9,1791.0
2026-03-01,10572,Pro,9,1791.0
2026-04-01,10572,Pro,9,1791.0
2026-05-01,10572,Pro,9,1791.0
2026-06-01,10572,Pro,9,1791.0
2026-07-01,10572,Pro,9,1791.0
2026-08-01,10572,Pro,9,1791.0
2025-06-01,10573,Starter,4,316.0
2025-07-01,10573,Starter,4,316.0
2025-08-01,10573,Starter,4,316.0
2025-09-01,10573,Starter,4,316.0
2025-10-01,10573,Starter,4,316.0
2025-11-01,10573,Starter,4,316.0
2025-12-01,10573,Starter,4,316.0
2026-01-01,10573,Starter,4,316.0
2026-02-01,10573,Starter,4,316.0
2026-03-01,10573,Starter,5,395.0
2026-04-01,10573,Starter,5,395.0
2026-05-01,10573,Starter,5,395.0
2026-06-01,10573,Starter,5,395.0
2026-07-01,10573,Starter,5,395.0
2026-08-01,10573,Starter,5,395.0
2025-01-01,10574,Business,13,6487.0
2025-02-01,10574,Business,13,6487.0
2025-03-01,10574,Business,13,6487.0
2025-04-01,10574,Business,14,6986.0
2025-05-01,10574,Business,14,6986.0
2025-06-01,10574,Business,14,6986.0
2025-07-01,10574,Business,14,6986.0
2025-08-01,10574,Business,14,6986.0
2025-09-01,10574,Business,15,7484.999999999999
2025-10-01,10574,Business,15,7484.999999999999
2025-11-01,10574,Business,15,7484.999999999999
2025-12-01,10574,Business,15,7484.999999999999
2026-01-01,10574,Business,15,7484.999999999999
2026-02-01,10574,Business,15,7484.999999999999
2026-03-01,10574,Business,15,7484.999999999999
2026-04-01,10574,Business,15,7484.999999999999
2026-05-01,10574,Business,15,7484.999999999999
2026-06-01,10574,Business,15,7484.999999999999
2026-07-01,10574,Business,15,7484.999999999999
2026-08-01,10574,Business,15,7484.999999999999
2025-01-01,10575,Pro,5,995.0
2025-02-01,10575,Pro,5,995.0
2025-03-01,10575,Pro,5,995.0
2025-04-01,10575,Pro,5,995.0
2025-05-01,10575,Pro,5,995.0
2025-06-01,10575,Pro,5,995.0
2025-07-01,10575,Pro,5,995.0
2025-08-01,10575,Pro,6,1194.0
2025-09-01,10575,Pro,6,1194.0
2025-10-01,10575,Pro,6,1194.0
2025-11-01,10575,Pro,6,1194.0
2025-12-01,10575,Pro,6,1194.0
2026-01-01,10575,Pro,6,1194.0
2026-02-01,10575,Pro,6,1194.0
2026-03-01,10575,Pro,6,1194.0
2026-04-01,10575,Pro,6,1194.0
2026-05-01,10575,Pro,6,1194.0
2026-06-01,10575,Pro,6,1194.0
2026-07-01,10575,Pro,6,1194.0
2026-08-01,10575,Pro,6,1194.0
2025-08-01,10576,Business,20,9980.0
2025-09-01,10576,Business,20,9980.0
2025-10-01,10576,Business,21,10479.0
2025-11-01,10576,Business,21,10479.0
2025-12-01,10576,Business,21,10479.0
2026-01-01,10576,Business,22,10978.0
2026-02-01,10576,Business,22,10978.0
2026-03-01,10576,Business,22,10978.0
2026-04-01,10576,Business,22,10978.0
2026-05-01,10576,Business,23,11477.0
2026-06-01,10576,Business,23,11477.0
2026-07-01,10576,Business,23,11477.0
2026-08-01,10576,Business,24,11976.0
2026-07-01,10577,Pro,8,1592.0
2026-08-01,10577,Pro,8,1592.0
2025-11-01,10578,Starter,3,237.0
2025-12-01,10578,Starter,3,237.0
2026-01-01,10578,Starter,3,237.0
2026-02-01,10578,Starter,3,237.0
2026-03-01,10578,Starter,3,237.0
2026-04-01,10578,Starter,3,237.0
2026-05-01,10578,Starter,3,237.0
2026-06-01,10578,Starter,3,237.0
2026-07-01,10578,Starter,3,237.0
2026-08-01,10578,Starter,3,237.0
2026-06-01,10579,Starter,3,237.0
2026-07-01,10579,Starter,3,237.0
2026-08-01,10579,Starter,3,237.0
2025-03-01,10580,Starter,8,632.0
2025-04-01,10580,Starter,8,632.0
2025-05-01,10580,Starter,8,632.0
2025-02-01,10581,Business,24,11976.0
2025-03-01,10581,Business,24,11976.0
2025-04-01,10581,Business,25,12475.0
2025-05-01,10581,Business,25,12475.0
2025-06-01,10581,Business,25,12475.0
2025-07-01,10581,Business,26,12974.0
2025-08-01,10581,Business,26,12974.0
2025-09-01,10581,Business,27,13473.0
2025-10-01,10581,Business,27,13473.0
2025-11-01,10581,Business,27,13473.0
2025-12-01,10581,Business,28,13972.0
2026-01-01,10581,Business,28,13972.0
2026-02-01,10581,Business,28,13972.0
2026-03-01,10581,Business,28,13972.0
2026-04-01,10581,Business,28,13972.0
2026-05-01,10581,Business,28,13972.0
2026-06-01,10581,Business,28,13972.0
2026-07-01,10581,Business,28,13972.0
2026-08-01,10581,Business,28,13972.0
2026-05-01,10582,Starter,4,316.0
2026-06-01,10582,Starter,4,316.0
2026-07-01,10582,Starter,4,316.0
2026-08-01,10582,Starter,4,316.0
2025-03-01,10583,Starter,4,316.0
2025-04-01,10583,Starter,4,316.0
2025-05-01,10583,Starter,4,316.0
2025-06-01,10583,Starter,4,316.0
2025-07-01,10583,Starter,4,316.0
2025-08-01,10583,Starter,4,316.0
2025-09-01,10583,Starter,4,316.0
2025-10-01,10583,Starter,4,316.0
2025-11-01,10583,Starter,4,316.0
2025-12-01,10583,Starter,5,395.0
2026-01-01,10583,Starter,5,395.0
2026-02-01,10583,Starter,5,395.0
2026-03-01,10583,Starter,5,395.0
2026-04-01,10583,Starter,5,395.0
2026-05-01,10583,Starter,5,395.0
2026-06-01,10583,Starter,5,395.0
2026-07-01,10583,Starter,5,395.0
2026-08-01,10583,Starter,5,395.0
2025-02-01,10584,Starter,5,395.0
2025-03-01,10584,Starter,5,395.0
2025-04-01,10584,Starter,5,395.0
2025-05-01,10584,Starter,5,395.0
2025-06-01,10584,Starter,5,395.0
2025-07-01,10584,Starter,5,395.0
2025-08-01,10584,Starter,5,395.0
2025-09-01,10584,Starter,6,474.0
2025-10-01,10584,Starter,6,474.0
2025-11-01,10584,Starter,6,474.0
2025-12-01,10584,Starter,6,474.0
2026-01-01,10584,Starter,6,474.0
2026-02-01,10584,Starter,6,474.0
2026-03-01,10584,Starter,6,474.0
2026-04-01,10584,Starter,6,474.0
2026-05-01,10584,Starter,6,474.0
2026-06-01,10584,Starter,6,474.0
2026-07-01,10584,Starter,6,474.0
2026-08-01,10584,Starter,6,474.0
2025-08-01,10585,Starter,3,237.0
2025-09-01,10585,Starter,3,237.0
2025-10-01,10585,Starter,3,237.0
2025-11-01,10585,Starter,3,237.0
2025-12-01,10585,Starter,3,237.0
2026-01-01,10585,Starter,3,237.0
2026-02-01,10585,Starter,3,237.0
2026-03-01,10585,Starter,3,237.0
2026-04-01,10585,Starter,3,237.0
2026-05-01,10585,Starter,3,237.0
2026-06-01,10585,Starter,3,237.0
2026-07-01,10585,Starter,3,237.0
2026-08-01,10585,Starter,4,316.0
2026-07-01,10586,Business,9,4491.0
2026-08-01,10586,Business,9,4491.0
2026-02-01,10587,Starter,3,237.0
2026-03-01,10587,Starter,3,237.0
2026-04-01,10587,Starter,3,237.0
2026-05-01,10587,Starter,3,237.0
2026-06-01,10587,Starter,3,237.0
2026-07-01,10587,Starter,3,237.0
2026-08-01,10587,Starter,3,237.0
2025-03-01,10588,Enterprise,60,77940.0
2025-04-01,10588,Enterprise,61,79239.0
2025-05-01,10588,Enterprise,62,80538.00000000001
2025-06-01,10588,Enterprise,63,81837.0
2025-07-01,10588,Enterprise,64,83136.0
2025-08-01,10588,Enterprise,64,83136.0
2025-09-01,10588,Enterprise,65,84435.0
2025-10-01,10588,Enterprise,66,85734.0
2025-11-01,10588,Enterprise,67,87033.0
2025-12-01,10588,Enterprise,68,88332.0
2026-01-01,10588,Enterprise,69,89631.0
2026-02-01,10588,Enterprise,70,90930.0
2026-03-01,10588,Enterprise,71,92229.0
2026-04-01,10588,Enterprise,71,92229.0
2026-05-01,10588,Enterprise,71,92229.0
2026-06-01,10588,Enterprise,71,92229.0
2026-07-01,10588,Enterprise,71,92229.0
2026-08-01,10588,Enterprise,71,92229.0
2026-05-01,10589,Starter,2,158.0
2026-06-01,10589,Starter,2,158.0
2026-07-01,10589,Starter,2,158.0
2026-08-01,10589,Starter,2,158.0
2026-05-01,10590,Pro,8,1592.0
2026-06-01,10590,Pro,8,1592.0
2026-07-01,10590,Pro,8,1592.0
2026-08-01,10590,Pro,8,1592.0
2026-04-01,10591,Pro,6,1194.0
2026-05-01,10591,Pro,6,1194.0
2026-06-01,10591,Pro,6,1194.0
2026-07-01,10591,Pro,6,1194.0
2026-08-01,10591,Pro,6,1194.0
2026-06-01,10592,Starter,5,395.0
2026-07-01,10592,Starter,5,395.0
2026-08-01,10592,Starter,5,395.0
2025-05-01,10593,Business,23,11477.0
2025-06-01,10593,Business,23,11477.0
2025-07-01,10593,Business,24,11976.0
2025-08-01,10593,Business,24,11976.0
2025-09-01,10593,Business,24,11976.0
2025-10-01,10593,Business,25,12475.0
2025-11-01,10593,Business,25,12475.0
2025-12-01,10593,Business,25,12475.0
2026-01-01,10593,Business,26,12973.999999999998
2026-02-01,10593,Business,26,12973.999999999998
2026-03-01,10593,Business,26,12973.999999999998
2026-04-01,10593,Business,27,13473.000000000002
2026-05-01,10593,Business,27,13473.000000000002
2026-06-01,10593,Business,27,13473.000000000002
2026-07-01,10593,Business,27,13473.000000000002
2026-08-01,10593,Business,27,13473.000000000002
2026-08-01,10594,Enterprise,57,74043.0
2025-07-01,10595,Business,22,10978.0
2025-08-01,10595,Business,22,10978.0
2025-09-01,10595,Business,23,11477.0
2025-10-01,10595,Business,23,11477.0
2025-11-01,10595,Business,23,11477.0
2025-12-01,10595,Business,24,11976.0
2026-01-01,10595,Business,24,11976.0
2026-02-01,10595,Business,24,11976.0
2026-03-01,10595,Business,25,12475.000000000002
2026-04-01,10595,Business,25,12475.000000000002
2026-05-01,10595,Business,25,12475.000000000002
2026-06-01,10595,Business,26,12974.0
2026-07-01,10595,Business,26,12974.0
2026-08-01,10595,Business,26,12974.0
2026-04-01,10596,Starter,3,237.0
2026-05-01,10596,Starter,3,237.0
2026-06-01,10596,Starter,3,237.0
2026-07-01,10596,Starter,3,237.0
2026-08-01,10596,Starter,3,237.0
2025-12-01,10597,Starter,3,237.0
2026-01-01,10597,Starter,3,237.0
2026-02-01,10597,Starter,3,237.0
2026-03-01,10597,Starter,3,237.0
2026-04-01,10597,Starter,3,237.0
2026-05-01,10597,Starter,3,237.0
2026-06-01,10597,Starter,3,237.0
2026-07-01,10597,Starter,3,237.0
2026-08-01,10597,Starter,3,237.0
2026-04-01,10598,Pro,5,995.0
2026-05-01,10598,Pro,5,995.0
2026-06-01,10598,Pro,5,995.0
2026-07-01,10598,Pro,5,995.0
2026-08-01,10598,Pro,5,995.0
2026-01-01,10599,Starter,1,79.0
2026-02-01,10599,Starter,1,79.0
2026-03-01,10599,Starter,1,79.0
2026-04-01,10599,Starter,1,79.0
2026-05-01,10599,Starter,1,79.0
2026-06-01,10599,Starter,1,79.0
2026-07-01,10599,Starter,1,79.0
2026-08-01,10599,Starter,1,79.0
2026-01-01,10600,Pro,8,1592.0
2026-02-01,10600,Pro,8,1592.0
2026-03-01,10600,Pro,8,1592.0
2026-04-01,10600,Pro,8,1592.0
2026-05-01,10600,Pro,8,1592.0
2026-06-01,10600,Pro,9,1791.0
2026-07-01,10600,Pro,9,1791.0
2026-08-01,10600,Pro,9,1791.0
2026-01-01,10601,Pro,9,1791.0
2026-02-01,10601,Pro,9,1791.0
2026-03-01,10601,Pro,9,1791.0
2026-04-01,10601,Pro,9,1791.0
2026-05-01,10601,Pro,10,1990.0
2026-06-01,10601,Pro,10,1990.0
2026-07-01,10601,Pro,10,1990.0
2026-08-01,10601,Pro,10,1990.0
2026-04-01,10602,Pro,12,2388.0
2026-05-01,10602,Pro,12,2388.0
2026-06-01,10602,Pro,12,2388.0
2026-07-01,10602,Pro,13,2587.0
2026-08-01,10602,Pro,13,2587.0
2026-03-01,10603,Business,31,15469.0
2026-04-01,10603,Business,31,15469.0
2026-05-01,10603,Business,32,15968.0
2026-06-01,10603,Business,32,15968.0
2026-07-01,10603,Business,33,16467.0
2026-08-01,10603,Business,33,16467.0
2025-03-01,10604,Pro,14,2786.0
2025-04-01,10604,Pro,14,2786.0
2025-05-01,10604,Pro,14,2786.0
2025-06-01,10604,Pro,15,2985.0
2025-07-01,10604,Pro,15,2985.0
2025-08-01,10604,Pro,15,2985.0
2025-09-01,10604,Pro,15,2985.0
2025-10-01,10604,Pro,15,2985.0
2025-11-01,10604,Pro,16,3184.0
2025-12-01,10604,Pro,16,3184.0
2026-01-01,10604,Pro,16,3184.0
2026-02-01,10604,Pro,16,3184.0
2026-03-01,10604,Pro,17,3382.9999999999995
2026-04-01,10604,Pro,17,3382.9999999999995
2026-05-01,10604,Pro,17,3382.9999999999995
2026-06-01,10604,Pro,17,3382.9999999999995
2026-07-01,10604,Pro,17,3382.9999999999995
2026-08-01,10604,Pro,17,3382.9999999999995
2026-05-01,10605,Starter,2,158.0
2026-06-01,10605,Starter,2,158.0
2026-07-01,10605,Starter,2,158.0
2026-08-01,10605,Starter,2,158.0
2025-11-01,10606,Starter,3,237.0
2025-12-01,10606,Starter,3,237.0
2026-01-01,10606,Starter,3,237.0
2026-02-01,10606,Starter,3,237.0
2026-03-01,10606,Starter,3,237.0
2026-04-01,10606,Starter,3,237.0
2026-05-01,10606,Starter,3,237.0
2026-06-01,10606,Starter,3,237.0
2026-07-01,10606,Starter,3,237.0
2026-08-01,10606,Starter,3,237.0
2025-07-01,10607,Pro,9,1791.0
2025-08-01,10607,Pro,9,1791.0
2025-09-01,10607,Pro,9,1791.0
2025-10-01,10607,Pro,9,1791.0
2025-11-01,10607,Pro,10,1990.0
2025-12-01,10607,Pro,10,1990.0
2026-01-01,10607,Pro,10,1990.0
2026-02-01,10607,Pro,10,1990.0
2026-03-01,10607,Pro,10,1990.0
2026-04-01,10607,Pro,10,1990.0
2026-05-01,10607,Pro,10,1990.0
2026-06-01,10607,Pro,10,1990.0
2026-07-01,10607,Pro,11,2189.0
2026-08-01,10607,Pro,11,2189.0
2025-11-01,10608,Pro,19,3781.0
2025-12-01,10608,Pro,19,3781.0
2026-01-01,10608,Pro,20,3980.0
2026-02-01,10608,Pro,20,3980.0
2026-03-01,10608,Pro,20,3980.0
2026-04-01,10608,Pro,20,3980.0
2026-05-01,10608,Pro,21,4179.0
2026-06-01,10608,Pro,21,4179.0
2026-08-01,10609,Starter,5,395.0
2026-05-01,10610,Starter,4,316.0
2026-06-01,10610,Starter,4,316.0
2026-07-01,10610,Starter,4,316.0
2026-08-01,10610,Starter,4,316.0
2026-05-01,10611,Business,16,7984.0
2026-06-01,10611,Business,16,7984.0
2026-07-01,10611,Business,16,7984.0
2026-08-01,10611,Business,17,8483.0
2025-10-01,10612,Business,13,6487.0
2025-11-01,10612,Business,13,6487.0
2025-12-01,10612,Business,13,6487.0
2026-01-01,10612,Business,14,6986.0
2026-02-01,10612,Business,14,6986.0
2026-03-01,10612,Business,14,6986.0
2026-04-01,10613,Pro,11,2189.0
2026-05-01,10613,Pro,11,2189.0
2026-06-01,10613,Pro,11,2189.0
2026-07-01,10613,Pro,11,2189.0
2026-08-01,10613,Pro,12,2388.0
2025-08-01,10614,Starter,2,158.0
2025-09-01,10614,Starter,2,158.0
2025-10-01,10614,Starter,2,158.0
2025-11-01,10614,Starter,2,158.0
2025-12-01,10614,Starter,2,158.0
2026-01-01,10614,Starter,2,158.0
2026-02-01,10614,Starter,2,158.0
2026-03-01,10614,Starter,2,158.0
2026-04-01,10614,Starter,2,158.0
2026-05-01,10614,Starter,2,158.0
2026-06-01,10614,Starter,2,158.0
2026-07-01,10614,Starter,2,158.0
2026-08-01,10614,Starter,2,158.0
2026-02-01,10615,Starter,3,237.0
2026-03-01,10615,Starter,3,237.0
2026-04-01,10615,Starter,3,237.0
2026-05-01,10615,Starter,3,237.0
2026-06-01,10615,Starter,3,237.0
2026-07-01,10615,Starter,3,237.0
2026-08-01,10615,Starter,3,237.0
2026-01-01,10616,Pro,8,1592.0
2026-02-01,10616,Pro,8,1592.0
2026-03-01,10616,Pro,8,1592.0
2026-04-01,10616,Pro,8,1592.0
2026-05-01,10616,Pro,8,1592.0
2026-06-01,10616,Pro,9,1791.0
2026-07-01,10616,Pro,9,1791.0
2026-08-01,10616,Pro,9,1791.0
2025-05-01,10617,Starter,5,395.0
2025-06-01,10617,Starter,5,395.0
2025-07-01,10617,Starter,5,395.0
2025-08-01,10617,Starter,5,395.0
2025-09-01,10617,Starter,5,395.0
2025-06-01,10618,Pro,7,1393.0
2025-07-01,10618,Pro,7,1393.0
2025-08-01,10618,Pro,7,1393.0
2025-09-01,10618,Pro,7,1393.0
2025-10-01,10618,Pro,7,1393.0
2025-11-01,10618,Pro,8,1592.0
2025-12-01,10618,Pro,8,1592.0
2026-01-01,10618,Pro,8,1592.0
2026-02-01,10618,Pro,8,1592.0
2026-03-01,10618,Pro,8,1592.0
2026-04-01,10618,Pro,8,1592.0
2026-05-01,10618,Pro,8,1592.0
2026-06-01,10618,Pro,8,1592.0
2026-07-01,10618,Pro,8,1592.0
2026-08-01,10618,Pro,8,1592.0
2025-02-01,10619,Pro,3,597.0
2025-03-01,10619,Pro,3,597.0
2025-04-01,10619,Pro,3,597.0
2025-05-01,10619,Pro,3,597.0
2025-06-01,10619,Pro,3,597.0
2025-07-01,10619,Pro,3,597.0
2025-08-01,10619,Pro,3,597.0
2025-09-01,10619,Pro,3,597.0
2025-10-01,10619,Pro,3,597.0
2025-11-01,10619,Pro,3,597.0
2025-12-01,10619,Pro,3,597.0
2026-01-01,10619,Pro,3,597.0
2026-02-01,10619,Pro,4,796.0
2026-03-01,10619,Pro,4,796.0
2026-04-01,10619,Pro,4,796.0
2026-05-01,10619,Pro,4,796.0
2026-06-01,10619,Pro,4,796.0
2026-07-01,10619,Pro,4,796.0
2026-08-01,10619,Pro,4,796.0
2025-03-01,10620,Starter,4,316.0
2025-04-01,10620,Starter,4,316.0
2025-05-01,10620,Starter,4,316.0
2025-06-01,10620,Starter,4,316.0
2025-07-01,10620,Starter,4,316.0
2025-08-01,10620,Starter,4,316.0
2025-09-01,10620,Starter,4,316.0
2025-10-01,10620,Starter,4,316.0
2025-11-01,10620,Starter,4,316.0
2025-12-01,10620,Starter,5,395.0
2026-01-01,10620,Starter,5,395.0
2026-02-01,10620,Starter,5,395.0
2026-03-01,10620,Starter,5,395.0
2026-04-01,10620,Starter,5,395.0
2026-05-01,10620,Starter,5,395.0
2026-06-01,10620,Starter,5,395.0
2026-07-01,10620,Starter,5,395.0
2026-08-01,10620,Starter,5,395.0
2025-09-01,10621,Starter,2,158.0
2025-10-01,10621,Starter,2,158.0
2025-11-01,10621,Starter,2,158.0
2025-12-01,10621,Starter,2,158.0
2026-01-01,10621,Starter,2,158.0
2026-02-01,10621,Starter,2,158.0
2026-03-01,10621,Starter,2,158.0
2026-04-01,10621,Starter,2,158.0
2026-05-01,10621,Starter,2,158.0
2026-06-01,10621,Starter,2,158.0
2026-07-01,10621,Starter,2,158.0
2026-08-01,10621,Starter,2,158.0
2025-10-01,10622,Starter,3,237.0
2025-11-01,10622,Starter,3,237.0
2025-12-01,10622,Starter,3,237.0
2026-01-01,10622,Starter,3,237.0
2026-02-01,10622,Starter,3,237.0
2026-03-01,10622,Starter,3,237.0
2026-04-01,10622,Starter,3,237.0
2026-05-01,10622,Starter,3,237.0
2026-06-01,10622,Starter,3,237.0
2026-07-01,10622,Starter,3,237.0
2026-08-01,10622,Starter,3,237.0
2025-04-01,10623,Business,17,8483.0
2025-05-01,10623,Business,17,8483.0
2025-06-01,10623,Business,18,8982.0
2025-07-01,10623,Business,18,8982.0
2025-08-01,10623,Business,18,8982.0
2025-09-01,10623,Business,18,8982.0
2025-10-01,10623,Business,19,9481.0
2025-11-01,10623,Business,19,9481.0
2025-12-01,10623,Business,19,9481.0
2026-01-01,10623,Business,19,9481.0
2026-02-01,10623,Business,20,9980.0
2026-03-01,10623,Business,20,9980.0
2026-04-01,10623,Business,20,9980.0
2026-05-01,10623,Business,20,9980.0
2026-06-01,10623,Business,20,9980.0
2026-07-01,10623,Business,20,9980.0
2026-08-01,10623,Business,20,9980.0
2025-09-01,10624,Pro,7,1393.0
2025-10-01,10624,Pro,7,1393.0
2025-11-01,10624,Pro,7,1393.0
2025-12-01,10624,Pro,7,1393.0
2026-01-01,10624,Pro,7,1393.0
2026-02-01,10624,Pro,8,1592.0
2026-03-01,10624,Pro,8,1592.0
2026-04-01,10624,Pro,8,1592.0
2026-05-01,10624,Pro,8,1592.0
2026-06-01,10624,Pro,8,1592.0
2026-07-01,10624,Pro,8,1592.0
2026-08-01,10624,Pro,8,1592.0
2025-12-01,10625,Starter,4,316.0
2026-01-01,10625,Starter,4,316.0
2026-02-01,10625,Starter,4,316.0
2026-03-01,10625,Starter,4,316.0
2026-04-01,10625,Starter,4,316.0
2026-05-01,10625,Starter,4,316.0
2026-06-01,10625,Starter,4,316.0
2026-07-01,10625,Starter,4,316.0
2026-08-01,10625,Starter,4,316.0
2025-05-01,10626,Business,11,5489.0
2025-06-01,10626,Business,11,5489.0
2025-07-01,10626,Business,11,5489.0
2025-08-01,10626,Business,11,5489.0
2025-09-01,10626,Business,12,5988.0
2025-10-01,10626,Business,12,5988.0
2025-11-01,10626,Business,12,5988.0
2025-12-01,10626,Business,12,5988.0
2026-01-01,10626,Business,12,5988.0
2026-02-01,10626,Business,12,5988.0
2026-03-01,10626,Business,13,6487.0
2026-04-01,10626,Business,13,6487.0
2026-05-01,10626,Business,13,6487.0
2026-06-01,10626,Business,13,6487.0
2026-07-01,10626,Business,13,6487.0
2026-08-01,10626,Business,13,6487.0
2025-07-01,10627,Pro,7,1393.0
2025-08-01,10627,Pro,7,1393.0
2025-09-01,10627,Pro,7,1393.0
2025-10-01,10627,Pro,7,1393.0
2025-11-01,10627,Pro,7,1393.0
2025-12-01,10627,Pro,8,1592.0
2026-01-01,10627,Pro,8,1592.0
2026-02-01,10627,Pro,8,1592.0
2026-03-01,10627,Pro,8,1592.0
2026-04-01,10627,Pro,8,1592.0
2026-05-01,10627,Pro,8,1592.0
2026-06-01,10627,Pro,8,1592.0
2026-07-01,10627,Pro,8,1592.0
2026-08-01,10627,Pro,8,1592.0
2025-08-01,10628,Pro,10,1990.0
2025-09-01,10628,Pro,10,1990.0
2025-10-01,10628,Pro,10,1990.0
2025-11-01,10628,Pro,10,1990.0
2025-12-01,10628,Pro,11,2189.0
2026-01-01,10628,Pro,11,2189.0
2026-02-01,10628,Pro,11,2189.0
2026-03-01,10628,Pro,11,2189.0
2026-04-01,10628,Pro,11,2189.0
2026-05-01,10628,Pro,11,2189.0
2026-06-01,10628,Pro,12,2388.0
2026-07-01,10628,Pro,12,2388.0
2026-08-01,10628,Pro,12,2388.0
2025-10-01,10629,Business,15,7485.0
2025-11-01,10629,Business,15,7485.0
2025-12-01,10629,Business,15,7485.0
2026-01-01,10629,Business,16,7984.0
2026-02-01,10629,Business,16,7984.0
2026-03-01,10629,Business,16,7984.0
2026-04-01,10629,Business,16,7984.0
2026-05-01,10629,Business,17,8483.0
2026-06-01,10629,Business,17,8483.0
2026-07-01,10629,Business,17,8483.0
2026-08-01,10629,Business,17,8483.0
2025-08-01,10630,Starter,2,158.0
2025-09-01,10630,Starter,2,158.0
2025-10-01,10630,Starter,2,158.0
2025-11-01,10630,Starter,2,158.0
2025-12-01,10630,Starter,2,158.0
2026-01-01,10630,Starter,2,158.0
2026-02-01,10630,Starter,2,158.0
2026-03-01,10630,Starter,2,158.0
2026-04-01,10630,Starter,2,158.0
2026-05-01,10630,Starter,2,158.0
2026-06-01,10630,Starter,2,158.0
2026-07-01,10630,Starter,2,158.0
2026-08-01,10630,Starter,2,158.0
2026-03-01,10631,Starter,4,316.0
2026-04-01,10631,Starter,4,316.0
2026-05-01,10631,Starter,4,316.0
2026-06-01,10631,Starter,4,316.0
2026-07-01,10631,Starter,4,316.0
2026-08-01,10631,Starter,4,316.0
2025-07-01,10632,Pro,12,2388.0
2025-08-01,10632,Pro,12,2388.0
2025-09-01,10632,Pro,12,2388.0
2025-10-01,10632,Pro,13,2587.0
2025-11-01,10632,Pro,13,2587.0
2025-12-01,10632,Pro,13,2587.0
2026-01-01,10632,Pro,13,2587.0
2026-02-01,10632,Pro,13,2587.0
2026-03-01,10632,Pro,13,2587.0
2026-04-01,10632,Pro,14,2786.0
2026-05-01,10632,Pro,14,2786.0
2026-06-01,10632,Pro,14,2786.0
2026-07-01,10632,Pro,14,2786.0
2026-08-01,10632,Pro,14,2786.0
2025-09-01,10633,Starter,3,237.0
2025-10-01,10633,Starter,3,237.0
2025-11-01,10633,Starter,3,237.0
2025-12-01,10633,Starter,3,237.0
2026-01-01,10633,Starter,3,237.0
2026-02-01,10633,Starter,3,237.0
2026-03-01,10633,Starter,3,237.0
2026-04-01,10633,Starter,3,237.0
2026-05-01,10633,Starter,3,237.0
2026-06-01,10633,Starter,3,237.0
2026-07-01,10633,Starter,3,237.0
2026-08-01,10633,Starter,3,237.0
2025-08-01,10634,Pro,4,796.0
2025-09-01,10634,Pro,4,796.0
2025-10-01,10634,Pro,4,796.0
2025-11-01,10634,Pro,4,796.0
2025-12-01,10634,Pro,4,796.0
2026-01-01,10634,Pro,4,796.0
2026-02-01,10634,Pro,4,796.0
2026-03-01,10634,Pro,4,796.0
2026-04-01,10634,Pro,4,796.0
2026-05-01,10634,Pro,5,995.0
2026-06-01,10634,Pro,5,995.0
2026-07-01,10634,Pro,5,995.0
2026-08-01,10634,Pro,5,995.0
2025-04-01,10635,Starter,4,316.0
2025-05-01,10635,Starter,4,316.0
2025-06-01,10635,Starter,4,316.0
2025-07-01,10635,Starter,4,316.0
2025-08-01,10635,Starter,4,316.0
2025-09-01,10635,Starter,4,316.0
2025-10-01,10635,Starter,4,316.0
2025-11-01,10635,Starter,4,316.0
2025-12-01,10635,Starter,4,316.0
2026-01-01,10635,Starter,5,395.0
2026-02-01,10635,Starter,5,395.0
2026-03-01,10635,Starter,5,395.0
2026-04-01,10635,Starter,5,395.0
2026-05-01,10635,Starter,5,395.0
2026-06-01,10635,Starter,5,395.0
2026-07-01,10635,Starter,5,395.0
2026-08-01,10635,Starter,5,395.0
2026-02-01,10636,Starter,2,158.0
2026-03-01,10636,Starter,2,158.0
2026-04-01,10636,Starter,2,158.0
2026-05-01,10636,Starter,2,158.0
2026-06-01,10636,Starter,2,158.0
2026-07-01,10636,Starter,2,158.0
2025-05-01,10637,Starter,3,237.0
2025-06-01,10637,Starter,3,237.0
2025-07-01,10637,Starter,3,237.0
2025-08-01,10637,Starter,3,237.0
2025-09-01,10637,Starter,3,237.0
2025-10-01,10637,Starter,3,237.0
2025-11-01,10637,Starter,3,237.0
2025-12-01,10637,Starter,3,237.0
2026-01-01,10637,Starter,3,237.0
2026-02-01,10637,Starter,3,237.0
2026-03-01,10637,Starter,3,237.0
2026-04-01,10637,Starter,3,237.0
2026-05-01,10637,Starter,4,316.0
2026-06-01,10637,Starter,4,316.0
2026-07-01,10637,Starter,4,316.0
2026-08-01,10637,Starter,4,316.0
2025-06-01,10638,Pro,6,1194.0
2025-07-01,10638,Pro,6,1194.0
2025-08-01,10638,Pro,6,1194.0
2025-09-01,10638,Pro,6,1194.0
2025-10-01,10638,Pro,6,1194.0
2025-11-01,10638,Pro,6,1194.0
2025-12-01,10638,Pro,7,1393.0
2026-01-01,10638,Pro,7,1393.0
2026-02-01,10638,Pro,7,1393.0
2026-03-01,10638,Pro,7,1393.0
2026-04-01,10638,Pro,7,1393.0
2026-05-01,10638,Pro,7,1393.0
2026-06-01,10638,Pro,7,1393.0
2026-07-01,10638,Pro,7,1393.0
2026-08-01,10638,Pro,7,1393.0
2026-04-01,10639,Starter,2,158.0
2026-05-01,10639,Starter,2,158.0
2026-06-01,10639,Starter,2,158.0
2026-07-01,10639,Starter,2,158.0
2026-08-01,10639,Starter,2,158.0
2026-07-01,10640,Starter,3,237.0
2026-08-01,10640,Starter,3,237.0
2026-02-01,10641,Business,17,8483.0
2026-03-01,10641,Business,17,8483.0
2026-04-01,10641,Business,18,8982.0
2026-05-01,10641,Business,18,8982.0
2026-06-01,10641,Business,18,8982.0
2026-07-01,10641,Business,18,8982.0
2026-08-01,10641,Business,19,9481.0
2026-07-01,10642,Starter,2,158.0
2026-08-01,10642,Starter,2,158.0
2026-05-01,10643,Starter,4,316.0
2026-06-01,10643,Starter,4,316.0
2026-07-01,10643,Starter,4,316.0
2026-08-01,10643,Starter,4,316.0
2025-10-01,10644,Starter,3,237.0
2025-11-01,10644,Starter,3,237.0
2025-12-01,10644,Starter,3,237.0
2026-01-01,10644,Starter,3,237.0
2026-02-01,10644,Starter,3,237.0
2026-03-01,10644,Starter,3,237.0
2026-04-01,10644,Starter,3,237.0
2026-05-01,10644,Starter,3,237.0
2026-06-01,10644,Starter,3,237.0
2026-07-01,10644,Starter,3,237.0
2026-08-01,10644,Starter,3,237.0
2026-04-01,10645,Starter,4,316.0
2026-05-01,10645,Starter,4,316.0
2026-06-01,10645,Starter,4,316.0
2026-07-01,10645,Starter,4,316.0
2026-08-01,10645,Starter,4,316.0
2025-07-01,10646,Starter,3,237.0
2025-08-01,10646,Starter,3,237.0
2025-09-01,10646,Starter,3,237.0
2025-10-01,10646,Starter,3,237.0
2025-11-01,10646,Starter,3,237.0
2025-12-01,10646,Starter,3,237.0
2026-01-01,10646,Starter,3,237.0
2026-02-01,10646,Starter,3,237.0
2026-03-01,10646,Starter,3,237.0
2026-04-01,10646,Starter,3,237.0
2026-05-01,10646,Starter,3,237.0
2026-06-01,10646,Starter,3,237.0
2026-07-01,10646,Starter,4,316.0
2026-08-01,10646,Starter,4,316.0
2025-10-01,10647,Pro,6,1194.0
2025-11-01,10647,Pro,6,1194.0
2025-12-01,10647,Pro,6,1194.0
2026-01-01,10647,Pro,6,1194.0
2026-02-01,10647,Pro,6,1194.0
2026-03-01,10647,Pro,6,1194.0
2026-04-01,10647,Pro,7,1393.0
2026-05-01,10647,Pro,7,1393.0
2026-06-01,10647,Pro,7,1393.0
2026-07-01,10647,Pro,7,1393.0
2026-08-01,10647,Pro,7,1393.0
2025-11-01,10648,Starter,2,158.0
2025-12-01,10648,Starter,2,158.0
2026-01-01,10648,Starter,2,158.0
2026-02-01,10648,Starter,2,158.0
2026-03-01,10648,Starter,2,158.0
2026-04-01,10648,Starter,2,158.0
2026-05-01,10648,Starter,2,158.0
2026-06-01,10648,Starter,2,158.0
2026-07-01,10648,Starter,2,158.0
2026-08-01,10648,Starter,2,158.0
2026-07-01,10649,Business,10,4990.0
2026-08-01,10649,Business,10,4990.0
2026-05-01,10650,Business,20,9980.0
2026-06-01,10650,Business,20,9980.0
2026-07-01,10650,Business,21,10479.0
2026-08-01,10650,Business,21,10479.0
2025-10-01,10651,Starter,3,237.0
2025-11-01,10651,Starter,3,237.0
2025-12-01,10651,Starter,3,237.0
2026-01-01,10651,Starter,3,237.0
2026-02-01,10651,Starter,3,237.0
2026-03-01,10651,Starter,3,237.0
2026-04-01,10651,Starter,3,237.0
2026-05-01,10651,Starter,3,237.0
2026-06-01,10651,Starter,3,237.0
2026-07-01,10651,Starter,3,237.0
2026-08-01,10651,Starter,3,237.0
2026-01-01,10652,Starter,1,79.0
2026-02-01,10652,Starter,1,79.0
2026-03-01,10652,Starter,1,79.0
2026-04-01,10652,Starter,1,79.0
2026-05-01,10652,Starter,1,79.0
2026-06-01,10652,Starter,1,79.0
2026-07-01,10652,Starter,1,79.0
2026-08-01,10652,Starter,1,79.0
2025-05-01,10653,Starter,2,158.0
2025-06-01,10653,Starter,2,158.0
2025-07-01,10653,Starter,2,158.0
2025-08-01,10653,Starter,2,158.0
2025-09-01,10653,Starter,2,158.0
2025-10-01,10653,Starter,2,158.0
2025-11-01,10653,Starter,2,158.0
2025-12-01,10653,Starter,2,158.0
2026-01-01,10653,Starter,2,158.0
2026-02-01,10653,Starter,2,158.0
2026-03-01,10653,Starter,2,158.0
2026-04-01,10653,Starter,2,158.0
2026-05-01,10653,Starter,2,158.0
2026-06-01,10653,Starter,2,158.0
2026-07-01,10653,Starter,2,158.0
2026-08-01,10653,Starter,2,158.0
2026-04-01,10654,Pro,6,1194.0
2026-05-01,10654,Pro,6,1194.0
2026-06-01,10654,Pro,6,1194.0
2026-07-01,10654,Pro,6,1194.0
2026-08-01,10654,Pro,6,1194.0
2025-11-01,10655,Starter,5,395.0
2025-12-01,10655,Starter,5,395.0
2026-01-01,10655,Starter,5,395.0
2026-02-01,10655,Starter,5,395.0
2026-03-01,10655,Starter,5,395.0
2026-04-01,10655,Starter,5,395.0
2026-05-01,10655,Starter,5,395.0
2026-06-01,10655,Starter,6,474.0
2026-07-01,10655,Starter,6,474.0
2026-08-01,10655,Starter,6,474.0
2025-11-01,10656,Business,10,4990.0
2025-12-01,10656,Business,10,4990.0
2026-01-01,10656,Business,10,4990.0
2026-02-01,10656,Business,10,4990.0
2026-03-01,10656,Business,11,5489.0
2026-04-01,10656,Business,11,5489.0
2026-05-01,10656,Business,11,5489.0
2026-06-01,10656,Business,11,5489.0
2026-07-01,10656,Business,11,5489.0
2026-08-01,10656,Business,11,5489.0
2026-04-01,10657,Business,11,5489.0
2026-05-01,10657,Business,11,5489.0
2026-06-01,10657,Business,11,5489.0
2026-07-01,10657,Business,11,5489.0
2026-08-01,10657,Business,12,5988.0
2026-01-01,10658,Business,27,13473.0
2026-02-01,10658,Business,27,13473.0
2026-03-01,10658,Business,28,13972.0
2026-04-01,10658,Business,28,13972.0
2026-05-01,10658,Business,29,14471.000000000002
2026-06-01,10658,Business,29,14471.000000000002
2026-07-01,10658,Business,29,14471.000000000002
2026-08-01,10658,Business,30,14970.0
2025-02-01,10659,Pro,13,2587.0
2025-03-01,10659,Pro,13,2587.0
2025-04-01,10659,Pro,13,2587.0
2025-05-01,10659,Pro,14,2786.0
2025-06-01,10659,Pro,14,2786.0
2025-07-01,10659,Pro,14,2786.0
2025-08-01,10659,Pro,14,2786.0
2025-09-01,10659,Pro,14,2786.0
2025-10-01,10659,Pro,15,2984.9999999999995
2025-11-01,10659,Pro,15,2984.9999999999995
2025-12-01,10659,Pro,15,2984.9999999999995
2026-01-01,10659,Pro,15,2984.9999999999995
2026-02-01,10659,Pro,15,2984.9999999999995
2026-03-01,10659,Pro,15,2984.9999999999995
2026-04-01,10659,Pro,15,2984.9999999999995
2026-05-01,10659,Pro,15,2984.9999999999995
2026-06-01,10659,Pro,15,2984.9999999999995
2026-07-01,10659,Pro,15,2984.9999999999995
2026-08-01,10659,Pro,15,2984.9999999999995
2025-06-01,10660,Enterprise,35,45465.0
2025-07-01,10660,Enterprise,36,46763.99999999999
2025-08-01,10660,Enterprise,36,46763.99999999999
2025-09-01,10660,Enterprise,37,48063.0
2025-10-01,10660,Enterprise,37,48063.0
2025-11-01,10660,Enterprise,38,49361.99999999999
2025-12-01,10660,Enterprise,38,49361.99999999999
2026-01-01,10660,Enterprise,39,50661.0
2026-02-01,10660,Enterprise,39,50661.0
2026-03-01,10660,Enterprise,40,51960.0
2026-04-01,10660,Enterprise,40,51960.0
2026-05-01,10660,Enterprise,41,53259.0
2026-06-01,10660,Enterprise,41,53259.0
2026-07-01,10660,Enterprise,41,53259.0
2026-08-01,10660,Enterprise,41,53259.0
2025-04-01,10661,Starter,2,158.0
2025-05-01,10661,Starter,2,158.0
2025-06-01,10661,Starter,2,158.0
2025-07-01,10661,Starter,2,158.0
2025-08-01,10661,Starter,2,158.0
2025-09-01,10661,Starter,2,158.0
2025-10-01,10661,Starter,2,158.0
2025-11-01,10661,Starter,2,158.0
2025-12-01,10661,Starter,2,158.0
2026-01-01,10661,Starter,2,158.0
2026-02-01,10661,Starter,2,158.0
2026-03-01,10661,Starter,2,158.0
2026-04-01,10661,Starter,2,158.0
2026-05-01,10661,Starter,2,158.0
2026-06-01,10661,Starter,2,158.0
2026-07-01,10661,Starter,2,158.0
2026-08-01,10661,Starter,2,158.0
2026-03-01,10662,Starter,4,316.0
2026-04-01,10662,Starter,4,316.0
2026-05-01,10662,Starter,4,316.0
2026-06-01,10662,Starter,4,316.0
2026-07-01,10662,Starter,4,316.0
2026-08-01,10662,Starter,4,316.0
2025-01-01,10663,Starter,1,79.0
2025-02-01,10663,Starter,1,79.0
2025-03-01,10663,Starter,1,79.0
2025-04-01,10663,Starter,1,79.0
2025-05-01,10663,Starter,1,79.0
2025-05-01,10664,Enterprise,23,29877.0
2025-06-01,10664,Enterprise,23,29877.0
2025-07-01,10664,Enterprise,24,31176.0
2025-08-01,10664,Enterprise,24,31176.0
2025-09-01,10664,Enterprise,24,31176.0
2025-10-01,10664,Enterprise,25,32475.0
2025-11-01,10664,Enterprise,25,32475.0
2025-12-01,10664,Enterprise,25,32475.0
2026-01-01,10664,Enterprise,26,33774.0
2026-02-01,10664,Enterprise,26,33774.0
2026-03-01,10664,Enterprise,26,33774.0
2026-04-01,10664,Enterprise,27,35073.0
2026-05-01,10664,Enterprise,27,35073.0
2026-06-01,10664,Enterprise,27,35073.0
2026-07-01,10664,Enterprise,27,35073.0
2026-08-01,10664,Enterprise,27,35073.0
2025-12-01,10665,Pro,7,1393.0
2026-01-01,10665,Pro,7,1393.0
2026-02-01,10665,Pro,7,1393.0
2026-03-01,10665,Pro,7,1393.0
2026-04-01,10665,Pro,7,1393.0
2026-05-01,10665,Pro,8,1592.0
2026-06-01,10665,Pro,8,1592.0
2026-07-01,10665,Pro,8,1592.0
2026-08-01,10665,Pro,8,1592.0
2026-02-01,10666,Business,31,15469.0
2026-03-01,10666,Business,31,15469.0
2026-04-01,10666,Business,32,15968.0
2026-05-01,10666,Business,32,15968.0
2026-06-01,10666,Business,33,16467.0
2026-07-01,10666,Business,33,16467.0
2026-08-01,10666,Business,34,16966.0
2025-10-01,10667,Starter,3,237.0
2025-11-01,10667,Starter,3,237.0
2025-12-01,10667,Starter,3,237.0
2026-01-01,10667,Starter,3,237.0
2026-02-01,10667,Starter,3,237.0
2026-03-01,10667,Starter,3,237.0
2026-04-01,10667,Starter,3,237.0
2026-05-01,10667,Starter,3,237.0
2026-06-01,10667,Starter,3,237.0
2026-07-01,10667,Starter,3,237.0
2026-08-01,10667,Starter,3,237.0
2026-06-01,10668,Enterprise,47,61053.0
2026-07-01,10668,Enterprise,48,62351.99999999999
2026-08-01,10668,Enterprise,48,62351.99999999999
2026-07-01,10669,Pro,12,2388.0
2026-08-01,10669,Pro,12,2388.0
2025-03-01,10670,Pro,17,3383.0
2025-04-01,10670,Pro,17,3383.0
2025-05-01,10670,Pro,18,3582.0
2025-06-01,10670,Pro,18,3582.0
2025-07-01,10670,Pro,18,3582.0
2025-08-01,10670,Pro,18,3582.0
2025-09-01,10670,Pro,19,3781.0
2025-10-01,10670,Pro,19,3781.0
2025-11-01,10670,Pro,19,3781.0
2025-12-01,10670,Pro,19,3781.0
2026-01-01,10670,Pro,20,3980.0
2026-02-01,10670,Pro,20,3980.0
2026-03-01,10670,Pro,20,3980.0
2026-04-01,10670,Pro,20,3980.0
2026-05-01,10670,Pro,20,3980.0
2026-06-01,10670,Pro,20,3980.0
2026-07-01,10670,Pro,20,3980.0
2026-08-01,10670,Pro,20,3980.0
2026-07-01,10671,Enterprise,37,48063.0
2026-08-01,10671,Enterprise,38,49362.0
2026-01-01,10672,Starter,3,237.0
2026-02-01,10672,Starter,3,237.0
2026-03-01,10672,Starter,3,237.0
2026-04-01,10672,Starter,3,237.0
2026-05-01,10672,Starter,3,237.0
2026-06-01,10672,Starter,3,237.0
2026-07-01,10672,Starter,3,237.0
2026-08-01,10672,Starter,3,237.0
2026-01-01,10673,Starter,6,474.0
2026-02-01,10673,Starter,6,474.0
2026-03-01,10673,Starter,6,474.0
2026-04-01,10673,Starter,6,474.0
2026-05-01,10673,Starter,6,474.0
2026-06-01,10673,Starter,6,474.0
2026-07-01,10673,Starter,7,553.0
2026-08-01,10673,Starter,7,553.0
2025-02-01,10674,Pro,5,995.0
2025-03-01,10674,Pro,5,995.0
2025-04-01,10674,Pro,5,995.0
2025-05-01,10674,Pro,5,995.0
2025-06-01,10674,Pro,5,995.0
2025-07-01,10674,Pro,5,995.0
2025-08-01,10674,Pro,5,995.0
2025-09-01,10674,Pro,6,1194.0
2025-10-01,10674,Pro,6,1194.0
2025-11-01,10674,Pro,6,1194.0
2025-12-01,10674,Pro,6,1194.0
2026-01-01,10674,Pro,6,1194.0
2026-02-01,10674,Pro,6,1194.0
2026-03-01,10674,Pro,6,1194.0
2026-04-01,10674,Pro,6,1194.0
2026-05-01,10674,Pro,6,1194.0
2026-06-01,10674,Pro,6,1194.0
2026-07-01,10674,Pro,6,1194.0
2026-08-01,10674,Pro,6,1194.0
2026-01-01,10675,Starter,4,316.0
2026-02-01,10675,Starter,4,316.0
2026-03-01,10675,Starter,4,316.0
2026-04-01,10675,Starter,4,316.0
2026-05-01,10675,Starter,4,316.0
2026-06-01,10675,Starter,4,316.0
2026-07-01,10675,Starter,4,316.0
2026-08-01,10675,Starter,4,316.0
2026-03-01,10676,Starter,2,158.0
2026-04-01,10676,Starter,2,158.0
2026-05-01,10676,Starter,2,158.0
2026-06-01,10676,Starter,2,158.0
2026-07-01,10676,Starter,2,158.0
2026-08-01,10676,Starter,2,158.0
2025-12-01,10677,Starter,3,237.0
2026-01-01,10677,Starter,3,237.0
2026-02-01,10677,Starter,3,237.0
2026-03-01,10677,Starter,3,237.0
2026-04-01,10677,Starter,3,237.0
2026-05-01,10677,Starter,3,237.0
2026-06-01,10677,Starter,3,237.0
2026-07-01,10677,Starter,3,237.0
2026-08-01,10677,Starter,3,237.0
2025-02-01,10678,Starter,3,237.0
2025-03-01,10678,Starter,3,237.0
2025-04-01,10678,Starter,3,237.0
2025-05-01,10678,Starter,3,237.0
2025-06-01,10678,Starter,3,237.0
2025-07-01,10678,Starter,3,237.0
2025-08-01,10678,Starter,3,237.0
2025-09-01,10678,Starter,3,237.0
2025-10-01,10678,Starter,3,237.0
2025-11-01,10678,Starter,3,237.0
2025-12-01,10678,Starter,3,237.0
2026-01-01,10678,Starter,3,237.0
2026-02-01,10678,Starter,4,316.0
2026-03-01,10678,Starter,4,316.0
2026-04-01,10678,Starter,4,316.0
2026-05-01,10678,Starter,4,316.0
2026-06-01,10678,Starter,4,316.0
2026-07-01,10678,Starter,4,316.0
2026-08-01,10678,Starter,4,316.0
2025-11-01,10679,Business,13,6487.0
2025-12-01,10679,Business,13,6487.0
2026-01-01,10679,Business,13,6487.0
2026-02-01,10679,Business,14,6986.0
2026-03-01,10679,Business,14,6986.0
2026-04-01,10679,Business,14,6986.0
2026-05-01,10679,Business,14,6986.0
2026-06-01,10679,Business,14,6986.0
2026-07-01,10679,Business,15,7484.999999999999
2026-08-01,10679,Business,15,7484.999999999999
2026-07-01,10680,Pro,6,1194.0
2026-08-01,10680,Pro,6,1194.0
2026-03-01,10681,Starter,3,237.0
2026-04-01,10681,Starter,3,237.0
2026-05-01,10681,Starter,3,237.0
2026-06-01,10681,Starter,3,237.0
2026-07-01,10681,Starter,3,237.0
2026-08-01,10681,Starter,3,237.0
2025-03-01,10682,Starter,4,316.0
2025-04-01,10682,Starter,4,316.0
2025-05-01,10682,Starter,4,316.0
2025-06-01,10682,Starter,4,316.0
2025-07-01,10682,Starter,4,316.0
2025-08-01,10682,Starter,4,316.0
2025-09-01,10682,Starter,4,316.0
2025-10-01,10682,Starter,4,316.0
2025-11-01,10682,Starter,4,316.0
2025-12-01,10682,Starter,5,395.0
2026-01-01,10682,Starter,5,395.0
2026-02-01,10682,Starter,5,395.0
2026-03-01,10682,Starter,5,395.0
2026-04-01,10682,Starter,5,395.0
2026-05-01,10682,Starter,5,395.0
2026-06-01,10682,Starter,5,395.0
2026-07-01,10682,Starter,5,395.0
2026-08-01,10682,Starter,5,395.0
2026-07-01,10683,Pro,8,1592.0
2026-08-01,10683,Pro,8,1592.0
2026-07-01,10684,Pro,8,1592.0
2026-08-01,10684,Pro,8,1592.0
2025-04-01,10685,Business,22,10978.0
2025-05-01,10685,Business,22,10978.0
2025-06-01,10685,Business,23,11477.0
2025-07-01,10685,Business,23,11477.0
2025-08-01,10685,Business,23,11477.0
2025-09-01,10685,Business,24,11976.0
2025-10-01,10685,Business,24,11976.0
2025-11-01,10685,Business,24,11976.0
2025-12-01,10685,Business,25,12475.000000000002
2026-01-01,10685,Business,25,12475.000000000002
2026-02-01,10685,Business,25,12475.000000000002
2026-03-01,10685,Business,26,12974.0
2026-04-01,10685,Business,26,12974.0
2026-05-01,10685,Business,26,12974.0
2026-06-01,10685,Business,26,12974.0
2026-07-01,10685,Business,26,12974.0
2026-08-01,10685,Business,26,12974.0
2026-04-01,10686,Business,13,6487.0
2026-05-01,10686,Business,13,6487.0
2026-06-01,10686,Business,13,6487.0
2026-07-01,10686,Business,14,6986.0
2026-08-01,10686,Business,14,6986.0
2025-09-01,10687,Starter,4,316.0
2025-10-01,10687,Starter,4,316.0
2025-11-01,10687,Starter,4,316.0
2025-12-01,10687,Starter,4,316.0
2026-01-01,10687,Starter,4,316.0
2026-02-01,10687,Starter,4,316.0
2026-03-01,10687,Starter,4,316.0
2026-04-01,10687,Starter,4,316.0
2026-05-01,10687,Starter,4,316.0
2026-06-01,10687,Starter,5,395.0
2026-07-01,10687,Starter,5,395.0
2026-08-01,10687,Starter,5,395.0
2025-12-01,10688,Starter,4,316.0
2026-01-01,10688,Starter,4,316.0
2026-02-01,10688,Starter,4,316.0
2026-03-01,10688,Starter,4,316.0
2026-04-01,10688,Starter,4,316.0
2026-05-01,10688,Starter,4,316.0
2026-06-01,10688,Starter,4,316.0
2026-07-01,10688,Starter,4,316.0
2026-08-01,10688,Starter,4,316.0
2025-09-01,10689,Pro,20,3980.0
2025-10-01,10689,Pro,20,3980.0
2025-11-01,10689,Pro,21,4179.0
2025-12-01,10689,Pro,21,4179.0
2026-01-01,10689,Pro,21,4179.0
2026-02-01,10689,Pro,22,4378.0
2026-03-01,10689,Pro,22,4378.0
2026-04-01,10689,Pro,22,4378.0
2026-05-01,10689,Pro,22,4378.0
2026-06-01,10689,Pro,23,4577.0
2026-07-01,10689,Pro,23,4577.0
2026-08-01,10689,Pro,23,4577.0
2026-04-01,10690,Pro,7,1393.0
2026-05-01,10690,Pro,7,1393.0
2026-06-01,10690,Pro,7,1393.0
2026-07-01,10690,Pro,7,1393.0
2026-08-01,10690,Pro,7,1393.0
2026-08-01,10691,Pro,7,1393.0
2026-04-01,10692,Pro,10,1990.0
2026-05-01,10692,Pro,10,1990.0
2026-06-01,10692,Pro,10,1990.0
2026-07-01,10692,Pro,10,1990.0
2026-08-01,10692,Pro,11,2189.0
2026-07-01,10693,Pro,11,2189.0
2026-08-01,10693,Pro,11,2189.0
2026-07-01,10694,Starter,2,158.0
2026-08-01,10694,Starter,2,158.0
2025-02-01,10695,Starter,3,237.0
2025-03-01,10695,Starter,3,237.0
2025-04-01,10695,Starter,3,237.0
2025-05-01,10695,Starter,3,237.0
2025-06-01,10695,Starter,3,237.0
2025-07-01,10695,Starter,3,237.0
2025-08-01,10695,Starter,3,237.0
2025-09-01,10695,Starter,3,237.0
2025-10-01,10695,Starter,3,237.0
2025-11-01,10695,Starter,3,237.0
2025-12-01,10695,Starter,3,237.0
2026-01-01,10695,Starter,3,237.0
2026-02-01,10695,Starter,4,316.0
2026-03-01,10695,Starter,4,316.0
2026-04-01,10695,Starter,4,316.0
2026-05-01,10695,Starter,4,316.0
2026-06-01,10695,Starter,4,316.0
2026-07-01,10695,Starter,4,316.0
2026-08-01,10695,Starter,4,316.0
2025-06-01,10696,Starter,4,316.0
2025-07-01,10696,Starter,4,316.0
2025-08-01,10696,Starter,4,316.0
2025-09-01,10696,Starter,4,316.0
2025-10-01,10696,Starter,4,316.0
2025-11-01,10696,Starter,4,316.0
2025-12-01,10696,Starter,4,316.0
2026-01-01,10696,Starter,4,316.0
2026-02-01,10696,Starter,4,316.0
2026-03-01,10696,Starter,5,395.0
2026-04-01,10696,Starter,5,395.0
2026-05-01,10696,Starter,5,395.0
2026-06-01,10696,Starter,5,395.0
2026-07-01,10696,Starter,5,395.0
2026-08-01,10696,Starter,5,395.0
2026-03-01,10697,Starter,2,158.0
2026-04-01,10697,Starter,2,158.0
2026-05-01,10697,Starter,2,158.0
2026-06-01,10697,Starter,2,158.0
2026-07-01,10697,Starter,2,158.0
2026-08-01,10697,Starter,2,158.0
2025-12-01,10698,Starter,3,237.0
2026-01-01,10698,Starter,3,237.0
2026-02-01,10698,Starter,3,237.0
2026-03-01,10698,Starter,3,237.0
2026-04-01,10698,Starter,3,237.0
2026-05-01,10698,Starter,3,237.0
2026-06-01,10698,Starter,3,237.0
2026-07-01,10698,Starter,3,237.0
2026-08-01,10698,Starter,3,237.0
2025-01-01,10699,Pro,8,1592.0
2025-02-01,10699,Pro,8,1592.0
2025-03-01,10699,Pro,8,1592.0
2025-04-01,10699,Pro,8,1592.0
2025-05-01,10699,Pro,8,1592.0
2025-06-01,10699,Pro,9,1791.0
2025-07-01,10699,Pro,9,1791.0
2025-08-01,10699,Pro,9,1791.0
2025-09-01,10699,Pro,9,1791.0
2025-10-01,10699,Pro,9,1791.0
2025-11-01,10699,Pro,9,1791.0
2025-12-01,10699,Pro,9,1791.0
2026-01-01,10699,Pro,9,1791.0
2026-02-01,10699,Pro,9,1791.0
2026-03-01,10699,Pro,9,1791.0
2026-04-01,10699,Pro,9,1791.0
2026-05-01,10699,Pro,9,1791.0
2026-06-01,10699,Pro,9,1791.0
2026-07-01,10699,Pro,9,1791.0
2026-08-01,10699,Pro,9,1791.0
2025-02-01,10700,Starter,4,316.0
2025-03-01,10700,Starter,4,316.0
2025-04-01,10700,Starter,4,316.0
2025-05-01,10700,Starter,4,316.0
2025-06-01,10700,Starter,4,316.0
2025-07-01,10700,Starter,4,316.0
2025-08-01,10700,Starter,4,316.0
2025-09-01,10700,Starter,4,316.0
2025-10-01,10700,Starter,4,316.0
2025-11-01,10700,Starter,5,395.0
2025-12-01,10700,Starter,5,395.0
2026-01-01,10700,Starter,5,395.0
2026-02-01,10700,Starter,5,395.0
2026-03-01,10700,Starter,5,395.0
2026-04-01,10700,Starter,5,395.0
2026-05-01,10700,Starter,5,395.0
2026-06-01,10700,Starter,5,395.0
2026-07-01,10700,Starter,5,395.0
2026-08-01,10700,Starter,5,395.0
2025-11-01,10701,Starter,2,158.0
2025-12-01,10701,Starter,2,158.0
2026-01-01,10701,Starter,2,158.0
2026-02-01,10701,Starter,2,158.0
2026-03-01,10701,Starter,2,158.0
2026-04-01,10701,Starter,2,158.0
2026-05-01,10701,Starter,2,158.0
2026-06-01,10701,Starter,2,158.0
2026-07-01,10701,Starter,2,158.0
2026-08-01,10701,Starter,2,158.0
2026-01-01,10702,Pro,4,796.0
2026-02-01,10702,Pro,4,796.0
2026-03-01,10702,Pro,4,796.0
2026-04-01,10702,Pro,4,796.0
2026-05-01,10702,Pro,4,796.0
2026-06-01,10702,Pro,4,796.0
2026-07-01,10702,Pro,4,796.0
2026-08-01,10702,Pro,4,796.0
2025-04-01,10703,Business,9,4491.0
2025-05-01,10703,Business,9,4491.0
2025-06-01,10703,Business,9,4491.0
2025-07-01,10703,Business,9,4491.0
2025-08-01,10703,Business,10,4990.0
2025-09-01,10703,Business,10,4990.0
2025-10-01,10703,Business,10,4990.0
2025-11-01,10703,Business,10,4990.0
2025-12-01,10703,Business,10,4990.0
2026-01-01,10703,Business,10,4990.0
2026-02-01,10703,Business,10,4990.0
2026-03-01,10703,Business,10,4990.0
2026-04-01,10703,Business,11,5489.0
2026-05-01,10703,Business,11,5489.0
2026-06-01,10703,Business,11,5489.0
2026-07-01,10703,Business,11,5489.0
2026-08-01,10703,Business,11,5489.0
2025-04-01,10704,Starter,2,158.0
2025-05-01,10704,Starter,2,158.0
2025-06-01,10704,Starter,2,158.0
2025-07-01,10704,Starter,2,158.0
2025-08-01,10704,Starter,2,158.0
2025-09-01,10704,Starter,2,158.0
2025-10-01,10704,Starter,2,158.0
2025-11-01,10704,Starter,2,158.0
2025-12-01,10704,Starter,2,158.0
2026-01-01,10704,Starter,2,158.0
2026-02-01,10704,Starter,2,158.0
2026-03-01,10704,Starter,2,158.0
2026-04-01,10704,Starter,2,158.0
2026-05-01,10704,Starter,2,158.0
2026-06-01,10704,Starter,2,158.0
2026-07-01,10704,Starter,2,158.0
2026-08-01,10704,Starter,2,158.0
2025-03-01,10705,Business,11,5489.0
2025-04-01,10705,Business,11,5489.0
2025-05-01,10705,Business,11,5489.0
2025-06-01,10705,Business,11,5489.0
2025-07-01,10705,Business,12,5988.0
2025-08-01,10705,Business,12,5988.0
2025-09-01,10705,Business,12,5988.0
2025-10-01,10705,Business,12,5988.0
2025-11-01,10705,Business,12,5988.0
2025-12-01,10705,Business,12,5988.0
2026-01-01,10705,Business,13,6487.0
2026-02-01,10705,Business,13,6487.0
2026-03-01,10705,Business,13,6487.0
2026-04-01,10705,Business,13,6487.0
2026-05-01,10705,Business,13,6487.0
2026-06-01,10705,Business,13,6487.0
2026-07-01,10705,Business,13,6487.0
2026-08-01,10705,Business,13,6487.0
2025-12-01,10706,Business,17,8483.0
2026-01-01,10706,Business,17,8483.0
2026-02-01,10706,Business,18,8982.0
2026-03-01,10706,Business,18,8982.0
2026-04-01,10706,Business,18,8982.0
2026-05-01,10706,Business,18,8982.0
2026-06-01,10706,Business,19,9481.0
2026-07-01,10706,Business,19,9481.0
2026-08-01,10706,Business,19,9481.0
2025-01-01,10707,Pro,5,995.0
2025-02-01,10707,Pro,5,995.0
2025-03-01,10707,Pro,5,995.0
2025-04-01,10707,Pro,5,995.0
2025-05-01,10707,Pro,5,995.0
2025-06-01,10707,Pro,5,995.0
2025-07-01,10707,Pro,5,995.0
2025-08-01,10707,Pro,6,1194.0
2025-09-01,10707,Pro,6,1194.0
2025-10-01,10707,Pro,6,1194.0
2025-11-01,10707,Pro,6,1194.0
2025-12-01,10707,Pro,6,1194.0
2026-01-01,10707,Pro,6,1194.0
2026-02-01,10707,Pro,6,1194.0
2026-03-01,10707,Pro,6,1194.0
2026-04-01,10707,Pro,6,1194.0
2026-05-01,10707,Pro,6,1194.0
2026-06-01,10707,Pro,6,1194.0
2026-07-01,10707,Pro,6,1194.0
2026-08-01,10707,Pro,6,1194.0
2025-12-01,10708,Pro,6,1194.0
2026-01-01,10708,Pro,6,1194.0
2026-02-01,10708,Pro,6,1194.0
2026-03-01,10708,Pro,6,1194.0
2026-04-01,10708,Pro,6,1194.0
2026-05-01,10708,Pro,6,1194.0
2026-06-01,10708,Pro,7,1393.0
2026-07-01,10708,Pro,7,1393.0
2026-08-01,10708,Pro,7,1393.0
2025-10-01,10709,Starter,2,158.0
2025-11-01,10709,Starter,2,158.0
2025-12-01,10709,Starter,2,158.0
2026-01-01,10709,Starter,2,158.0
2026-02-01,10709,Starter,2,158.0
2026-03-01,10709,Starter,2,158.0
2026-04-01,10709,Starter,2,158.0
2026-05-01,10709,Starter,2,158.0
2026-06-01,10709,Starter,2,158.0
2026-07-01,10709,Starter,2,158.0
2026-08-01,10709,Starter,2,158.0
2025-10-01,10710,Enterprise,39,50661.0
2025-11-01,10710,Enterprise,40,51959.99999999999
2025-12-01,10710,Enterprise,40,51959.99999999999
2026-01-01,10710,Enterprise,41,53259.0
2026-02-01,10710,Enterprise,41,53259.0
2026-03-01,10710,Enterprise,42,54558.0
2026-04-01,10710,Enterprise,43,55857.00000000001
2026-05-01,10710,Enterprise,43,55857.00000000001
2026-06-01,10710,Enterprise,44,57156.0
2026-07-01,10710,Enterprise,44,57156.0
2026-08-01,10710,Enterprise,45,58454.99999999999
2026-02-01,10711,Starter,5,395.0
2026-03-01,10711,Starter,5,395.0
2026-04-01,10711,Starter,5,395.0
2026-05-01,10711,Starter,5,395.0
2026-06-01,10711,Starter,5,395.0
2026-07-01,10711,Starter,5,395.0
2026-08-01,10711,Starter,5,395.0
2025-11-01,10712,Business,23,11477.0
2025-12-01,10712,Business,23,11477.0
2026-01-01,10712,Business,24,11976.0
2026-02-01,10712,Business,24,11976.0
2026-03-01,10712,Business,24,11976.0
2026-04-01,10712,Business,25,12475.0
2026-05-01,10712,Business,25,12475.0
2026-06-01,10712,Business,25,12475.0
2026-07-01,10712,Business,26,12973.999999999998
2026-08-01,10712,Business,26,12973.999999999998
2026-03-01,10713,Pro,8,1592.0
2026-04-01,10713,Pro,8,1592.0
2026-05-01,10713,Pro,8,1592.0
2026-06-01,10713,Pro,8,1592.0
2026-07-01,10713,Pro,8,1592.0
2026-08-01,10713,Pro,9,1791.0
2026-04-01,10714,Starter,3,237.0
2026-05-01,10714,Starter,3,237.0
2026-06-01,10714,Starter,3,237.0
2026-07-01,10714,Starter,3,237.0
2026-08-01,10714,Starter,3,237.0
2026-07-01,10715,Starter,3,237.0
2026-08-01,10715,Starter,3,237.0
2026-04-01,10716,Pro,9,1791.0
2026-05-01,10716,Pro,9,1791.0
2026-06-01,10716,Pro,9,1791.0
2026-07-01,10716,Pro,9,1791.0
2026-08-01,10716,Pro,10,1990.0
2025-11-01,10717,Pro,10,1990.0
2025-12-01,10717,Pro,10,1990.0
2026-01-01,10717,Pro,10,1990.0
2026-02-01,10717,Pro,10,1990.0
2026-03-01,10717,Pro,11,2189.0
2026-04-01,10717,Pro,11,2189.0
2026-05-01,10717,Pro,11,2189.0
2026-06-01,10717,Pro,11,2189.0
2026-07-01,10717,Pro,11,2189.0
2026-08-01,10717,Pro,11,2189.0
2025-10-01,10718,Starter,2,158.0
2025-11-01,10718,Starter,2,158.0
2025-12-01,10718,Starter,2,158.0
2026-01-01,10718,Starter,2,158.0
2026-02-01,10718,Starter,2,158.0
2026-03-01,10718,Starter,2,158.0
2026-04-01,10718,Starter,2,158.0
2026-05-01,10718,Starter,2,158.0
2026-06-01,10718,Starter,2,158.0
2026-07-01,10718,Starter,2,158.0
2026-08-01,10718,Starter,2,158.0
2025-05-01,10719,Business,18,8982.0
2025-06-01,10719,Business,18,8982.0
2025-07-01,10719,Business,19,9481.0
2025-08-01,10719,Business,19,9481.0
2025-09-01,10719,Business,19,9481.0
2025-10-01,10719,Business,19,9481.0
2025-11-01,10719,Business,20,9980.0
2025-12-01,10719,Business,20,9980.0
2026-01-01,10719,Business,20,9980.0
2026-02-01,10719,Business,20,9980.0
2026-03-01,10719,Business,21,10479.0
2026-04-01,10719,Business,21,10479.0
2026-05-01,10719,Business,21,10479.0
2026-06-01,10719,Business,21,10479.0
2026-07-01,10719,Business,21,10479.0
2026-08-01,10719,Business,21,10479.0
2025-12-01,10720,Business,9,4491.0
2026-01-01,10720,Business,9,4491.0
2026-02-01,10720,Business,9,4491.0
2026-03-01,10720,Business,9,4491.0
2026-04-01,10720,Business,10,4990.0
2026-05-01,10720,Business,10,4990.0
2026-06-01,10720,Business,10,4990.0
2026-07-01,10720,Business,10,4990.0
2026-08-01,10720,Business,10,4990.0
2025-03-01,10721,Pro,9,1791.0
2025-04-01,10721,Pro,9,1791.0
2025-05-01,10721,Pro,9,1791.0
2025-06-01,10721,Pro,9,1791.0
2025-07-01,10721,Pro,10,1990.0
2025-08-01,10721,Pro,10,1990.0
2025-09-01,10721,Pro,10,1990.0
2025-10-01,10721,Pro,10,1990.0
2025-11-01,10721,Pro,10,1990.0
2025-12-01,10721,Pro,10,1990.0
2026-01-01,10721,Pro,10,1990.0
2026-02-01,10721,Pro,10,1990.0
2026-03-01,10721,Pro,11,2189.0
2026-04-01,10721,Pro,11,2189.0
2026-05-01,10721,Pro,11,2189.0
2026-06-01,10721,Pro,11,2189.0
2026-07-01,10721,Pro,11,2189.0
2026-08-01,10721,Pro,11,2189.0
2026-07-01,10722,Pro,10,1990.0
2026-08-01,10722,Pro,10,1990.0
2026-05-01,10723,Starter,3,237.0
2026-06-01,10723,Starter,3,237.0
2026-07-01,10723,Starter,3,237.0
2026-08-01,10723,Starter,3,237.0
2025-03-01,10724,Business,34,16966.0
2025-04-01,10724,Business,35,17465.0
2025-05-01,10724,Business,35,17465.0
2025-06-01,10724,Business,36,17964.0
2025-07-01,10724,Business,36,17964.0
2025-08-01,10724,Business,37,18463.0
2025-09-01,10724,Business,37,18463.0
2025-10-01,10724,Business,38,18962.0
2025-11-01,10724,Business,38,18962.0
2025-12-01,10724,Business,39,19461.0
2026-01-01,10724,Business,39,19461.0
2026-02-01,10724,Business,40,19960.0
2026-03-01,10724,Business,40,19960.0
2026-04-01,10724,Business,40,19960.0
2026-05-01,10724,Business,40,19960.0
2026-06-01,10724,Business,40,19960.0
2026-07-01,10724,Business,40,19960.0
2026-08-01,10724,Business,40,19960.0
2026-04-01,10725,Starter,2,158.0
2026-05-01,10725,Starter,2,158.0
2026-06-01,10725,Starter,2,158.0
2026-07-01,10725,Starter,2,158.0
2026-08-01,10725,Starter,2,158.0
2025-03-01,10726,Business,19,9481.0
2025-04-01,10726,Business,19,9481.0
2025-05-01,10726,Business,20,9980.0
2025-06-01,10726,Business,20,9980.0
2025-07-01,10726,Business,20,9980.0
2025-08-01,10726,Business,20,9980.0
2025-09-01,10726,Business,21,10479.000000000002
2025-10-01,10726,Business,21,10479.000000000002
2025-11-01,10726,Business,21,10479.000000000002
2025-12-01,10726,Business,22,10978.0
2026-01-01,10726,Business,22,10978.0
2026-02-01,10726,Business,22,10978.0
2026-03-01,10726,Business,22,10978.0
2026-04-01,10726,Business,22,10978.0
2026-05-01,10726,Business,22,10978.0
2026-06-01,10726,Business,22,10978.0
2026-07-01,10726,Business,22,10978.0
2026-08-01,10726,Business,22,10978.0
2026-03-01,10727,Starter,3,237.0
2026-04-01,10727,Starter,3,237.0
2026-05-01,10727,Starter,3,237.0
2026-06-01,10727,Starter,3,237.0
2026-07-01,10727,Starter,3,237.0
2026-08-01,10727,Starter,3,237.0
2025-02-01,10728,Pro,8,1592.0
2025-03-01,10728,Pro,8,1592.0
2025-04-01,10728,Pro,8,1592.0
2025-05-01,10728,Pro,8,1592.0
2025-06-01,10728,Pro,8,1592.0
2025-07-01,10728,Pro,9,1791.0
2025-08-01,10728,Pro,9,1791.0
2025-09-01,10728,Pro,9,1791.0
2025-10-01,10728,Pro,9,1791.0
2025-11-01,10728,Pro,9,1791.0
2025-12-01,10728,Pro,9,1791.0
2026-01-01,10728,Pro,9,1791.0
2026-02-01,10728,Pro,9,1791.0
2026-03-01,10728,Pro,9,1791.0
2026-04-01,10728,Pro,9,1791.0
2026-05-01,10728,Pro,9,1791.0
2026-06-01,10728,Pro,9,1791.0
2026-07-01,10728,Pro,9,1791.0
2026-08-01,10728,Pro,9,1791.0
2025-10-01,10729,Starter,3,237.0
2025-11-01,10729,Starter,3,237.0
2025-12-01,10729,Starter,3,237.0
2026-01-01,10729,Starter,3,237.0
2026-02-01,10729,Starter,3,237.0
2026-03-01,10729,Starter,3,237.0
2026-04-01,10729,Starter,3,237.0
2026-05-01,10729,Starter,3,237.0
2026-06-01,10729,Starter,3,237.0
2026-07-01,10729,Starter,3,237.0
2026-08-01,10729,Starter,3,237.0
2026-01-01,10730,Starter,3,237.0
2026-02-01,10730,Starter,3,237.0
2026-03-01,10730,Starter,3,237.0
2026-04-01,10730,Starter,3,237.0
2026-05-01,10730,Starter,3,237.0
2026-06-01,10730,Starter,3,237.0
2026-07-01,10730,Starter,3,237.0
2026-08-01,10730,Starter,3,237.0
2026-03-01,10731,Business,24,11976.0
2026-04-01,10731,Business,24,11976.0
2026-05-01,10731,Business,25,12475.0
2026-06-01,10731,Business,25,12475.0
2026-07-01,10731,Business,25,12475.0
2026-08-01,10731,Business,26,12974.0
2025-09-01,10732,Pro,13,2587.0
2025-10-01,10732,Pro,13,2587.0
2025-11-01,10732,Pro,13,2587.0
2025-12-01,10732,Pro,14,2786.0
2026-01-01,10732,Pro,14,2786.0
2026-02-01,10732,Pro,14,2786.0
2026-03-01,10732,Pro,14,2786.0
2026-04-01,10732,Pro,14,2786.0
2026-05-01,10732,Pro,15,2984.9999999999995
2026-06-01,10732,Pro,15,2984.9999999999995
2026-07-01,10732,Pro,15,2984.9999999999995
2026-08-01,10732,Pro,15,2984.9999999999995
2026-07-01,10733,Pro,8,1592.0
2026-08-01,10733,Pro,8,1592.0
2026-04-01,10734,Enterprise,60,77940.0
2026-05-01,10734,Enterprise,61,79239.0
2026-06-01,10734,Enterprise,62,80538.00000000001
2026-07-01,10734,Enterprise,63,81837.0
2026-08-01,10734,Enterprise,64,83136.0
2025-05-01,10735,Enterprise,35,45465.0
2025-06-01,10735,Enterprise,36,46763.99999999999
2025-07-01,10735,Enterprise,36,46763.99999999999
2025-08-01,10735,Enterprise,37,48063.0
2025-09-01,10735,Enterprise,37,48063.0
2025-10-01,10735,Enterprise,38,49361.99999999999
2025-11-01,10735,Enterprise,38,49361.99999999999
2025-12-01,10735,Enterprise,39,50661.0
2026-01-01,10735,Enterprise,39,50661.0
2026-02-01,10735,Enterprise,40,51960.0
2026-03-01,10735,Enterprise,40,51960.0
2026-04-01,10735,Enterprise,41,53259.0
2026-05-01,10735,Enterprise,41,53259.0
2026-06-01,10735,Enterprise,41,53259.0
2026-07-01,10735,Enterprise,41,53259.0
2026-08-01,10735,Enterprise,41,53259.0
2026-02-01,10736,Business,24,11976.0
2026-03-01,10736,Business,24,11976.0
2026-04-01,10736,Business,25,12475.0
2026-05-01,10736,Business,25,12475.0
2026-06-01,10736,Business,25,12475.0
2026-07-01,10736,Business,26,12974.0
2026-08-01,10736,Business,26,12974.0
2026-03-01,10737,Starter,2,158.0
2026-04-01,10737,Starter,2,158.0
2026-05-01,10737,Starter,2,158.0
2026-06-01,10737,Starter,2,158.0
2026-07-01,10737,Starter,2,158.0
2026-08-01,10737,Starter,2,158.0
2025-07-01,10738,Pro,12,2388.0
2025-08-01,10738,Pro,12,2388.0
2025-09-01,10738,Pro,12,2388.0
2025-10-01,10738,Pro,13,2587.0
2025-11-01,10738,Pro,13,2587.0
2025-12-01,10738,Pro,13,2587.0
2026-01-01,10738,Pro,13,2587.0
2026-02-01,10738,Pro,13,2587.0
2026-03-01,10738,Pro,13,2587.0
2026-04-01,10738,Pro,14,2786.0
2026-05-01,10738,Pro,14,2786.0
2026-06-01,10738,Pro,14,2786.0
2026-07-01,10738,Pro,14,2786.0
2026-08-01,10738,Pro,14,2786.0
2026-03-01,10739,Business,39,19461.0
2026-04-01,10739,Business,40,19960.0
2026-05-01,10739,Business,40,19960.0
2026-06-01,10739,Business,41,20459.0
2026-07-01,10739,Business,41,20459.0
2026-08-01,10739,Business,42,20958.0
2026-06-01,10740,Starter,3,237.0
2026-07-01,10740,Starter,3,237.0
2026-08-01,10740,Starter,3,237.0
2026-05-01,10741,Starter,1,79.0
2026-06-01,10741,Starter,1,79.0
2026-07-01,10741,Starter,1,79.0
2026-08-01,10741,Starter,1,79.0
2026-04-01,10742,Business,15,7485.0
2026-05-01,10742,Business,15,7485.0
2026-06-01,10742,Business,15,7485.0
2026-07-01,10742,Business,16,7984.0
2026-08-01,10742,Business,16,7984.0
2026-01-01,10743,Pro,12,2388.0
2026-02-01,10743,Pro,12,2388.0
2026-03-01,10743,Pro,12,2388.0
2026-04-01,10743,Pro,13,2587.0
2026-05-01,10743,Pro,13,2587.0
2026-06-01,10743,Pro,13,2587.0
2025-06-01,10744,Pro,10,1990.0
2025-07-01,10744,Pro,10,1990.0
2025-08-01,10744,Pro,10,1990.0
2025-09-01,10744,Pro,10,1990.0
2025-10-01,10744,Pro,11,2189.0
2025-11-01,10744,Pro,11,2189.0
2025-12-01,10744,Pro,11,2189.0
2026-01-01,10744,Pro,11,2189.0
2026-02-01,10744,Pro,11,2189.0
2026-03-01,10744,Pro,11,2189.0
2026-04-01,10744,Pro,12,2388.0
2026-05-01,10744,Pro,12,2388.0
2026-06-01,10744,Pro,12,2388.0
2026-07-01,10744,Pro,12,2388.0
2026-08-01,10744,Pro,12,2388.0
2026-04-01,10745,Enterprise,49,63651.0
2026-05-01,10745,Enterprise,50,64950.0
2026-06-01,10745,Enterprise,50,64950.0
2026-07-01,10745,Enterprise,51,66249.0
2026-08-01,10745,Enterprise,52,67548.0
2025-08-01,10746,Pro,11,2189.0
2025-09-01,10746,Pro,11,2189.0
2025-10-01,10746,Pro,11,2189.0
2025-11-01,10746,Pro,11,2189.0
2025-12-01,10746,Pro,12,2388.0
2026-01-01,10746,Pro,12,2388.0
2026-02-01,10746,Pro,12,2388.0
2026-03-01,10746,Pro,12,2388.0
2026-04-01,10746,Pro,12,2388.0
2026-05-01,10746,Pro,12,2388.0
2026-06-01,10746,Pro,13,2587.0
2026-07-01,10746,Pro,13,2587.0
2026-08-01,10746,Pro,13,2587.0
2025-11-01,10747,Pro,9,1791.0
2025-12-01,10747,Pro,9,1791.0
2026-01-01,10747,Pro,9,1791.0
2026-02-01,10747,Pro,9,1791.0
2026-03-01,10747,Pro,10,1990.0
2026-04-01,10747,Pro,10,1990.0
2026-05-01,10747,Pro,10,1990.0
2026-06-01,10747,Pro,10,1990.0
2026-07-01,10747,Pro,10,1990.0
2026-08-01,10747,Pro,10,1990.0
2025-07-01,10748,Starter,5,395.0
2025-08-01,10748,Starter,5,395.0
2025-09-01,10748,Starter,5,395.0
2025-10-01,10748,Starter,5,395.0
2025-11-01,10748,Starter,5,395.0
2025-12-01,10748,Starter,5,395.0
2026-01-01,10748,Starter,5,395.0
2026-02-01,10748,Starter,6,474.0
2026-03-01,10748,Starter,6,474.0
2026-04-01,10748,Starter,6,474.0
2026-05-01,10748,Starter,6,474.0
2026-06-01,10748,Starter,6,474.0
2026-07-01,10748,Starter,6,474.0
2026-08-01,10748,Starter,6,474.0
2025-07-01,10749,Starter,4,316.0
2025-08-01,10749,Starter,4,316.0
2025-09-01,10749,Starter,4,316.0
2025-10-01,10749,Starter,4,316.0
2025-11-01,10749,Starter,4,316.0
2025-12-01,10749,Starter,4,316.0
2026-01-01,10749,Starter,4,316.0
2026-02-01,10749,Starter,4,316.0
2026-03-01,10749,Starter,4,316.0
2026-04-01,10749,Starter,5,395.0
2026-05-01,10749,Starter,5,395.0
2026-06-01,10749,Starter,5,395.0
2026-07-01,10749,Starter,5,395.0
2026-08-01,10749,Starter,5,395.0
2025-04-01,10750,Starter,5,395.0
2025-05-01,10750,Starter,5,395.0
2025-06-01,10750,Starter,5,395.0
2025-07-01,10750,Starter,5,395.0
2025-08-01,10750,Starter,5,395.0
2025-09-01,10750,Starter,5,395.0
2025-10-01,10750,Starter,5,395.0
2025-11-01,10750,Starter,6,474.0
2025-12-01,10750,Starter,6,474.0
2026-01-01,10750,Starter,6,474.0
2026-02-01,10750,Starter,6,474.0
2026-03-01,10750,Starter,6,474.0
2026-04-01,10750,Starter,6,474.0
2026-05-01,10750,Starter,6,474.0
2026-06-01,10750,Starter,6,474.0
2026-07-01,10750,Starter,6,474.0
2026-08-01,10750,Starter,6,474.0
2026-07-01,10751,Business,20,9980.0
2026-08-01,10751,Business,20,9980.0
2025-03-01,10752,Business,25,12475.0
2025-04-01,10752,Business,25,12475.0
2025-05-01,10752,Business,26,12974.0
2025-06-01,10752,Business,26,12974.0
2025-07-01,10752,Business,26,12974.0
2025-08-01,10752,Business,27,13473.0
2025-09-01,10752,Business,27,13473.0
2025-10-01,10752,Business,28,13972.000000000002
2025-11-01,10752,Business,28,13972.000000000002
2025-12-01,10752,Business,28,13972.000000000002
2026-01-01,10752,Business,29,14470.999999999998
2026-02-01,10752,Business,29,14470.999999999998
2026-03-01,10752,Business,30,14970.0
2026-04-01,10752,Business,30,14970.0
2026-05-01,10752,Business,30,14970.0
2026-06-01,10752,Business,30,14970.0
2026-07-01,10752,Business,30,14970.0
2026-08-01,10752,Business,30,14970.0
2025-02-01,10753,Starter,3,237.0
2025-03-01,10753,Starter,3,237.0
2025-04-01,10753,Starter,3,237.0
2025-05-01,10753,Starter,3,237.0
2025-06-01,10753,Starter,3,237.0
2025-07-01,10753,Starter,3,237.0
2025-08-01,10753,Starter,3,237.0
2025-09-01,10753,Starter,3,237.0
2025-10-01,10753,Starter,3,237.0
2025-11-01,10753,Starter,3,237.0
2025-12-01,10753,Starter,3,237.0
2026-01-01,10753,Starter,3,237.0
2026-02-01,10753,Starter,4,316.0
2026-03-01,10753,Starter,4,316.0
2026-04-01,10753,Starter,4,316.0
2026-05-01,10753,Starter,4,316.0
2026-06-01,10753,Starter,4,316.0
2026-07-01,10753,Starter,4,316.0
2026-08-01,10753,Starter,4,316.0
2026-07-01,10754,Starter,2,158.0
2026-08-01,10754,Starter,2,158.0
2025-11-01,10755,Business,33,16467.0
2025-12-01,10755,Business,33,16467.0
2026-01-01,10755,Business,34,16966.0
2026-02-01,10755,Business,34,16966.0
2026-03-01,10755,Business,35,17465.0
2026-04-01,10755,Business,35,17465.0
2026-05-01,10755,Business,36,17964.0
2026-06-01,10755,Business,36,17964.0
2026-07-01,10755,Business,37,18463.0
2026-08-01,10755,Business,37,18463.0
2025-09-01,10756,Starter,3,237.0
2025-10-01,10756,Starter,3,237.0
2025-11-01,10756,Starter,3,237.0
2025-12-01,10756,Starter,3,237.0
2026-01-01,10756,Starter,3,237.0
2026-02-01,10756,Starter,3,237.0
2026-03-01,10756,Starter,3,237.0
2026-04-01,10756,Starter,3,237.0
2026-05-01,10756,Starter,3,237.0
2026-06-01,10756,Starter,3,237.0
2026-07-01,10756,Starter,3,237.0
2026-08-01,10756,Starter,3,237.0
2026-03-01,10757,Pro,11,2189.0
2026-04-01,10757,Pro,11,2189.0
2026-05-01,10757,Pro,11,2189.0
2026-06-01,10757,Pro,11,2189.0
2026-07-01,10757,Pro,12,2388.0
2026-08-01,10757,Pro,12,2388.0
2025-08-01,10758,Pro,8,1592.0
2025-09-01,10758,Pro,8,1592.0
2025-10-01,10758,Pro,8,1592.0
2025-11-01,10758,Pro,8,1592.0
2025-12-01,10758,Pro,8,1592.0
2026-01-01,10758,Pro,9,1791.0
2026-02-01,10758,Pro,9,1791.0
2026-03-01,10758,Pro,9,1791.0
2026-04-01,10758,Pro,9,1791.0
2026-05-01,10758,Pro,9,1791.0
2026-06-01,10758,Pro,9,1791.0
2026-07-01,10758,Pro,9,1791.0
2026-08-01,10758,Pro,9,1791.0
2025-03-01,10759,Pro,7,1393.0
2025-04-01,10759,Pro,7,1393.0
2025-05-01,10759,Pro,7,1393.0
2025-06-01,10759,Pro,7,1393.0
2025-07-01,10759,Pro,7,1393.0
2025-08-01,10759,Pro,8,1592.0
2025-09-01,10759,Pro,8,1592.0
2025-10-01,10759,Pro,8,1592.0
2025-11-01,10759,Pro,8,1592.0
2025-12-01,10759,Pro,8,1592.0
2026-01-01,10759,Pro,8,1592.0
2026-02-01,10759,Pro,8,1592.0
2026-03-01,10759,Pro,8,1592.0
2026-04-01,10759,Pro,8,1592.0
2026-05-01,10759,Pro,8,1592.0
2026-06-01,10759,Pro,8,1592.0
2026-07-01,10759,Pro,8,1592.0
2026-03-01,10760,Starter,3,237.0
2026-04-01,10760,Starter,3,237.0
2026-05-01,10760,Starter,3,237.0
2026-06-01,10760,Starter,3,237.0
2026-07-01,10760,Starter,3,237.0
2026-08-01,10760,Starter,3,237.0
2025-04-01,10761,Pro,13,2587.0
2025-05-01,10761,Pro,13,2587.0
2025-06-01,10761,Pro,13,2587.0
2025-07-01,10761,Pro,14,2786.0
2025-08-01,10761,Pro,14,2786.0
2025-09-01,10761,Pro,14,2786.0
2025-10-01,10761,Pro,14,2786.0
2025-11-01,10761,Pro,14,2786.0
2025-12-01,10761,Pro,15,2984.9999999999995
2026-01-01,10761,Pro,15,2984.9999999999995
2026-02-01,10761,Pro,15,2984.9999999999995
2026-03-01,10761,Pro,15,2984.9999999999995
2026-04-01,10761,Pro,15,2984.9999999999995
2026-05-01,10761,Pro,15,2984.9999999999995
2026-06-01,10761,Pro,15,2984.9999999999995
2026-07-01,10761,Pro,15,2984.9999999999995
2026-08-01,10761,Pro,15,2984.9999999999995
2025-11-01,10762,Starter,4,316.0
2025-12-01,10762,Starter,4,316.0
2026-01-01,10762,Starter,4,316.0
2026-02-01,10762,Starter,4,316.0
2026-03-01,10762,Starter,4,316.0
2026-04-01,10762,Starter,4,316.0
2026-05-01,10762,Starter,4,316.0
2026-06-01,10762,Starter,4,316.0
2026-07-01,10762,Starter,4,316.0
2026-08-01,10762,Starter,5,395.0
2026-07-01,10763,Pro,4,796.0
2026-08-01,10763,Pro,4,796.0
2026-07-01,10764,Starter,3,237.0
2026-08-01,10764,Starter,3,237.0
2025-08-01,10765,Pro,15,2985.0
2025-09-01,10765,Pro,15,2985.0
2025-10-01,10765,Pro,15,2985.0
2025-11-01,10765,Pro,16,3184.0
2025-12-01,10765,Pro,16,3184.0
2026-01-01,10765,Pro,16,3184.0
2026-02-01,10765,Pro,16,3184.0
2026-03-01,10765,Pro,17,3383.0
2026-04-01,10765,Pro,17,3383.0
2026-05-01,10765,Pro,17,3383.0
2026-06-01,10765,Pro,17,3383.0
2026-07-01,10765,Pro,17,3383.0
2026-08-01,10765,Pro,18,3582.0
2026-04-01,10766,Pro,7,1393.0
2026-05-01,10766,Pro,7,1393.0
2026-06-01,10766,Pro,7,1393.0
2026-07-01,10766,Pro,7,1393.0
2026-08-01,10766,Pro,7,1393.0
2026-01-01,10767,Starter,2,158.0
2026-02-01,10767,Starter,2,158.0
2026-03-01,10767,Starter,2,158.0
2026-04-01,10767,Starter,2,158.0
2026-05-01,10767,Starter,2,158.0
2026-06-01,10767,Starter,2,158.0
2026-07-01,10767,Starter,2,158.0
2026-08-01,10767,Starter,2,158.0
2025-10-01,10768,Starter,6,474.0
2025-11-01,10768,Starter,6,474.0
2025-12-01,10768,Starter,6,474.0
2026-01-01,10768,Starter,6,474.0
2026-02-01,10768,Starter,6,474.0
2026-03-01,10768,Starter,6,474.0
2026-04-01,10768,Starter,7,553.0
2026-05-01,10768,Starter,7,553.0
2026-06-01,10768,Starter,7,553.0
2026-07-01,10768,Starter,7,553.0
2026-08-01,10768,Starter,7,553.0
2025-03-01,10769,Starter,4,316.0
2025-04-01,10769,Starter,4,316.0
2025-05-01,10769,Starter,4,316.0
2025-06-01,10769,Starter,4,316.0
2025-07-01,10769,Starter,4,316.0
2025-08-01,10769,Starter,4,316.0
2025-09-01,10769,Starter,4,316.0
2025-10-01,10769,Starter,4,316.0
2025-11-01,10769,Starter,4,316.0
2025-12-01,10769,Starter,5,395.0
2026-01-01,10769,Starter,5,395.0
2026-02-01,10769,Starter,5,395.0
2026-03-01,10769,Starter,5,395.0
2026-04-01,10769,Starter,5,395.0
2026-05-01,10769,Starter,5,395.0
2026-06-01,10769,Starter,5,395.0
2026-07-01,10769,Starter,5,395.0
2026-08-01,10769,Starter,5,395.0
2025-08-01,10770,Starter,3,237.0
2025-09-01,10770,Starter,3,237.0
2025-10-01,10770,Starter,3,237.0
2025-11-01,10770,Starter,3,237.0
2025-12-01,10770,Starter,3,237.0
2026-01-01,10770,Starter,3,237.0
2026-02-01,10770,Starter,3,237.0
2026-03-01,10770,Starter,3,237.0
2026-04-01,10770,Starter,3,237.0
2026-05-01,10770,Starter,3,237.0
2026-06-01,10770,Starter,3,237.0
2026-07-01,10770,Starter,3,237.0
2026-08-01,10770,Starter,4,316.0
2026-01-01,10771,Starter,3,237.0
2026-02-01,10771,Starter,3,237.0
2026-03-01,10771,Starter,3,237.0
2026-04-01,10771,Starter,3,237.0
2026-05-01,10771,Starter,3,237.0
2026-06-01,10771,Starter,3,237.0
2026-07-01,10771,Starter,3,237.0
2026-08-01,10771,Starter,3,237.0
2026-08-01,10772,Enterprise,66,85734.0
2025-01-01,10773,Starter,2,158.0
2025-02-01,10773,Starter,2,158.0
2025-03-01,10773,Starter,2,158.0
2025-04-01,10773,Starter,2,158.0
2025-05-01,10773,Starter,2,158.0
2025-06-01,10773,Starter,2,158.0
2025-07-01,10773,Starter,2,158.0
2025-08-01,10773,Starter,2,158.0
2026-03-01,10774,Business,27,13473.0
2026-04-01,10774,Business,27,13473.0
2026-05-01,10774,Business,28,13972.0
2026-06-01,10774,Business,28,13972.0
2026-07-01,10774,Business,29,14471.000000000002
2026-08-01,10774,Business,29,14471.000000000002
2026-05-01,10775,Enterprise,54,70146.0
2026-06-01,10775,Enterprise,55,71445.0
2026-07-01,10775,Enterprise,56,72744.0
2026-08-01,10775,Enterprise,56,72744.0
2026-07-01,10776,Starter,3,237.0
2026-08-01,10776,Starter,3,237.0
2025-09-01,10777,Pro,8,1592.0
2025-10-01,10777,Pro,8,1592.0
2025-11-01,10777,Pro,8,1592.0
2025-12-01,10777,Pro,8,1592.0
2026-01-01,10777,Pro,8,1592.0
2026-02-01,10777,Pro,9,1791.0
2026-03-01,10777,Pro,9,1791.0
2026-04-01,10777,Pro,9,1791.0
2026-05-01,10777,Pro,9,1791.0
2026-06-01,10777,Pro,9,1791.0
2026-07-01,10777,Pro,9,1791.0
2026-08-01,10777,Pro,9,1791.0
2025-03-01,10778,Business,17,8483.0
2025-04-01,10778,Business,17,8483.0
2025-05-01,10778,Business,18,8982.0
2025-06-01,10778,Business,18,8982.0
2025-07-01,10778,Business,18,8982.0
2025-08-01,10778,Business,18,8982.0
2025-09-01,10778,Business,19,9481.0
2025-10-01,10778,Business,19,9481.0
2025-11-01,10778,Business,19,9481.0
2025-12-01,10778,Business,19,9481.0
2026-01-01,10778,Business,20,9980.0
2026-02-01,10778,Business,20,9980.0
2026-03-01,10778,Business,20,9980.0
2026-04-01,10778,Business,20,9980.0
2026-05-01,10778,Business,20,9980.0
2026-06-01,10778,Business,20,9980.0
2026-07-01,10778,Business,20,9980.0
2026-08-01,10778,Business,20,9980.0
2025-06-01,10779,Pro,12,2388.0
2025-07-01,10779,Pro,12,2388.0
2025-08-01,10779,Pro,12,2388.0
2025-09-01,10779,Pro,13,2587.0
2025-10-01,10779,Pro,13,2587.0
2025-11-01,10779,Pro,13,2587.0
2025-12-01,10779,Pro,13,2587.0
2026-01-01,10779,Pro,13,2587.0
2026-02-01,10779,Pro,13,2587.0
2026-03-01,10779,Pro,14,2786.0
2026-04-01,10779,Pro,14,2786.0
2026-05-01,10779,Pro,14,2786.0
2026-06-01,10779,Pro,14,2786.0
2026-07-01,10779,Pro,14,2786.0
2026-08-01,10779,Pro,14,2786.0
2026-05-01,10780,Pro,6,1194.0
2026-06-01,10780,Pro,6,1194.0
2026-07-01,10780,Pro,6,1194.0
2026-08-01,10780,Pro,6,1194.0
2026-06-01,10781,Pro,5,995.0
2026-07-01,10781,Pro,5,995.0
2026-08-01,10781,Pro,5,995.0
2026-01-01,10782,Starter,4,316.0
2026-02-01,10782,Starter,4,316.0
2026-03-01,10782,Starter,4,316.0
2026-04-01,10782,Starter,4,316.0
2026-05-01,10782,Starter,4,316.0
2026-06-01,10782,Starter,4,316.0
2026-07-01,10782,Starter,4,316.0
2026-08-01,10782,Starter,4,316.0
2025-03-01,10783,Pro,10,1990.0
2025-04-01,10783,Pro,10,1990.0
2025-05-01,10783,Pro,10,1990.0
2025-06-01,10783,Pro,10,1990.0
2025-07-01,10783,Pro,11,2189.0
2025-08-01,10783,Pro,11,2189.0
2025-09-01,10783,Pro,11,2189.0
2025-10-01,10783,Pro,11,2189.0
2025-11-01,10783,Pro,11,2189.0
2025-12-01,10783,Pro,11,2189.0
2026-01-01,10783,Pro,12,2388.0
2026-02-01,10783,Pro,12,2388.0
2025-03-01,10784,Enterprise,53,68847.0
2025-04-01,10784,Enterprise,54,70146.0
2025-05-01,10784,Enterprise,55,71445.0
2025-06-01,10784,Enterprise,55,71445.0
2025-07-01,10784,Enterprise,56,72744.0
2025-08-01,10784,Enterprise,57,74043.0
2025-09-01,10784,Enterprise,58,75342.0
2025-10-01,10784,Enterprise,59,76641.0
2025-11-01,10784,Enterprise,59,76641.0
2025-12-01,10784,Enterprise,60,77940.0
2026-01-01,10784,Enterprise,61,79239.0
2026-02-01,10784,Enterprise,62,80538.0
2026-03-01,10784,Enterprise,63,81837.0
2026-04-01,10784,Enterprise,63,81837.0
2026-05-01,10784,Enterprise,63,81837.0
2026-06-01,10784,Enterprise,63,81837.0
2026-07-01,10784,Enterprise,63,81837.0
2026-08-01,10784,Enterprise,63,81837.0
2025-10-01,10785,Enterprise,52,67548.0
2025-11-01,10785,Enterprise,53,68847.0
2025-12-01,10785,Enterprise,54,70146.0
2026-01-01,10785,Enterprise,54,70146.0
2026-02-01,10785,Enterprise,55,71445.0
2026-03-01,10785,Enterprise,56,72744.0
2026-04-01,10785,Enterprise,57,74043.0
2026-05-01,10785,Enterprise,57,74043.0
2026-06-01,10785,Enterprise,58,75342.0
2026-07-01,10785,Enterprise,59,76641.0
2026-08-01,10785,Enterprise,60,77940.0
2025-12-01,10786,Starter,3,237.0
2026-01-01,10786,Starter,3,237.0
2026-02-01,10786,Starter,3,237.0
2026-03-01,10786,Starter,3,237.0
2026-04-01,10786,Starter,3,237.0
2026-05-01,10786,Starter,3,237.0
2026-06-01,10786,Starter,3,237.0
2026-07-01,10786,Starter,3,237.0
2026-08-01,10786,Starter,3,237.0
2025-01-01,10787,Pro,11,2189.0
2025-02-01,10787,Pro,11,2189.0
2025-03-01,10787,Pro,11,2189.0
2025-04-01,10787,Pro,11,2189.0
2025-05-01,10787,Pro,12,2388.0
2025-06-01,10787,Pro,12,2388.0
2025-07-01,10787,Pro,12,2388.0
2025-08-01,10787,Pro,12,2388.0
2025-09-01,10787,Pro,12,2388.0
2025-10-01,10787,Pro,12,2388.0
2025-11-01,10787,Pro,13,2587.0
2025-12-01,10787,Pro,13,2587.0
2026-01-01,10787,Pro,13,2587.0
2026-02-01,10787,Pro,13,2587.0
2026-03-01,10787,Pro,13,2587.0
2026-04-01,10787,Pro,13,2587.0
2026-05-01,10787,Pro,13,2587.0
2026-06-01,10787,Pro,13,2587.0
2026-07-01,10787,Pro,13,2587.0
2026-08-01,10787,Pro,13,2587.0
2026-02-01,10788,Starter,3,237.0
2026-03-01,10788,Starter,3,237.0
2026-04-01,10788,Starter,3,237.0
2026-05-01,10788,Starter,3,237.0
2026-06-01,10788,Starter,3,237.0
2026-07-01,10788,Starter,3,237.0
2026-08-01,10788,Starter,3,237.0
2025-11-01,10789,Business,15,7485.0
2025-12-01,10789,Business,15,7485.0
2026-01-01,10789,Business,15,7485.0
2026-02-01,10789,Business,16,7984.0
2026-03-01,10789,Business,16,7984.0
2025-01-01,10790,Starter,3,237.0
2025-02-01,10790,Starter,3,237.0
2025-03-01,10790,Starter,3,237.0
2025-04-01,10790,Starter,3,237.0
2025-05-01,10790,Starter,3,237.0
2025-06-01,10790,Starter,3,237.0
2025-07-01,10790,Starter,3,237.0
2025-08-01,10790,Starter,3,237.0
2025-09-01,10790,Starter,3,237.0
2025-10-01,10790,Starter,3,237.0
2025-11-01,10790,Starter,3,237.0
2025-12-01,10790,Starter,3,237.0
2026-01-01,10790,Starter,4,316.0
2026-02-01,10790,Starter,4,316.0
2026-03-01,10790,Starter,4,316.0
2026-04-01,10790,Starter,4,316.0
2026-05-01,10790,Starter,4,316.0
2026-06-01,10790,Starter,4,316.0
2026-07-01,10790,Starter,4,316.0
2026-08-01,10790,Starter,4,316.0
2025-02-01,10791,Business,37,18463.0
2025-03-01,10791,Business,38,18962.0
2025-04-01,10791,Business,38,18962.0
2025-05-01,10791,Business,39,19460.999999999996
2025-09-01,10792,Business,10,4990.0
2025-10-01,10792,Business,10,4990.0
2025-11-01,10792,Business,10,4990.0
2025-12-01,10792,Business,10,4990.0
2026-01-01,10792,Business,11,5489.0
2026-02-01,10792,Business,11,5489.0
2026-03-01,10792,Business,11,5489.0
2026-04-01,10792,Business,11,5489.0
2026-05-01,10792,Business,11,5489.0
2026-06-01,10792,Business,11,5489.0
2026-07-01,10792,Business,12,5988.0
2026-08-01,10792,Business,12,5988.0
2026-03-01,10793,Starter,4,316.0
2026-04-01,10793,Starter,4,316.0
2026-05-01,10793,Starter,4,316.0
2026-06-01,10793,Starter,4,316.0
2026-07-01,10793,Starter,4,316.0
2026-08-01,10793,Starter,4,316.0
2026-05-01,10794,Starter,2,158.0
2026-06-01,10794,Starter,2,158.0
2026-07-01,10794,Starter,2,158.0
2026-08-01,10794,Starter,2,158.0
2025-09-01,10795,Business,17,8483.0
2025-10-01,10795,Business,17,8483.0
2025-11-01,10795,Business,18,8982.0
2025-12-01,10795,Business,18,8982.0
2026-01-01,10795,Business,18,8982.0
2025-06-01,10796,Starter,3,237.0
2025-07-01,10796,Starter,3,237.0
2025-08-01,10796,Starter,3,237.0
2025-09-01,10796,Starter,3,237.0
2025-10-01,10796,Starter,3,237.0
2025-11-01,10796,Starter,3,237.0
2025-12-01,10796,Starter,3,237.0
2026-01-01,10796,Starter,3,237.0
2026-02-01,10796,Starter,3,237.0
2026-03-01,10796,Starter,3,237.0
2026-04-01,10796,Starter,3,237.0
2026-05-01,10796,Starter,3,237.0
2026-06-01,10796,Starter,4,316.0
2026-07-01,10796,Starter,4,316.0
2026-08-01,10796,Starter,4,316.0
2026-08-01,10797,Pro,4,796.0
2025-10-01,10798,Business,21,10479.0
2025-11-01,10798,Business,21,10479.0
2025-12-01,10798,Business,22,10978.0
2026-01-01,10798,Business,22,10978.0
2026-02-01,10798,Business,22,10978.0
2026-03-01,10798,Business,23,11477.000000000002
2026-04-01,10798,Business,23,11477.000000000002
2026-05-01,10798,Business,23,11477.000000000002
2026-06-01,10798,Business,24,11976.0
2026-07-01,10798,Business,24,11976.0
2026-08-01,10798,Business,24,11976.0
2025-07-01,10799,Pro,7,1393.0
2025-08-01,10799,Pro,7,1393.0
2025-09-01,10799,Pro,7,1393.0
2025-10-01,10799,Pro,7,1393.0
2025-11-01,10799,Pro,7,1393.0
2025-12-01,10799,Pro,8,1592.0
2026-01-01,10799,Pro,8,1592.0
2026-02-01,10799,Pro,8,1592.0
2026-03-01,10799,Pro,8,1592.0
2026-04-01,10799,Pro,8,1592.0
2026-05-01,10799,Pro,8,1592.0
2026-06-01,10799,Pro,8,1592.0
2026-07-01,10799,Pro,8,1592.0
2026-08-01,10799,Pro,8,1592.0
2025-09-01,10800,Starter,1,79.0
2025-10-01,10800,Starter,1,79.0
2025-11-01,10800,Starter,1,79.0
2025-12-01,10800,Starter,1,79.0
2026-01-01,10800,Starter,1,79.0
2026-02-01,10800,Starter,1,79.0
2026-03-01,10800,Starter,1,79.0
2026-04-01,10800,Starter,1,79.0
2026-05-01,10800,Starter,1,79.0
2026-06-01,10800,Starter,1,79.0
2026-07-01,10800,Starter,1,79.0
2026-08-01,10800,Starter,1,79.0
2025-01-01,10801,Pro,11,2189.0
2025-02-01,10801,Pro,11,2189.0
2025-03-01,10801,Pro,11,2189.0
2025-04-01,10801,Pro,11,2189.0
2025-05-01,10801,Pro,12,2388.0
2025-06-01,10801,Pro,12,2388.0
2025-07-01,10801,Pro,12,2388.0
2025-08-01,10801,Pro,12,2388.0
2025-09-01,10801,Pro,12,2388.0
2025-10-01,10801,Pro,12,2388.0
2025-11-01,10801,Pro,13,2587.0
2025-12-01,10801,Pro,13,2587.0
2026-01-01,10801,Pro,13,2587.0
2026-02-01,10801,Pro,13,2587.0
2026-03-01,10801,Pro,13,2587.0
2026-04-01,10801,Pro,13,2587.0
2026-05-01,10801,Pro,13,2587.0
2026-06-01,10801,Pro,13,2587.0
2026-07-01,10801,Pro,13,2587.0
2026-08-01,10801,Pro,13,2587.0
2025-07-01,10802,Starter,5,395.0
2025-08-01,10802,Starter,5,395.0
2025-09-01,10802,Starter,5,395.0
2025-10-01,10802,Starter,5,395.0
2025-11-01,10802,Starter,5,395.0
2025-12-01,10802,Starter,5,395.0
2026-01-01,10802,Starter,5,395.0
2026-02-01,10802,Starter,6,474.0
2026-03-01,10802,Starter,6,474.0
2026-04-01,10802,Starter,6,474.0
2026-05-01,10802,Starter,6,474.0
2026-06-01,10802,Starter,6,474.0
2026-07-01,10802,Starter,6,474.0
2026-08-01,10802,Starter,6,474.0
2025-11-01,10803,Enterprise,76,98724.0
2025-12-01,10803,Enterprise,77,100023.0
2026-01-01,10803,Enterprise,78,101322.00000000001
2026-02-01,10803,Enterprise,79,102621.0
2026-03-01,10803,Enterprise,81,105219.00000000001
2026-04-01,10803,Enterprise,82,106518.0
2026-05-01,10803,Enterprise,83,107817.0
2026-06-01,10803,Enterprise,84,109116.00000000001
2026-07-01,10803,Enterprise,85,110415.0
2026-08-01,10803,Enterprise,86,111714.0
2026-07-01,10804,Starter,3,237.0
2026-08-01,10804,Starter,3,237.0
2026-03-01,10805,Starter,3,237.0
2026-04-01,10805,Starter,3,237.0
2026-05-01,10805,Starter,3,237.0
2026-06-01,10805,Starter,3,237.0
2026-07-01,10805,Starter,3,237.0
2026-08-01,10805,Starter,3,237.0
2026-04-01,10806,Starter,5,395.0
2026-05-01,10806,Starter,5,395.0
2026-06-01,10806,Starter,5,395.0
2026-07-01,10806,Starter,5,395.0
2026-08-01,10806,Starter,5,395.0
2025-11-01,10807,Enterprise,81,105219.0
2025-12-01,10807,Enterprise,82,106518.0
2026-01-01,10807,Enterprise,83,107817.00000000001
2026-02-01,10807,Enterprise,85,110415.0
2026-03-01,10807,Enterprise,86,111714.0
2026-04-01,10807,Enterprise,87,113013.00000000001
2026-05-01,10807,Enterprise,88,114312.0
2026-06-01,10807,Enterprise,90,116910.0
2026-07-01,10807,Enterprise,91,118209.00000000001
2026-08-01,10807,Enterprise,92,119508.0
2025-03-01,10808,Starter,4,316.0
2025-04-01,10808,Starter,4,316.0
2025-05-01,10808,Starter,4,316.0
2025-06-01,10808,Starter,4,316.0
2025-07-01,10808,Starter,4,316.0
2025-08-01,10808,Starter,4,316.0
2025-09-01,10808,Starter,4,316.0
2025-10-01,10808,Starter,4,316.0
2025-11-01,10808,Starter,4,316.0
2025-12-01,10808,Starter,5,395.0
2026-01-01,10808,Starter,5,395.0
2026-02-01,10808,Starter,5,395.0
2026-03-01,10808,Starter,5,395.0
2026-04-01,10808,Starter,5,395.0
2026-05-01,10808,Starter,5,395.0
2026-06-01,10808,Starter,5,395.0
2026-07-01,10808,Starter,5,395.0
2026-08-01,10808,Starter,5,395.0
2025-08-01,10809,Business,13,6487.0
2025-09-01,10809,Business,13,6487.0
2025-10-01,10809,Business,13,6487.0
2025-11-01,10809,Business,14,6986.0
2025-12-01,10809,Business,14,6986.0
2026-01-01,10809,Business,14,6986.0
2026-02-01,10809,Business,14,6986.0
2026-03-01,10809,Business,14,6986.0
2026-04-01,10809,Business,15,7484.999999999999
2026-05-01,10809,Business,15,7484.999999999999
2026-06-01,10809,Business,15,7484.999999999999
2026-07-01,10809,Business,15,7484.999999999999
2026-08-01,10809,Business,15,7484.999999999999
2026-08-01,10810,Pro,9,1791.0
2025-01-01,10811,Business,21,10479.0
2025-02-01,10811,Business,21,10479.0
2025-03-01,10811,Business,22,10978.0
2025-04-01,10811,Business,22,10978.0
2025-05-01,10811,Business,22,10978.0
2025-06-01,10811,Business,23,11477.000000000002
2025-07-01,10811,Business,23,11477.000000000002
2025-08-01,10811,Business,23,11477.000000000002
2025-09-01,10811,Business,24,11976.0
2025-10-01,10811,Business,24,11976.0
2025-11-01,10811,Business,24,11976.0
2025-12-01,10811,Business,24,11976.0
2026-01-01,10811,Business,25,12475.0
2026-02-01,10811,Business,25,12475.0
2026-03-01,10811,Business,25,12475.0
2026-04-01,10811,Business,25,12475.0
2026-05-01,10811,Business,25,12475.0
2026-06-01,10811,Business,25,12475.0
2026-07-01,10811,Business,25,12475.0
2026-08-01,10811,Business,25,12475.0
2026-06-01,10812,Enterprise,24,31176.0
2026-07-01,10812,Enterprise,24,31176.0
2026-08-01,10812,Enterprise,25,32475.000000000004
2026-02-01,10813,Business,21,10479.0
2026-03-01,10813,Business,21,10479.0
2026-04-01,10813,Business,22,10978.0
2026-05-01,10813,Business,22,10978.0
2026-06-01,10813,Business,22,10978.0
2026-07-01,10813,Business,23,11477.000000000002
2026-08-01,10813,Business,23,11477.000000000002
2025-06-01,10814,Enterprise,100,129900.0
2025-07-01,10814,Enterprise,101,131199.0
2025-08-01,10814,Enterprise,103,133797.0
2025-09-01,10814,Enterprise,104,135096.0
2025-10-01,10814,Enterprise,106,137694.0
2025-11-01,10814,Enterprise,108,140292.0
2025-12-01,10814,Enterprise,109,141591.0
2026-01-01,10814,Enterprise,110,142890.0
2026-02-01,10814,Enterprise,112,145488.0
2026-03-01,10814,Enterprise,114,148086.0
2026-04-01,10814,Enterprise,115,149385.0
2026-05-01,10814,Enterprise,116,150684.0
2026-06-01,10814,Enterprise,118,153282.0
2026-07-01,10814,Enterprise,118,153282.0
2026-08-01,10814,Enterprise,118,153282.0
2026-04-01,10815,Starter,4,316.0
2026-05-01,10815,Starter,4,316.0
2026-06-01,10815,Starter,4,316.0
2026-07-01,10815,Starter,4,316.0
2026-08-01,10815,Starter,4,316.0
2026-05-01,10816,Business,30,14970.0
2026-06-01,10816,Business,30,14970.0
2026-07-01,10816,Business,31,15469.000000000002
2026-08-01,10816,Business,31,15469.000000000002
2025-01-01,10817,Pro,9,1791.0
2025-02-01,10817,Pro,9,1791.0
2025-03-01,10817,Pro,9,1791.0
2025-04-01,10817,Pro,9,1791.0
2025-05-01,10817,Pro,10,1990.0
2025-06-01,10817,Pro,10,1990.0
2025-07-01,10817,Pro,10,1990.0
2025-08-01,10817,Pro,10,1990.0
2025-09-01,10817,Pro,10,1990.0
2025-10-01,10817,Pro,10,1990.0
2025-11-01,10817,Pro,10,1990.0
2025-12-01,10817,Pro,10,1990.0
2026-01-01,10817,Pro,11,2189.0
2026-02-01,10817,Pro,11,2189.0
2026-03-01,10817,Pro,11,2189.0
2026-04-01,10817,Pro,11,2189.0
2026-05-01,10817,Pro,11,2189.0
2026-06-01,10817,Pro,11,2189.0
2026-07-01,10817,Pro,11,2189.0
2026-08-01,10817,Pro,11,2189.0
2025-03-01,10818,Pro,8,1592.0
2025-04-01,10818,Pro,8,1592.0
2025-05-01,10818,Pro,8,1592.0
2025-06-01,10818,Pro,8,1592.0
2025-07-01,10818,Pro,8,1592.0
2025-08-01,10818,Pro,9,1791.0
2025-09-01,10818,Pro,9,1791.0
2025-10-01,10818,Pro,9,1791.0
2025-11-01,10818,Pro,9,1791.0
2025-12-01,10818,Pro,9,1791.0
2026-01-01,10818,Pro,9,1791.0
2026-02-01,10818,Pro,9,1791.0
2026-03-01,10818,Pro,9,1791.0
2026-04-01,10818,Pro,9,1791.0
2026-05-01,10818,Pro,9,1791.0
2026-06-01,10818,Pro,9,1791.0
2026-07-01,10818,Pro,9,1791.0
2026-08-01,10818,Pro,9,1791.0
2026-02-01,10819,Business,21,10479.0
2026-03-01,10819,Business,21,10479.0
2026-04-01,10819,Business,22,10978.0
2026-05-01,10819,Business,22,10978.0
2026-06-01,10819,Business,22,10978.0
2026-07-01,10819,Business,23,11477.000000000002
2026-08-01,10819,Business,23,11477.000000000002
2026-08-01,10820,Enterprise,34,44166.0
2025-01-01,10821,Pro,6,1194.0
2025-02-01,10821,Pro,6,1194.0
2025-03-01,10821,Pro,6,1194.0
2025-04-01,10821,Pro,6,1194.0
2025-05-01,10821,Pro,6,1194.0
2025-06-01,10821,Pro,6,1194.0
2025-07-01,10821,Pro,7,1393.0
2025-08-01,10821,Pro,7,1393.0
2025-09-01,10821,Pro,7,1393.0
2025-10-01,10821,Pro,7,1393.0
2025-11-01,10821,Pro,7,1393.0
2025-12-01,10821,Pro,7,1393.0
2026-01-01,10821,Pro,7,1393.0
2026-02-01,10821,Pro,7,1393.0
2026-03-01,10821,Pro,7,1393.0
2026-04-01,10821,Pro,7,1393.0
2026-05-01,10821,Pro,7,1393.0
2026-06-01,10821,Pro,7,1393.0
2026-07-01,10821,Pro,7,1393.0
2026-08-01,10821,Pro,7,1393.0
2026-02-01,10822,Pro,12,2388.0
2026-03-01,10822,Pro,12,2388.0
2026-04-01,10822,Pro,12,2388.0
2026-05-01,10822,Pro,13,2587.0
2026-06-01,10822,Pro,13,2587.0
2026-07-01,10822,Pro,13,2587.0
2026-08-01,10822,Pro,13,2587.0
2025-03-01,10823,Pro,13,2587.0
2025-04-01,10823,Pro,13,2587.0
2025-05-01,10823,Pro,13,2587.0
2025-06-01,10823,Pro,14,2786.0
2025-07-01,10823,Pro,14,2786.0
2025-08-01,10823,Pro,14,2786.0
2025-09-01,10823,Pro,14,2786.0
2025-10-01,10823,Pro,14,2786.0
2025-11-01,10823,Pro,15,2984.9999999999995
2025-12-01,10823,Pro,15,2984.9999999999995
2026-01-01,10823,Pro,15,2984.9999999999995
2026-02-01,10823,Pro,15,2984.9999999999995
2026-03-01,10823,Pro,15,2984.9999999999995
2026-04-01,10823,Pro,15,2984.9999999999995
2026-05-01,10823,Pro,15,2984.9999999999995
2026-06-01,10823,Pro,15,2984.9999999999995
2026-07-01,10823,Pro,15,2984.9999999999995
2026-08-01,10823,Pro,15,2984.9999999999995
2026-01-01,10824,Starter,2,158.0
2026-02-01,10824,Starter,2,158.0
2026-03-01,10824,Starter,2,158.0
2026-04-01,10824,Starter,2,158.0
2026-05-01,10824,Starter,2,158.0
2026-06-01,10824,Starter,2,158.0
2026-07-01,10824,Starter,2,158.0
2026-08-01,10824,Starter,2,158.0
2026-01-01,10825,Starter,4,316.0
2026-02-01,10825,Starter,4,316.0
2026-03-01,10825,Starter,4,316.0
2026-04-01,10825,Starter,4,316.0
2026-05-01,10825,Starter,4,316.0
2026-06-01,10825,Starter,4,316.0
2026-07-01,10825,Starter,4,316.0
2026-08-01,10825,Starter,4,316.0
2025-02-01,10826,Starter,3,237.0
2025-03-01,10826,Starter,3,237.0
2025-04-01,10826,Starter,3,237.0
2025-05-01,10826,Starter,3,237.0
2025-06-01,10826,Starter,3,237.0
2025-07-01,10826,Starter,3,237.0
2025-08-01,10826,Starter,3,237.0
2025-09-01,10826,Starter,3,237.0
2025-10-01,10826,Starter,3,237.0
2025-11-01,10826,Starter,3,237.0
2025-12-01,10826,Starter,3,237.0
2026-01-01,10826,Starter,3,237.0
2026-02-01,10826,Starter,4,316.0
2026-03-01,10826,Starter,4,316.0
2026-04-01,10826,Starter,4,316.0
2026-05-01,10826,Starter,4,316.0
2026-06-01,10826,Starter,4,316.0
2026-07-01,10826,Starter,4,316.0
2026-08-01,10826,Starter,4,316.0
2026-02-01,10827,Starter,3,237.0
2026-03-01,10827,Starter,3,237.0
2026-04-01,10827,Starter,3,237.0
2026-05-01,10827,Starter,3,237.0
2026-06-01,10827,Starter,3,237.0
2026-07-01,10827,Starter,3,237.0
2026-08-01,10827,Starter,3,237.0
2026-06-01,10828,Starter,4,316.0
2026-07-01,10828,Starter,4,316.0
2026-08-01,10828,Starter,4,316.0
2026-06-01,10829,Business,25,12475.0
2026-07-01,10829,Business,25,12475.0
2026-08-01,10829,Business,26,12974.0
2025-01-01,10830,Pro,8,1592.0
2025-02-01,10830,Pro,8,1592.0
2025-03-01,10830,Pro,8,1592.0
2025-04-01,10830,Pro,8,1592.0
2025-05-01,10830,Pro,8,1592.0
2025-06-01,10830,Pro,9,1791.0
2025-07-01,10830,Pro,9,1791.0
2025-08-01,10830,Pro,9,1791.0
2025-09-01,10830,Pro,9,1791.0
2025-10-01,10830,Pro,9,1791.0
2025-11-01,10830,Pro,9,1791.0
2025-12-01,10830,Pro,9,1791.0
2026-01-01,10830,Pro,9,1791.0
2026-02-01,10830,Pro,9,1791.0
2026-03-01,10830,Pro,9,1791.0
2026-04-01,10830,Pro,9,1791.0
2026-05-01,10830,Pro,9,1791.0
2026-06-01,10830,Pro,9,1791.0
2026-07-01,10830,Pro,9,1791.0
2026-08-01,10830,Pro,9,1791.0
2025-05-01,10831,Business,29,14471.0
2025-06-01,10831,Business,29,14471.0
2025-07-01,10831,Business,30,14970.000000000002
2025-08-01,10831,Business,30,14970.000000000002
2025-09-01,10831,Business,31,15468.999999999998
2025-10-01,10831,Business,31,15468.999999999998
2025-11-01,10831,Business,32,15968.0
2025-05-01,10832,Pro,9,1791.0
2025-06-01,10832,Pro,9,1791.0
2025-07-01,10832,Pro,9,1791.0
2025-08-01,10832,Pro,9,1791.0
2025-09-01,10832,Pro,10,1990.0
2025-10-01,10832,Pro,10,1990.0
2025-11-01,10832,Pro,10,1990.0
2025-12-01,10832,Pro,10,1990.0
2026-01-01,10832,Pro,10,1990.0
2026-02-01,10832,Pro,10,1990.0
2026-03-01,10832,Pro,10,1990.0
2026-04-01,10832,Pro,10,1990.0
2026-05-01,10832,Pro,11,2189.0
2026-06-01,10832,Pro,11,2189.0
2026-07-01,10832,Pro,11,2189.0
2026-08-01,10832,Pro,11,2189.0
2025-09-01,10833,Starter,4,316.0
2025-10-01,10833,Starter,4,316.0
2025-11-01,10833,Starter,4,316.0
2025-12-01,10833,Starter,4,316.0
2026-01-01,10833,Starter,4,316.0
2026-02-01,10833,Starter,4,316.0
2026-03-01,10833,Starter,4,316.0
2026-04-01,10833,Starter,4,316.0
2026-05-01,10833,Starter,4,316.0
2026-06-01,10833,Starter,5,395.0
2026-07-01,10833,Starter,5,395.0
2026-08-01,10833,Starter,5,395.0
2025-03-01,10834,Starter,2,158.0
2025-04-01,10834,Starter,2,158.0
2025-05-01,10834,Starter,2,158.0
2025-06-01,10834,Starter,2,158.0
2025-07-01,10834,Starter,2,158.0
2025-08-01,10834,Starter,2,158.0
2025-09-01,10834,Starter,2,158.0
2025-10-01,10834,Starter,2,158.0
2025-11-01,10834,Starter,2,158.0
2025-12-01,10834,Starter,2,158.0
2026-01-01,10834,Starter,2,158.0
2026-02-01,10834,Starter,2,158.0
2026-03-01,10834,Starter,2,158.0
2026-04-01,10834,Starter,2,158.0
2026-05-01,10834,Starter,2,158.0
2026-06-01,10834,Starter,2,158.0
2026-07-01,10834,Starter,2,158.0
2026-08-01,10834,Starter,2,158.0
2026-05-01,10835,Starter,6,474.0
2026-06-01,10835,Starter,6,474.0
2026-07-01,10835,Starter,6,474.0
2026-08-01,10835,Starter,6,474.0
2026-04-01,10836,Enterprise,53,68847.0
2026-05-01,10836,Enterprise,54,70146.0
2026-06-01,10836,Enterprise,55,71445.0
2026-07-01,10836,Enterprise,55,71445.0
2026-08-01,10836,Enterprise,56,72744.0
2026-05-01,10837,Starter,4,316.0
2026-06-01,10837,Starter,4,316.0
2026-07-01,10837,Starter,4,316.0
2026-08-01,10837,Starter,4,316.0
2025-04-01,10838,Pro,5,995.0
2025-05-01,10838,Pro,5,995.0
2025-06-01,10838,Pro,5,995.0
2025-07-01,10838,Pro,5,995.0
2025-08-01,10838,Pro,5,995.0
2025-09-01,10838,Pro,5,995.0
2025-10-01,10838,Pro,5,995.0
2025-11-01,10838,Pro,6,1194.0
2025-12-01,10838,Pro,6,1194.0
2026-01-01,10838,Pro,6,1194.0
2026-02-01,10838,Pro,6,1194.0
2026-03-01,10838,Pro,6,1194.0
2026-04-01,10838,Pro,6,1194.0
2026-05-01,10838,Pro,6,1194.0
2025-01-01,10839,Business,13,6487.0
2025-02-01,10839,Business,13,6487.0
2025-03-01,10839,Business,13,6487.0
2025-04-01,10839,Business,14,6986.0
2025-05-01,10839,Business,14,6986.0
2025-06-01,10839,Business,14,6986.0
2025-07-01,10839,Business,14,6986.0
2025-08-01,10839,Business,14,6986.0
2025-09-01,10839,Business,15,7484.999999999999
2025-10-01,10839,Business,15,7484.999999999999
2025-11-01,10839,Business,15,7484.999999999999
2025-12-01,10839,Business,15,7484.999999999999
2026-01-01,10839,Business,15,7484.999999999999
2026-02-01,10839,Business,15,7484.999999999999
2026-03-01,10839,Business,15,7484.999999999999
2026-04-01,10839,Business,15,7484.999999999999
2026-05-01,10839,Business,15,7484.999999999999
2026-06-01,10839,Business,15,7484.999999999999
2026-07-01,10839,Business,15,7484.999999999999
2026-08-01,10839,Business,15,7484.999999999999
2026-07-01,10840,Enterprise,69,89631.0
2026-08-01,10840,Enterprise,70,90930.0
2025-06-01,10841,Starter,3,237.0
2025-07-01,10841,Starter,3,237.0
2025-08-01,10841,Starter,3,237.0
2025-09-01,10841,Starter,3,237.0
2025-10-01,10841,Starter,3,237.0
2025-11-01,10841,Starter,3,237.0
2025-12-01,10841,Starter,3,237.0
2026-01-01,10841,Starter,3,237.0
2026-02-01,10841,Starter,3,237.0
2026-03-01,10841,Starter,3,237.0
2026-04-01,10841,Starter,3,237.0
2026-05-01,10841,Starter,3,237.0
2026-06-01,10841,Starter,4,316.0
2026-07-01,10841,Starter,4,316.0
2026-08-01,10841,Starter,4,316.0
2026-01-01,10842,Starter,2,158.0
2026-02-01,10842,Starter,2,158.0
2026-03-01,10842,Starter,2,158.0
2026-04-01,10842,Starter,2,158.0
2026-05-01,10842,Starter,2,158.0
2026-06-01,10842,Starter,2,158.0
2026-07-01,10842,Starter,2,158.0
2026-08-01,10842,Starter,2,158.0
2026-06-01,10843,Starter,4,316.0
2026-07-01,10843,Starter,4,316.0
2026-08-01,10843,Starter,4,316.0
2025-01-01,10844,Starter,2,158.0
2025-02-01,10844,Starter,2,158.0
2025-03-01,10844,Starter,2,158.0
2025-04-01,10844,Starter,2,158.0
2025-05-01,10844,Starter,2,158.0
2025-06-01,10844,Starter,2,158.0
2025-07-01,10844,Starter,2,158.0
2025-08-01,10844,Starter,2,158.0
2025-09-01,10844,Starter,2,158.0
2025-10-01,10844,Starter,2,158.0
2025-11-01,10844,Starter,2,158.0
2025-12-01,10844,Starter,2,158.0
2026-01-01,10844,Starter,2,158.0
2026-02-01,10844,Starter,2,158.0
2026-03-01,10844,Starter,2,158.0
2026-04-01,10844,Starter,2,158.0
2026-05-01,10844,Starter,2,158.0
2026-06-01,10844,Starter,2,158.0
2026-07-01,10844,Starter,2,158.0
2026-08-01,10844,Starter,2,158.0
2025-01-01,10845,Starter,5,395.0
2025-02-01,10845,Starter,5,395.0
2025-03-01,10845,Starter,5,395.0
2025-04-01,10845,Starter,5,395.0
2025-05-01,10845,Starter,5,395.0
2025-06-01,10845,Starter,5,395.0
2025-07-01,10845,Starter,5,395.0
2025-08-01,10845,Starter,6,474.0
2025-09-01,10845,Starter,6,474.0
2025-10-01,10845,Starter,6,474.0
2025-11-01,10845,Starter,6,474.0
2025-12-01,10845,Starter,6,474.0
2026-01-01,10845,Starter,6,474.0
2026-02-01,10845,Starter,6,474.0
2026-03-01,10845,Starter,6,474.0
2026-04-01,10845,Starter,6,474.0
2026-05-01,10845,Starter,6,474.0
2026-06-01,10845,Starter,6,474.0
2026-07-01,10845,Starter,6,474.0
2026-08-01,10845,Starter,6,474.0
2025-01-01,10846,Pro,8,1592.0
2025-02-01,10846,Pro,8,1592.0
2025-03-01,10846,Pro,8,1592.0
2025-04-01,10846,Pro,8,1592.0
2025-05-01,10846,Pro,8,1592.0
2025-06-01,10846,Pro,9,1791.0
2025-07-01,10846,Pro,9,1791.0
2025-08-01,10846,Pro,9,1791.0
2025-09-01,10846,Pro,9,1791.0
2025-10-01,10846,Pro,9,1791.0
2025-11-01,10846,Pro,9,1791.0
2025-12-01,10846,Pro,9,1791.0
2026-01-01,10846,Pro,9,1791.0
2026-02-01,10846,Pro,9,1791.0
2026-03-01,10846,Pro,9,1791.0
2026-04-01,10846,Pro,9,1791.0
2026-05-01,10846,Pro,9,1791.0
2026-06-01,10846,Pro,9,1791.0
2026-07-01,10846,Pro,9,1791.0
2026-08-01,10846,Pro,9,1791.0
2025-04-01,10847,Business,19,9481.0
2025-05-01,10847,Business,19,9481.0
2025-06-01,10847,Business,20,9980.0
2025-07-01,10847,Business,20,9980.0
2025-08-01,10847,Business,20,9980.0
2025-09-01,10847,Business,20,9980.0
2025-10-01,10847,Business,21,10479.000000000002
2025-11-01,10847,Business,21,10479.000000000002
2025-12-01,10847,Business,21,10479.000000000002
2026-01-01,10847,Business,22,10978.0
2026-02-01,10847,Business,22,10978.0
2026-03-01,10847,Business,22,10978.0
2026-04-01,10847,Business,22,10978.0
2026-05-01,10847,Business,22,10978.0
2026-06-01,10847,Business,22,10978.0
2026-07-01,10847,Business,22,10978.0
2026-08-01,10847,Business,22,10978.0
2025-01-01,10848,Pro,12,2388.0
2025-02-01,10848,Pro,12,2388.0
2025-03-01,10848,Pro,12,2388.0
2025-04-01,10848,Pro,13,2587.0
2025-05-01,10848,Pro,13,2587.0
2025-06-01,10848,Pro,13,2587.0
2025-07-01,10848,Pro,13,2587.0
2025-08-01,10848,Pro,13,2587.0
2025-09-01,10848,Pro,13,2587.0
2025-10-01,10848,Pro,14,2786.0
2025-11-01,10848,Pro,14,2786.0
2025-12-01,10848,Pro,14,2786.0
2026-01-01,10848,Pro,14,2786.0
2026-02-01,10848,Pro,14,2786.0
2026-03-01,10848,Pro,14,2786.0
2026-04-01,10848,Pro,14,2786.0
2026-05-01,10848,Pro,14,2786.0
2026-06-01,10848,Pro,14,2786.0
2026-07-01,10848,Pro,14,2786.0
2026-08-01,10848,Pro,14,2786.0
2026-05-01,10849,Pro,6,1194.0
2026-06-01,10849,Pro,6,1194.0
2026-07-01,10849,Pro,6,1194.0
2026-08-01,10849,Pro,6,1194.0
2025-12-01,10850,Starter,2,158.0
2026-01-01,10850,Starter,2,158.0
2026-02-01,10850,Starter,2,158.0
2026-03-01,10850,Starter,2,158.0
2026-04-01,10850,Starter,2,158.0
2026-05-01,10850,Starter,2,158.0
2026-06-01,10850,Starter,2,158.0
2026-07-01,10850,Starter,2,158.0
2026-08-01,10850,Starter,2,158.0
2026-08-01,10851,Business,17,8483.0
2026-04-01,10852,Pro,11,2189.0
2026-05-01,10852,Pro,11,2189.0
2026-06-01,10852,Pro,11,2189.0
2026-07-01,10852,Pro,11,2189.0
2026-08-01,10852,Pro,12,2388.0
2026-08-01,10853,Business,11,5489.0
2025-05-01,10854,Enterprise,25,32475.0
2025-06-01,10854,Enterprise,25,32475.0
2025-07-01,10854,Enterprise,26,33774.0
2025-08-01,10854,Enterprise,26,33774.0
2025-09-01,10854,Enterprise,26,33774.0
2025-10-01,10854,Enterprise,27,35073.0
2025-11-01,10854,Enterprise,27,35073.0
2025-12-01,10854,Enterprise,28,36372.0
2026-01-01,10854,Enterprise,28,36372.0
2026-02-01,10854,Enterprise,28,36372.0
2026-03-01,10854,Enterprise,29,37671.0
2026-04-01,10854,Enterprise,29,37671.0
2026-05-01,10854,Enterprise,30,38970.0
2026-06-01,10854,Enterprise,30,38970.0
2026-07-01,10854,Enterprise,30,38970.0
2026-08-01,10854,Enterprise,30,38970.0
2025-06-01,10855,Starter,4,316.0
2025-07-01,10855,Starter,4,316.0
2025-08-01,10855,Starter,4,316.0
2025-09-01,10855,Starter,4,316.0
2025-10-01,10855,Starter,4,316.0
2025-11-01,10855,Starter,4,316.0
2025-12-01,10855,Starter,4,316.0
2026-01-01,10855,Starter,4,316.0
2026-02-01,10855,Starter,4,316.0
2026-03-01,10855,Starter,5,395.0
2026-04-01,10855,Starter,5,395.0
2026-05-01,10855,Starter,5,395.0
2026-06-01,10855,Starter,5,395.0
2026-07-01,10855,Starter,5,395.0
2026-08-01,10855,Starter,5,395.0
2026-05-01,10856,Starter,2,158.0
2026-06-01,10856,Starter,2,158.0
2026-07-01,10856,Starter,2,158.0
2026-08-01,10856,Starter,2,158.0
2025-05-01,10857,Starter,3,237.0
2025-06-01,10857,Starter,3,237.0
2025-07-01,10857,Starter,3,237.0
2025-08-01,10857,Starter,3,237.0
2025-09-01,10857,Starter,3,237.0
2025-10-01,10857,Starter,3,237.0
2025-11-01,10857,Starter,3,237.0
2025-12-01,10857,Starter,3,237.0
2026-01-01,10857,Starter,3,237.0
2026-02-01,10857,Starter,3,237.0
2026-03-01,10857,Starter,3,237.0
2026-04-01,10857,Starter,3,237.0
2026-05-01,10857,Starter,4,316.0
2026-06-01,10857,Starter,4,316.0
2026-07-01,10857,Starter,4,316.0
2026-08-01,10857,Starter,4,316.0
2025-02-01,10858,Pro,4,796.0
2025-03-01,10858,Pro,4,796.0
2025-04-01,10858,Pro,4,796.0
2025-05-01,10858,Pro,4,796.0
2025-06-01,10858,Pro,4,796.0
2025-07-01,10858,Pro,4,796.0
2025-08-01,10858,Pro,4,796.0
2025-09-01,10858,Pro,4,796.0
2025-10-01,10858,Pro,4,796.0
2025-11-01,10858,Pro,5,995.0
2025-12-01,10858,Pro,5,995.0
2026-01-01,10858,Pro,5,995.0
2026-02-01,10858,Pro,5,995.0
2026-03-01,10858,Pro,5,995.0
2026-04-01,10858,Pro,5,995.0
2026-05-01,10858,Pro,5,995.0
2026-06-01,10858,Pro,5,995.0
2026-07-01,10858,Pro,5,995.0
2026-08-01,10858,Pro,5,995.0
2026-02-01,10859,Enterprise,35,45465.0
2026-03-01,10859,Enterprise,36,46763.99999999999
2026-04-01,10859,Enterprise,36,46763.99999999999
2026-05-01,10859,Enterprise,37,48063.0
2026-06-01,10859,Enterprise,37,48063.0
2026-07-01,10859,Enterprise,38,49361.99999999999
2026-08-01,10859,Enterprise,38,49361.99999999999
2026-04-01,10860,Starter,3,237.0
2026-05-01,10860,Starter,3,237.0
2026-06-01,10860,Starter,3,237.0
2026-07-01,10860,Starter,3,237.0
2026-08-01,10860,Starter,3,237.0
2026-08-01,10861,Business,25,12475.0
2026-07-01,10862,Pro,6,1194.0
2026-08-01,10862,Pro,6,1194.0
2025-03-01,10863,Starter,5,395.0
2025-04-01,10863,Starter,5,395.0
2025-05-01,10863,Starter,5,395.0
2025-06-01,10863,Starter,5,395.0
2025-07-01,10863,Starter,5,395.0
2025-08-01,10863,Starter,5,395.0
2025-09-01,10863,Starter,5,395.0
2025-10-01,10863,Starter,6,474.0
2025-11-01,10863,Starter,6,474.0
2025-12-01,10863,Starter,6,474.0
2026-01-01,10863,Starter,6,474.0
2026-02-01,10863,Starter,6,474.0
2026-03-01,10863,Starter,6,474.0
2026-04-01,10863,Starter,6,474.0
2026-05-01,10863,Starter,6,474.0
2026-06-01,10863,Starter,6,474.0
2026-07-01,10863,Starter,6,474.0
2026-08-01,10863,Starter,6,474.0
2026-04-01,10864,Starter,2,158.0
2026-05-01,10864,Starter,2,158.0
2026-06-01,10864,Starter,2,158.0
2026-07-01,10864,Starter,2,158.0
2026-08-01,10864,Starter,2,158.0
2026-05-01,10865,Pro,6,1194.0
2026-06-01,10865,Pro,6,1194.0
2026-07-01,10865,Pro,6,1194.0
2026-08-01,10865,Pro,6,1194.0
2026-02-01,10866,Pro,14,2786.0
2026-03-01,10866,Pro,14,2786.0
2026-04-01,10866,Pro,14,2786.0
2026-05-01,10866,Pro,15,2985.0
2026-06-01,10866,Pro,15,2985.0
2026-07-01,10866,Pro,15,2985.0
2026-08-01,10866,Pro,15,2985.0
2026-05-01,10867,Pro,9,1791.0
2026-06-01,10867,Pro,9,1791.0
2026-07-01,10867,Pro,9,1791.0
2026-08-01,10867,Pro,9,1791.0
2026-05-01,10868,Starter,2,158.0
2026-06-01,10868,Starter,2,158.0
2026-07-01,10868,Starter,2,158.0
2026-08-01,10868,Starter,2,158.0
2025-09-01,10869,Pro,8,1592.0
2025-10-01,10869,Pro,8,1592.0
2025-11-01,10869,Pro,8,1592.0
2025-12-01,10869,Pro,8,1592.0
2026-01-01,10869,Pro,8,1592.0
2026-02-01,10869,Pro,9,1791.0
2026-03-01,10869,Pro,9,1791.0
2026-04-01,10869,Pro,9,1791.0
2026-05-01,10869,Pro,9,1791.0
2026-06-01,10869,Pro,9,1791.0
2026-07-01,10869,Pro,9,1791.0
2026-08-01,10869,Pro,9,1791.0
2025-01-01,10870,Starter,5,395.0
2025-02-01,10870,Starter,5,395.0
2025-03-01,10870,Starter,5,395.0
2025-04-01,10870,Starter,5,395.0
2025-05-01,10870,Starter,5,395.0
2025-06-01,10870,Starter,5,395.0
2025-07-01,10870,Starter,5,395.0
2025-08-01,10870,Starter,6,474.0
2025-09-01,10870,Starter,6,474.0
2025-10-01,10870,Starter,6,474.0
2025-11-01,10870,Starter,6,474.0
2025-12-01,10870,Starter,6,474.0
2026-01-01,10870,Starter,6,474.0
2026-02-01,10870,Starter,6,474.0
2026-03-01,10870,Starter,6,474.0
2026-04-01,10870,Starter,6,474.0
2026-05-01,10870,Starter,6,474.0
2026-06-01,10870,Starter,6,474.0
2026-07-01,10870,Starter,6,474.0
2026-08-01,10870,Starter,6,474.0
2025-10-01,10871,Business,30,14970.0
2025-11-01,10871,Business,30,14970.0
2025-12-01,10871,Business,31,15469.000000000002
2026-01-01,10871,Business,31,15469.000000000002
2026-02-01,10871,Business,32,15968.0
2026-03-01,10871,Business,32,15968.0
2026-04-01,10871,Business,33,16467.0
2026-05-01,10871,Business,33,16467.0
2026-06-01,10871,Business,34,16966.0
2026-07-01,10871,Business,34,16966.0
2026-08-01,10871,Business,34,16966.0
2025-05-01,10872,Starter,2,158.0
2025-06-01,10872,Starter,2,158.0
2025-07-01,10872,Starter,2,158.0
2025-08-01,10872,Starter,2,158.0
2025-09-01,10872,Starter,2,158.0
2025-10-01,10872,Starter,2,158.0
2025-11-01,10872,Starter,2,158.0
2025-12-01,10872,Starter,2,158.0
2026-01-01,10872,Starter,2,158.0
2026-02-01,10872,Starter,2,158.0
2026-03-01,10872,Starter,2,158.0
2025-03-01,10873,Starter,3,237.0
2025-04-01,10873,Starter,3,237.0
2025-05-01,10873,Starter,3,237.0
2025-06-01,10873,Starter,3,237.0
2025-03-01,10874,Pro,8,1592.0
2025-04-01,10874,Pro,8,1592.0
2025-05-01,10874,Pro,8,1592.0
2025-06-01,10874,Pro,8,1592.0
2025-07-01,10874,Pro,8,1592.0
2025-08-01,10874,Pro,9,1791.0
2025-09-01,10874,Pro,9,1791.0
2025-10-01,10874,Pro,9,1791.0
2025-11-01,10874,Pro,9,1791.0
2025-12-01,10874,Pro,9,1791.0
2026-01-01,10874,Pro,9,1791.0
2026-02-01,10874,Pro,9,1791.0
2026-03-01,10874,Pro,9,1791.0
2026-04-01,10874,Pro,9,1791.0
2026-05-01,10874,Pro,9,1791.0
2026-06-01,10874,Pro,9,1791.0
2026-07-01,10874,Pro,9,1791.0
2026-08-01,10874,Pro,9,1791.0
2026-02-01,10875,Pro,6,1194.0
2026-03-01,10875,Pro,6,1194.0
2026-04-01,10875,Pro,6,1194.0
2026-05-01,10875,Pro,6,1194.0
2026-06-01,10875,Pro,6,1194.0
2026-07-01,10875,Pro,6,1194.0
2026-08-01,10875,Pro,7,1393.0
2025-10-01,10876,Pro,8,1592.0
2025-11-01,10876,Pro,8,1592.0
2025-12-01,10876,Pro,8,1592.0
2026-01-01,10876,Pro,8,1592.0
2026-02-01,10876,Pro,8,1592.0
2026-03-01,10876,Pro,9,1791.0
2026-04-01,10876,Pro,9,1791.0
2026-05-01,10876,Pro,9,1791.0
2026-06-01,10876,Pro,9,1791.0
2026-07-01,10876,Pro,9,1791.0
2026-08-01,10876,Pro,9,1791.0
2025-11-01,10877,Pro,8,1592.0
2025-12-01,10877,Pro,8,1592.0
2026-01-01,10877,Pro,8,1592.0
2026-02-01,10877,Pro,8,1592.0
2026-03-01,10877,Pro,8,1592.0
2026-04-01,10877,Pro,9,1791.0
2026-05-01,10877,Pro,9,1791.0
2026-06-01,10877,Pro,9,1791.0
2026-07-01,10877,Pro,9,1791.0
2026-08-01,10877,Pro,9,1791.0
2026-03-01,10878,Enterprise,67,87033.0
2026-04-01,10878,Enterprise,68,88332.0
2026-05-01,10878,Enterprise,69,89631.00000000001
2026-06-01,10878,Enterprise,70,90929.99999999999
2026-07-01,10878,Enterprise,71,92229.0
2026-08-01,10878,Enterprise,72,93528.0
2025-11-01,10879,Pro,12,2388.0
2025-12-01,10879,Pro,12,2388.0
2026-01-01,10879,Pro,12,2388.0
2026-02-01,10879,Pro,13,2587.0
2026-03-01,10879,Pro,13,2587.0
2026-04-01,10879,Pro,13,2587.0
2026-05-01,10879,Pro,13,2587.0
2026-06-01,10879,Pro,13,2587.0
2026-07-01,10879,Pro,13,2587.0
2026-08-01,10879,Pro,14,2786.0
2026-01-01,10880,Pro,7,1393.0
2026-02-01,10880,Pro,7,1393.0
2026-03-01,10880,Pro,7,1393.0
2026-04-01,10880,Pro,7,1393.0
2026-05-01,10880,Pro,7,1393.0
2026-06-01,10880,Pro,8,1592.0
2026-07-01,10880,Pro,8,1592.0
2026-08-01,10880,Pro,8,1592.0
2025-02-01,10881,Pro,7,1393.0
2025-03-01,10881,Pro,7,1393.0
2025-04-01,10881,Pro,7,1393.0
2025-05-01,10881,Pro,7,1393.0
2025-06-01,10881,Pro,7,1393.0
2025-07-01,10881,Pro,8,1592.0
2025-08-01,10881,Pro,8,1592.0
2025-09-01,10881,Pro,8,1592.0
2025-10-01,10881,Pro,8,1592.0
2025-11-01,10881,Pro,8,1592.0
2025-12-01,10881,Pro,8,1592.0
2026-01-01,10881,Pro,8,1592.0
2026-02-01,10881,Pro,8,1592.0
2026-03-01,10881,Pro,8,1592.0
2026-04-01,10881,Pro,8,1592.0
2026-05-01,10881,Pro,8,1592.0
2026-06-01,10881,Pro,8,1592.0
2026-07-01,10881,Pro,8,1592.0
2026-08-01,10881,Pro,8,1592.0
2026-05-01,10882,Starter,4,316.0
2026-06-01,10882,Starter,4,316.0
2026-07-01,10882,Starter,4,316.0
2026-08-01,10882,Starter,4,316.0
2025-09-01,10883,Pro,7,1393.0
2025-10-01,10883,Pro,7,1393.0
2025-11-01,10883,Pro,7,1393.0
2025-12-01,10883,Pro,7,1393.0
2026-01-01,10883,Pro,7,1393.0
2026-02-01,10883,Pro,8,1592.0
2026-03-01,10883,Pro,8,1592.0
2026-04-01,10883,Pro,8,1592.0
2026-05-01,10883,Pro,8,1592.0
2026-06-01,10883,Pro,8,1592.0
2026-07-01,10883,Pro,8,1592.0
2026-08-01,10883,Pro,8,1592.0
2025-04-01,10884,Starter,4,316.0
2025-05-01,10884,Starter,4,316.0
2025-06-01,10884,Starter,4,316.0
2025-07-01,10884,Starter,4,316.0
2025-08-01,10884,Starter,4,316.0
2025-09-01,10884,Starter,4,316.0
2025-10-01,10884,Starter,4,316.0
2025-11-01,10884,Starter,4,316.0
2025-12-01,10884,Starter,4,316.0
2026-05-01,10885,Pro,8,1592.0
2026-06-01,10885,Pro,8,1592.0
2026-07-01,10885,Pro,8,1592.0
2026-08-01,10885,Pro,8,1592.0
2026-03-01,10886,Starter,2,158.0
2026-04-01,10886,Starter,2,158.0
2026-05-01,10886,Starter,2,158.0
2026-06-01,10886,Starter,2,158.0
2026-07-01,10886,Starter,2,158.0
2026-08-01,10886,Starter,2,158.0
2025-02-01,10887,Enterprise,32,41568.0
2025-03-01,10887,Enterprise,32,41568.0
2025-04-01,10887,Enterprise,33,42867.0
2025-05-01,10887,Enterprise,33,42867.0
2025-06-01,10887,Enterprise,34,44166.0
2025-07-01,10887,Enterprise,34,44166.0
2025-08-01,10887,Enterprise,35,45465.0
2025-09-01,10887,Enterprise,35,45465.0
2025-10-01,10887,Enterprise,36,46764.0
2025-11-01,10887,Enterprise,36,46764.0
2025-12-01,10887,Enterprise,37,48063.0
2026-01-01,10887,Enterprise,37,48063.0
2026-02-01,10887,Enterprise,38,49362.0
2026-03-01,10887,Enterprise,38,49362.0
2026-04-01,10887,Enterprise,38,49362.0
2026-05-01,10887,Enterprise,38,49362.0
2026-06-01,10887,Enterprise,38,49362.0
2026-07-01,10887,Enterprise,38,49362.0
2026-08-01,10887,Enterprise,38,49362.0
2025-04-01,10888,Pro,13,2587.0
2025-05-01,10888,Pro,13,2587.0
2025-06-01,10888,Pro,13,2587.0
2025-07-01,10888,Pro,14,2786.0
2025-08-01,10888,Pro,14,2786.0
2025-09-01,10888,Pro,14,2786.0
2025-10-01,10888,Pro,14,2786.0
2025-11-01,10888,Pro,14,2786.0
2025-12-01,10888,Pro,15,2984.9999999999995
2026-01-01,10888,Pro,15,2984.9999999999995
2026-02-01,10888,Pro,15,2984.9999999999995
2026-03-01,10888,Pro,15,2984.9999999999995
2026-04-01,10888,Pro,15,2984.9999999999995
2026-05-01,10888,Pro,15,2984.9999999999995
2026-06-01,10888,Pro,15,2984.9999999999995
2026-07-01,10888,Pro,15,2984.9999999999995
2026-08-01,10888,Pro,15,2984.9999999999995
2025-01-01,10889,Business,17,8483.0
2025-02-01,10889,Business,17,8483.0
2025-03-01,10889,Business,18,8982.0
2025-04-01,10889,Business,18,8982.0
2025-05-01,10889,Business,18,8982.0
2025-06-01,10889,Business,18,8982.0
2025-07-01,10889,Business,19,9481.0
2025-08-01,10889,Business,19,9481.0
2025-09-01,10889,Business,19,9481.0
2025-10-01,10889,Business,19,9481.0
2025-11-01,10889,Business,20,9980.0
2025-12-01,10889,Business,20,9980.0
2026-01-01,10889,Business,20,9980.0
2026-02-01,10889,Business,20,9980.0
2026-03-01,10889,Business,20,9980.0
2026-04-01,10889,Business,20,9980.0
2026-05-01,10889,Business,20,9980.0
2026-06-01,10889,Business,20,9980.0
2026-07-01,10889,Business,20,9980.0
2026-08-01,10889,Business,20,9980.0
2025-06-01,10890,Pro,14,2786.0
2025-07-01,10890,Pro,14,2786.0
2025-08-01,10890,Pro,14,2786.0
2025-09-01,10890,Pro,15,2985.0
2025-10-01,10890,Pro,15,2985.0
2025-11-01,10890,Pro,15,2985.0
2025-12-01,10890,Pro,15,2985.0
2026-01-01,10890,Pro,15,2985.0
2026-02-01,10890,Pro,16,3184.0
2026-03-01,10890,Pro,16,3184.0
2026-04-01,10890,Pro,16,3184.0
2026-05-01,10890,Pro,16,3184.0
2026-06-01,10890,Pro,17,3382.9999999999995
2026-07-01,10890,Pro,17,3382.9999999999995
2026-08-01,10890,Pro,17,3382.9999999999995
2025-03-01,10891,Starter,3,237.0
2025-04-01,10891,Starter,3,237.0
2025-05-01,10891,Starter,3,237.0
2025-06-01,10891,Starter,3,237.0
2025-07-01,10891,Starter,3,237.0
2025-08-01,10891,Starter,3,237.0
2025-09-01,10891,Starter,3,237.0
2025-10-01,10891,Starter,3,237.0
2025-11-01,10891,Starter,3,237.0
2025-12-01,10891,Starter,3,237.0
2026-01-01,10891,Starter,3,237.0
2026-02-01,10891,Starter,3,237.0
2026-03-01,10891,Starter,4,316.0
2026-04-01,10891,Starter,4,316.0
2026-05-01,10891,Starter,4,316.0
2026-06-01,10891,Starter,4,316.0
2026-07-01,10891,Starter,4,316.0
2026-08-01,10891,Starter,4,316.0
2026-03-01,10892,Business,20,9980.0
2026-04-01,10892,Business,20,9980.0
2026-05-01,10892,Business,21,10479.0
2026-06-01,10892,Business,21,10479.0
2026-07-01,10892,Business,21,10479.0
2026-08-01,10892,Business,22,10978.0
2025-11-01,10893,Pro,18,3582.0
2025-12-01,10893,Pro,18,3582.0
2026-01-01,10893,Pro,19,3781.0
2026-02-01,10893,Pro,19,3781.0
2026-03-01,10893,Pro,19,3781.0
2026-04-01,10893,Pro,19,3781.0
2026-05-01,10893,Pro,20,3980.0
2026-06-01,10893,Pro,20,3980.0
2026-07-01,10893,Pro,20,3980.0
2026-08-01,10893,Pro,20,3980.0
2026-08-01,10894,Business,12,5988.0
2026-03-01,10895,Pro,4,796.0
2026-04-01,10895,Pro,4,796.0
2026-05-01,10895,Pro,4,796.0
2026-06-01,10895,Pro,4,796.0
2026-07-01,10895,Pro,4,796.0
2026-08-01,10895,Pro,4,796.0
2026-01-01,10896,Pro,13,2587.0
2026-02-01,10896,Pro,13,2587.0
2026-03-01,10896,Pro,13,2587.0
2026-04-01,10896,Pro,14,2786.0
2026-05-01,10896,Pro,14,2786.0
2026-06-01,10896,Pro,14,2786.0
2026-07-01,10896,Pro,14,2786.0
2026-08-01,10896,Pro,14,2786.0
2025-11-01,10897,Business,13,6487.0
2025-12-01,10897,Business,13,6487.0
2026-01-01,10897,Business,13,6487.0
2026-02-01,10897,Business,14,6986.0
2026-03-01,10897,Business,14,6986.0
2026-04-01,10897,Business,14,6986.0
2026-05-01,10897,Business,14,6986.0
2026-06-01,10897,Business,14,6986.0
2026-07-01,10897,Business,15,7484.999999999999
2026-08-01,10897,Business,15,7484.999999999999
2025-02-01,10898,Pro,8,1592.0
2025-03-01,10898,Pro,8,1592.0
2025-04-01,10898,Pro,8,1592.0
2025-05-01,10898,Pro,8,1592.0
2025-06-01,10898,Pro,8,1592.0
2025-02-01,10899,Starter,2,158.0
2025-03-01,10899,Starter,2,158.0
2025-04-01,10899,Starter,2,158.0
2025-05-01,10899,Starter,2,158.0
2025-06-01,10899,Starter,2,158.0
2025-07-01,10899,Starter,2,158.0
2025-08-01,10899,Starter,2,158.0
2025-09-01,10899,Starter,2,158.0
2025-10-01,10899,Starter,2,158.0
2025-11-01,10899,Starter,2,158.0
2025-12-01,10899,Starter,2,158.0
2026-01-01,10899,Starter,2,158.0
2026-02-01,10899,Starter,2,158.0
2026-03-01,10899,Starter,2,158.0
2026-04-01,10899,Starter,2,158.0
2026-05-01,10899,Starter,2,158.0
2026-06-01,10899,Starter,2,158.0
2026-07-01,10899,Starter,2,158.0
2026-08-01,10899,Starter,2,158.0
2026-01-01,10900,Pro,9,1791.0
2026-02-01,10900,Pro,9,1791.0
2026-03-01,10900,Pro,9,1791.0
2026-04-01,10900,Pro,9,1791.0
2026-05-01,10900,Pro,10,1990.0
2026-06-01,10900,Pro,10,1990.0
2026-07-01,10900,Pro,10,1990.0
2025-01-01,10901,Pro,6,1194.0
2025-02-01,10901,Pro,6,1194.0
2025-03-01,10901,Pro,6,1194.0
2025-04-01,10901,Pro,6,1194.0
2025-05-01,10901,Pro,6,1194.0
2025-06-01,10901,Pro,6,1194.0
2025-07-01,10901,Pro,7,1393.0
2025-08-01,10901,Pro,7,1393.0
2025-09-01,10901,Pro,7,1393.0
2025-10-01,10901,Pro,7,1393.0
2025-11-01,10901,Pro,7,1393.0
2025-12-01,10901,Pro,7,1393.0
2026-01-01,10901,Pro,7,1393.0
2026-02-01,10901,Pro,7,1393.0
2026-03-01,10901,Pro,7,1393.0
2026-04-01,10901,Pro,7,1393.0
2026-05-01,10901,Pro,7,1393.0
2026-06-01,10901,Pro,7,1393.0
2026-07-01,10901,Pro,7,1393.0
2026-08-01,10901,Pro,7,1393.0
2025-01-01,10902,Enterprise,42,54558.0
2025-02-01,10902,Enterprise,43,55856.99999999999
2025-03-01,10902,Enterprise,43,55856.99999999999
2025-04-01,10902,Enterprise,44,57156.0
2025-05-01,10902,Enterprise,45,58455.0
2025-06-01,10902,Enterprise,45,58455.0
2025-07-01,10902,Enterprise,46,59754.00000000001
2025-08-01,10902,Enterprise,46,59754.00000000001
2025-09-01,10902,Enterprise,47,61053.0
2025-10-01,10902,Enterprise,48,62352.0
2025-11-01,10902,Enterprise,48,62352.0
2025-12-01,10902,Enterprise,49,63651.00000000001
2026-01-01,10902,Enterprise,50,64950.0
2026-02-01,10902,Enterprise,50,64950.0
2026-03-01,10902,Enterprise,50,64950.0
2026-04-01,10902,Enterprise,50,64950.0
2026-05-01,10902,Enterprise,50,64950.0
2026-06-01,10902,Enterprise,50,64950.0
2026-07-01,10902,Enterprise,50,64950.0
2026-08-01,10902,Enterprise,50,64950.0
2025-05-01,10903,Starter,4,316.0
2025-06-01,10903,Starter,4,316.0
2025-07-01,10903,Starter,4,316.0
2025-08-01,10903,Starter,4,316.0
2025-09-01,10903,Starter,4,316.0
2025-10-01,10903,Starter,4,316.0
2025-11-01,10903,Starter,4,316.0
2025-12-01,10903,Starter,4,316.0
2026-01-01,10903,Starter,4,316.0
2026-02-01,10903,Starter,5,395.0
2026-03-01,10903,Starter,5,395.0
2026-04-01,10903,Starter,5,395.0
2026-05-01,10903,Starter,5,395.0
2026-06-01,10903,Starter,5,395.0
2026-07-01,10903,Starter,5,395.0
2026-08-01,10903,Starter,5,395.0
2026-06-01,10904,Pro,6,1194.0
2026-07-01,10904,Pro,6,1194.0
2026-08-01,10904,Pro,6,1194.0
2025-10-01,10905,Business,14,6986.0
2025-11-01,10905,Business,14,6986.0
2025-12-01,10905,Business,14,6986.0
2026-01-01,10905,Business,15,7485.0
2026-02-01,10905,Business,15,7485.0
2026-03-01,10905,Business,15,7485.0
2026-04-01,10905,Business,15,7485.0
2026-05-01,10905,Business,15,7485.0
2026-06-01,10905,Business,16,7984.0
2026-07-01,10905,Business,16,7984.0
2026-08-01,10905,Business,16,7984.0
2026-03-01,10906,Pro,7,1393.0
2026-04-01,10906,Pro,7,1393.0
2026-05-01,10906,Pro,7,1393.0
2026-06-01,10906,Pro,7,1393.0
2026-07-01,10906,Pro,7,1393.0
2026-08-01,10906,Pro,8,1592.0
2025-09-01,10907,Pro,5,995.0
2025-10-01,10907,Pro,5,995.0
2025-11-01,10907,Pro,5,995.0
2025-12-01,10907,Pro,5,995.0
2026-01-01,10907,Pro,5,995.0
2026-02-01,10907,Pro,5,995.0
2026-03-01,10907,Pro,5,995.0
2026-04-01,10907,Pro,6,1194.0
2026-05-01,10907,Pro,6,1194.0
2026-06-01,10907,Pro,6,1194.0
2026-07-01,10907,Pro,6,1194.0
2026-08-01,10907,Pro,6,1194.0
2025-04-01,10908,Pro,7,1393.0
2025-05-01,10908,Pro,7,1393.0
2025-06-01,10908,Pro,7,1393.0
2025-07-01,10908,Pro,7,1393.0
2025-08-01,10908,Pro,7,1393.0
2025-09-01,10908,Pro,8,1592.0
2025-10-01,10908,Pro,8,1592.0
2025-11-01,10908,Pro,8,1592.0
2025-12-01,10908,Pro,8,1592.0
2026-01-01,10908,Pro,8,1592.0
2026-02-01,10908,Pro,8,1592.0
2026-03-01,10908,Pro,8,1592.0
2026-04-01,10908,Pro,8,1592.0
2026-05-01,10908,Pro,8,1592.0
2026-06-01,10908,Pro,8,1592.0
2026-07-01,10908,Pro,8,1592.0
2026-08-01,10908,Pro,8,1592.0
2025-08-01,10909,Starter,3,237.0
2025-09-01,10909,Starter,3,237.0
2025-10-01,10909,Starter,3,237.0
2025-11-01,10909,Starter,3,237.0
2025-02-01,10910,Business,16,7984.0
2025-03-01,10910,Business,16,7984.0
2025-04-01,10910,Business,16,7984.0
2025-05-01,10910,Business,17,8483.0
2025-06-01,10910,Business,17,8483.0
2025-07-01,10910,Business,17,8483.0
2025-08-01,10910,Business,17,8483.0
2025-09-01,10910,Business,18,8982.0
2025-10-01,10910,Business,18,8982.0
2025-11-01,10910,Business,18,8982.0
2025-12-01,10910,Business,18,8982.0
2026-01-01,10910,Business,19,9481.0
2026-02-01,10910,Business,19,9481.0
2026-03-01,10910,Business,19,9481.0
2026-04-01,10910,Business,19,9481.0
2026-05-01,10910,Business,19,9481.0
2026-06-01,10910,Business,19,9481.0
2026-07-01,10910,Business,19,9481.0
2026-08-01,10910,Business,19,9481.0
2026-04-01,10911,Starter,3,237.0
2026-05-01,10911,Starter,3,237.0
2026-06-01,10911,Starter,3,237.0
2026-07-01,10911,Starter,3,237.0
2026-08-01,10911,Starter,3,237.0
2025-04-01,10912,Starter,3,237.0
2025-05-01,10912,Starter,3,237.0
2025-06-01,10912,Starter,3,237.0
2025-07-01,10912,Starter,3,237.0
2025-08-01,10912,Starter,3,237.0
2025-09-01,10912,Starter,3,237.0
2025-10-01,10912,Starter,3,237.0
2025-11-01,10912,Starter,3,237.0
2025-12-01,10912,Starter,3,237.0
2026-01-01,10912,Starter,3,237.0
2026-02-01,10912,Starter,3,237.0
2026-03-01,10912,Starter,3,237.0
2026-04-01,10912,Starter,4,316.0
2026-05-01,10912,Starter,4,316.0
2026-06-01,10912,Starter,4,316.0
2026-07-01,10912,Starter,4,316.0
2026-08-01,10912,Starter,4,316.0
2025-08-01,10913,Pro,6,1194.0
2025-09-01,10913,Pro,6,1194.0
2025-10-01,10913,Pro,6,1194.0
2025-11-01,10913,Pro,6,1194.0
2025-12-01,10913,Pro,6,1194.0
2026-01-01,10913,Pro,6,1194.0
2026-02-01,10913,Pro,7,1393.0
2026-03-01,10913,Pro,7,1393.0
2026-04-01,10913,Pro,7,1393.0
2026-05-01,10913,Pro,7,1393.0
2026-06-01,10913,Pro,7,1393.0
2026-07-01,10913,Pro,7,1393.0
2026-08-01,10913,Pro,7,1393.0
2026-08-01,10914,Business,23,11477.0
2025-12-01,10915,Business,30,14970.0
2026-01-01,10915,Business,30,14970.0
2026-02-01,10915,Business,31,15469.000000000002
2026-03-01,10915,Business,31,15469.000000000002
2026-04-01,10915,Business,32,15968.0
2026-05-01,10915,Business,32,15968.0
2026-06-01,10915,Business,33,16467.0
2026-07-01,10915,Business,33,16467.0
2026-08-01,10915,Business,34,16966.0
2025-10-01,10916,Starter,3,237.0
2025-11-01,10916,Starter,3,237.0
2025-12-01,10916,Starter,3,237.0
2026-01-01,10916,Starter,3,237.0
2026-02-01,10916,Starter,3,237.0
2026-03-01,10916,Starter,3,237.0
2026-04-01,10916,Starter,3,237.0
2026-05-01,10916,Starter,3,237.0
2026-06-01,10916,Starter,3,237.0
2026-07-01,10916,Starter,3,237.0
2026-08-01,10916,Starter,3,237.0
2025-11-01,10917,Starter,4,316.0
2025-12-01,10917,Starter,4,316.0
2026-01-01,10917,Starter,4,316.0
2026-02-01,10917,Starter,4,316.0
2026-03-01,10917,Starter,4,316.0
2026-04-01,10917,Starter,4,316.0
2026-05-01,10917,Starter,4,316.0
2026-06-01,10917,Starter,4,316.0
2026-07-01,10917,Starter,4,316.0
2026-08-01,10917,Starter,5,395.0
2026-04-01,10918,Enterprise,41,53259.0
2026-05-01,10918,Enterprise,42,54558.0
2026-06-01,10918,Enterprise,42,54558.0
2026-07-01,10918,Enterprise,43,55857.0
2026-08-01,10918,Enterprise,43,55857.0
2025-06-01,10919,Starter,3,237.0
2025-07-01,10919,Starter,3,237.0
2025-08-01,10919,Starter,3,237.0
2025-09-01,10919,Starter,3,237.0
2025-10-01,10919,Starter,3,237.0
2025-11-01,10919,Starter,3,237.0
2025-12-01,10919,Starter,3,237.0
2026-01-01,10920,Starter,5,395.0
2026-02-01,10920,Starter,5,395.0
2026-03-01,10920,Starter,5,395.0
2026-04-01,10920,Starter,5,395.0
2026-05-01,10920,Starter,5,395.0
2026-06-01,10920,Starter,5,395.0
2026-07-01,10920,Starter,5,395.0
2026-08-01,10920,Starter,6,474.0
2026-06-01,10921,Starter,4,316.0
2026-07-01,10921,Starter,4,316.0
2026-08-01,10921,Starter,4,316.0
2025-12-01,10922,Pro,4,796.0
2026-01-01,10922,Pro,4,796.0
2026-02-01,10922,Pro,4,796.0
2026-03-01,10922,Pro,4,796.0
2026-04-01,10922,Pro,4,796.0
2026-05-01,10922,Pro,4,796.0
2026-06-01,10922,Pro,4,796.0
2026-07-01,10922,Pro,4,796.0
2026-08-01,10922,Pro,4,796.0
2025-09-01,10923,Business,21,10479.0
2025-10-01,10923,Business,21,10479.0
2025-11-01,10923,Business,22,10978.0
2025-12-01,10923,Business,22,10978.0
2026-01-01,10923,Business,22,10978.0
2026-02-01,10923,Business,23,11477.000000000002
2026-03-01,10923,Business,23,11477.000000000002
2026-04-01,10923,Business,23,11477.000000000002
2026-05-01,10923,Business,24,11976.0
2026-06-01,10923,Business,24,11976.0
2026-07-01,10923,Business,24,11976.0
2026-08-01,10923,Business,24,11976.0
2025-03-01,10924,Business,28,13972.0
2025-04-01,10924,Business,28,13972.0
2025-05-01,10924,Business,29,14471.000000000002
2025-06-01,10924,Business,29,14471.000000000002
2025-07-01,10924,Business,30,14970.0
2025-08-01,10924,Business,30,14970.0
2025-09-01,10924,Business,31,15469.0
2025-10-01,10924,Business,31,15469.0
2025-11-01,10924,Business,31,15469.0
2025-12-01,10924,Business,32,15968.0
2026-01-01,10924,Business,32,15968.0
2026-02-01,10924,Business,33,16467.0
2026-03-01,10924,Business,33,16467.0
2026-04-01,10924,Business,33,16467.0
2026-05-01,10924,Business,33,16467.0
2026-06-01,10924,Business,33,16467.0
2026-07-01,10924,Business,33,16467.0
2026-08-01,10924,Business,33,16467.0
2025-05-01,10925,Pro,7,1393.0
2025-06-01,10925,Pro,7,1393.0
2025-07-01,10925,Pro,7,1393.0
2025-08-01,10925,Pro,7,1393.0
2025-09-01,10925,Pro,7,1393.0
2025-10-01,10925,Pro,8,1592.0
2025-11-01,10925,Pro,8,1592.0
2025-12-01,10925,Pro,8,1592.0
2026-01-01,10925,Pro,8,1592.0
2026-02-01,10925,Pro,8,1592.0
2026-03-01,10925,Pro,8,1592.0
2026-04-01,10925,Pro,8,1592.0
2026-05-01,10925,Pro,8,1592.0
2026-06-01,10925,Pro,8,1592.0
2026-07-01,10925,Pro,8,1592.0
2026-08-01,10925,Pro,8,1592.0
2026-07-01,10926,Starter,4,316.0
2026-08-01,10926,Starter,4,316.0
2025-11-01,10927,Starter,2,158.0
2025-12-01,10927,Starter,2,158.0
2026-01-01,10927,Starter,2,158.0
2026-02-01,10927,Starter,2,158.0
2026-03-01,10927,Starter,2,158.0
2026-04-01,10927,Starter,2,158.0
2026-05-01,10927,Starter,2,158.0
2026-06-01,10927,Starter,2,158.0
2026-07-01,10927,Starter,2,158.0
2026-08-01,10927,Starter,2,158.0
2025-06-01,10928,Pro,5,995.0
2025-07-01,10928,Pro,5,995.0
2025-08-01,10928,Pro,5,995.0
2025-09-01,10928,Pro,5,995.0
2025-10-01,10928,Pro,5,995.0
2025-11-01,10928,Pro,5,995.0
2025-12-01,10928,Pro,5,995.0
2026-01-01,10928,Pro,6,1194.0
2026-02-01,10928,Pro,6,1194.0
2026-03-01,10928,Pro,6,1194.0
2026-04-01,10928,Pro,6,1194.0
2026-05-01,10928,Pro,6,1194.0
2026-06-01,10928,Pro,6,1194.0
2026-07-01,10928,Pro,6,1194.0
2026-08-01,10928,Pro,6,1194.0
2025-09-01,10929,Starter,3,237.0
2025-10-01,10929,Starter,3,237.0
2025-11-01,10929,Starter,3,237.0
2025-12-01,10929,Starter,3,237.0
2026-01-01,10929,Starter,3,237.0
2026-02-01,10929,Starter,3,237.0
2026-03-01,10929,Starter,3,237.0
2026-04-01,10929,Starter,3,237.0
2026-05-01,10929,Starter,3,237.0
2026-06-01,10929,Starter,3,237.0
2026-07-01,10929,Starter,3,237.0
2025-12-01,10930,Starter,2,158.0
2026-01-01,10930,Starter,2,158.0
2026-02-01,10930,Starter,2,158.0
2026-03-01,10930,Starter,2,158.0
2026-04-01,10930,Starter,2,158.0
2026-05-01,10930,Starter,2,158.0
2026-06-01,10930,Starter,2,158.0
2026-07-01,10930,Starter,2,158.0
2026-08-01,10930,Starter,2,158.0
2025-11-01,10931,Starter,3,237.0
2025-12-01,10931,Starter,3,237.0
2026-01-01,10931,Starter,3,237.0
2026-02-01,10931,Starter,3,237.0
2026-03-01,10931,Starter,3,237.0
2026-04-01,10931,Starter,3,237.0
2026-05-01,10931,Starter,3,237.0
2026-06-01,10931,Starter,3,237.0
2026-07-01,10931,Starter,3,237.0
2026-08-01,10931,Starter,3,237.0
2026-02-01,10932,Starter,5,395.0
2026-03-01,10932,Starter,5,395.0
2026-04-01,10932,Starter,5,395.0
2026-05-01,10932,Starter,5,395.0
2026-06-01,10932,Starter,5,395.0
2026-07-01,10932,Starter,5,395.0
2026-08-01,10932,Starter,5,395.0
2025-06-01,10933,Pro,4,796.0
2025-07-01,10933,Pro,4,796.0
2025-08-01,10933,Pro,4,796.0
2025-09-01,10933,Pro,4,796.0
2025-10-01,10933,Pro,4,796.0
2025-11-01,10933,Pro,4,796.0
2025-12-01,10933,Pro,4,796.0
2026-01-01,10933,Pro,4,796.0
2026-02-01,10933,Pro,4,796.0
2026-03-01,10933,Pro,5,995.0
2026-04-01,10933,Pro,5,995.0
2026-05-01,10933,Pro,5,995.0
2026-06-01,10933,Pro,5,995.0
2026-07-01,10933,Pro,5,995.0
2026-08-01,10933,Pro,5,995.0
2026-01-01,10934,Pro,5,995.0
2026-02-01,10934,Pro,5,995.0
2026-03-01,10934,Pro,5,995.0
2026-04-01,10934,Pro,5,995.0
2025-09-01,10935,Starter,2,158.0
2025-10-01,10935,Starter,2,158.0
2025-11-01,10935,Starter,2,158.0
2025-12-01,10935,Starter,2,158.0
2026-01-01,10935,Starter,2,158.0
2026-02-01,10935,Starter,2,158.0
2026-03-01,10935,Starter,2,158.0
2026-04-01,10935,Starter,2,158.0
2026-05-01,10935,Starter,2,158.0
2026-06-01,10935,Starter,2,158.0
2026-07-01,10935,Starter,2,158.0
2026-08-01,10935,Starter,2,158.0
2026-07-01,10936,Pro,8,1592.0
2026-08-01,10936,Pro,8,1592.0
2025-04-01,10937,Business,16,7984.0
2025-05-01,10937,Business,16,7984.0
2025-06-01,10937,Business,16,7984.0
2025-07-01,10937,Business,17,8483.0
2025-08-01,10937,Business,17,8483.0
2025-09-01,10937,Business,17,8483.0
2025-10-01,10937,Business,17,8483.0
2025-11-01,10937,Business,18,8982.0
2025-12-01,10937,Business,18,8982.0
2026-01-01,10937,Business,18,8982.0
2026-02-01,10937,Business,18,8982.0
2026-03-01,10937,Business,19,9481.0
2026-04-01,10937,Business,19,9481.0
2026-05-01,10937,Business,19,9481.0
2026-06-01,10937,Business,19,9481.0
2026-07-01,10937,Business,19,9481.0
2026-08-01,10937,Business,19,9481.0
2025-03-01,10938,Business,29,14471.0
2025-04-01,10938,Business,29,14471.0
2025-05-01,10938,Business,30,14970.000000000002
2025-06-01,10938,Business,30,14970.000000000002
2025-07-01,10938,Business,31,15468.999999999998
2025-08-01,10938,Business,31,15468.999999999998
2025-09-01,10938,Business,32,15968.0
2025-10-01,10938,Business,32,15968.0
2025-11-01,10938,Business,32,15968.0
2025-12-01,10938,Business,33,16467.0
2026-01-01,10938,Business,33,16467.0
2026-02-01,10938,Business,34,16966.0
2026-03-01,10938,Business,34,16966.0
2026-04-01,10938,Business,34,16966.0
2026-05-01,10938,Business,34,16966.0
2026-06-01,10938,Business,34,16966.0
2026-07-01,10938,Business,34,16966.0
2026-08-01,10938,Business,34,16966.0
2025-10-01,10939,Business,25,12475.0
2025-11-01,10939,Business,25,12475.0
2025-12-01,10939,Business,26,12974.0
2026-01-01,10939,Business,26,12974.0
2026-02-01,10939,Business,26,12974.0
2026-03-01,10939,Business,27,13473.0
2026-04-01,10939,Business,27,13473.0
2026-05-01,10939,Business,28,13972.000000000002
2026-06-01,10939,Business,28,13972.000000000002
2026-07-01,10939,Business,28,13972.000000000002
2025-11-01,10940,Pro,10,1990.0
2025-12-01,10940,Pro,10,1990.0
2026-01-01,10940,Pro,10,1990.0
2026-02-01,10940,Pro,10,1990.0
2026-03-01,10940,Pro,11,2189.0
2026-04-01,10940,Pro,11,2189.0
2026-05-01,10940,Pro,11,2189.0
2026-06-01,10940,Pro,11,2189.0
2026-07-01,10940,Pro,11,2189.0
2026-08-01,10940,Pro,11,2189.0
2026-02-01,10941,Business,19,9481.0
2026-03-01,10941,Business,19,9481.0
2026-04-01,10941,Business,20,9980.0
2026-05-01,10941,Business,20,9980.0
2026-06-01,10941,Business,20,9980.0
2026-07-01,10941,Business,20,9980.0
2026-08-01,10941,Business,21,10479.000000000002
2025-08-01,10942,Starter,3,237.0
2025-09-01,10942,Starter,3,237.0
2025-10-01,10942,Starter,3,237.0
2025-11-01,10942,Starter,3,237.0
2025-12-01,10942,Starter,3,237.0
2026-01-01,10942,Starter,3,237.0
2026-02-01,10942,Starter,3,237.0
2026-03-01,10942,Starter,3,237.0
2026-04-01,10942,Starter,3,237.0
2026-05-01,10942,Starter,3,237.0
2026-06-01,10942,Starter,3,237.0
2026-07-01,10942,Starter,3,237.0
2026-08-01,10942,Starter,4,316.0
2026-07-01,10943,Starter,2,158.0
2026-08-01,10943,Starter,2,158.0
2025-10-01,10944,Starter,4,316.0
2025-11-01,10944,Starter,4,316.0
2025-12-01,10944,Starter,4,316.0
2026-01-01,10944,Starter,4,316.0
2026-02-01,10944,Starter,4,316.0
2026-03-01,10944,Starter,4,316.0
2026-04-01,10944,Starter,4,316.0
2026-05-01,10944,Starter,4,316.0
2026-06-01,10944,Starter,4,316.0
2026-07-01,10944,Starter,5,395.0
2026-08-01,10944,Starter,5,395.0
2025-03-01,10945,Pro,5,995.0
2025-04-01,10945,Pro,5,995.0
2025-05-01,10945,Pro,5,995.0
2025-06-01,10945,Pro,5,995.0
2025-07-01,10945,Pro,5,995.0
2025-08-01,10945,Pro,5,995.0
2025-09-01,10945,Pro,5,995.0
2025-10-01,10945,Pro,6,1194.0
2025-11-01,10945,Pro,6,1194.0
2025-12-01,10945,Pro,6,1194.0
2026-01-01,10945,Pro,6,1194.0
2026-02-01,10945,Pro,6,1194.0
2026-03-01,10945,Pro,6,1194.0
2026-04-01,10945,Pro,6,1194.0
2026-05-01,10945,Pro,6,1194.0
2026-06-01,10945,Pro,6,1194.0
2026-07-01,10945,Pro,6,1194.0
2026-08-01,10945,Pro,6,1194.0
2025-03-01,10946,Starter,4,316.0
2025-04-01,10946,Starter,4,316.0
2025-05-01,10946,Starter,4,316.0
2025-06-01,10946,Starter,4,316.0
2025-07-01,10946,Starter,4,316.0
2025-08-01,10946,Starter,4,316.0
2025-09-01,10946,Starter,4,316.0
2025-10-01,10946,Starter,4,316.0
2025-11-01,10946,Starter,4,316.0
2025-12-01,10946,Starter,5,395.0
2026-01-01,10946,Starter,5,395.0
2026-02-01,10946,Starter,5,395.0
2026-03-01,10946,Starter,5,395.0
2026-04-01,10946,Starter,5,395.0
2026-05-01,10946,Starter,5,395.0
2026-06-01,10946,Starter,5,395.0
2026-07-01,10946,Starter,5,395.0
2026-08-01,10946,Starter,5,395.0
2026-08-01,10947,Starter,5,395.0
2025-03-01,10948,Business,19,9481.0
2025-04-01,10948,Business,19,9481.0
2025-05-01,10948,Business,20,9980.0
2025-06-01,10948,Business,20,9980.0
2025-07-01,10948,Business,20,9980.0
2025-08-01,10948,Business,20,9980.0
2025-09-01,10948,Business,21,10479.000000000002
2025-10-01,10948,Business,21,10479.000000000002
2025-11-01,10948,Business,21,10479.000000000002
2025-12-01,10948,Business,22,10978.0
2026-01-01,10948,Business,22,10978.0
2026-02-01,10948,Business,22,10978.0
2026-03-01,10948,Business,22,10978.0
2026-04-01,10948,Business,22,10978.0
2026-05-01,10948,Business,22,10978.0
2026-06-01,10948,Business,22,10978.0
2026-07-01,10948,Business,22,10978.0
2026-08-01,10948,Business,22,10978.0
2026-07-01,10949,Starter,3,237.0
2026-08-01,10949,Starter,3,237.0
2025-06-01,10950,Starter,3,237.0
2025-07-01,10950,Starter,3,237.0
2025-08-01,10950,Starter,3,237.0
2025-09-01,10950,Starter,3,237.0
2025-10-01,10950,Starter,3,237.0
2025-11-01,10950,Starter,3,237.0
2025-12-01,10950,Starter,3,237.0
2026-01-01,10950,Starter,3,237.0
2026-02-01,10950,Starter,3,237.0
2026-03-01,10950,Starter,3,237.0
2026-04-01,10950,Starter,3,237.0
2026-05-01,10950,Starter,3,237.0
2026-06-01,10950,Starter,4,316.0
2026-07-01,10950,Starter,4,316.0
2026-08-01,10950,Starter,4,316.0
2025-02-01,10951,Starter,1,79.0
2025-03-01,10951,Starter,1,79.0
2025-04-01,10951,Starter,1,79.0
2025-05-01,10951,Starter,1,79.0
2025-06-01,10951,Starter,1,79.0
2025-07-01,10951,Starter,1,79.0
2025-08-01,10951,Starter,1,79.0
2025-09-01,10951,Starter,1,79.0
2025-10-01,10951,Starter,1,79.0
2025-11-01,10951,Starter,1,79.0
2025-12-01,10951,Starter,1,79.0
2026-01-01,10951,Starter,1,79.0
2026-02-01,10951,Starter,1,79.0
2026-03-01,10951,Starter,1,79.0
2026-04-01,10951,Starter,1,79.0
2026-05-01,10951,Starter,1,79.0
2026-06-01,10951,Starter,1,79.0
2026-07-01,10951,Starter,1,79.0
2026-08-01,10951,Starter,1,79.0
2025-07-01,10952,Pro,9,1791.0
2025-08-01,10952,Pro,9,1791.0
2025-09-01,10952,Pro,9,1791.0
2025-10-01,10952,Pro,9,1791.0
2025-11-01,10952,Pro,10,1990.0
2025-12-01,10952,Pro,10,1990.0
2026-01-01,10952,Pro,10,1990.0
2026-02-01,10952,Pro,10,1990.0
2026-03-01,10952,Pro,10,1990.0
2026-04-01,10952,Pro,10,1990.0
2026-05-01,10952,Pro,10,1990.0
2026-06-01,10952,Pro,10,1990.0
2026-07-01,10952,Pro,11,2189.0
2026-08-01,10952,Pro,11,2189.0
2026-01-01,10953,Starter,3,237.0
2026-02-01,10953,Starter,3,237.0
2026-03-01,10953,Starter,3,237.0
2026-04-01,10953,Starter,3,237.0
2026-05-01,10953,Starter,3,237.0
2026-06-01,10953,Starter,3,237.0
2026-07-01,10953,Starter,3,237.0
2026-08-01,10953,Starter,3,237.0
2025-09-01,10954,Starter,3,237.0
2025-10-01,10954,Starter,3,237.0
2025-11-01,10954,Starter,3,237.0
2025-12-01,10954,Starter,3,237.0
2026-01-01,10954,Starter,3,237.0
2026-02-01,10954,Starter,3,237.0
2026-03-01,10954,Starter,3,237.0
2026-04-01,10954,Starter,3,237.0
2026-05-01,10954,Starter,3,237.0
2026-06-01,10954,Starter,3,237.0
2026-07-01,10954,Starter,3,237.0
2026-08-01,10954,Starter,3,237.0
2026-04-01,10955,Starter,4,316.0
2026-05-01,10955,Starter,4,316.0
2026-06-01,10955,Starter,4,316.0
2026-07-01,10955,Starter,4,316.0
2026-01-01,10956,Business,18,8982.0
2026-02-01,10956,Business,18,8982.0
2026-03-01,10956,Business,19,9481.0
2026-04-01,10956,Business,19,9481.0
2026-05-01,10956,Business,19,9481.0
2026-06-01,10956,Business,19,9481.0
2026-07-01,10956,Business,20,9980.0
2026-08-01,10956,Business,20,9980.0
2025-08-01,10957,Business,12,5988.0
2025-09-01,10957,Business,12,5988.0
2025-10-01,10957,Business,12,5988.0
2025-11-01,10957,Business,13,6487.0
2025-12-01,10957,Business,13,6487.0
2026-01-01,10957,Business,13,6487.0
2026-02-01,10957,Business,13,6487.0
2026-03-01,10957,Business,13,6487.0
2026-04-01,10957,Business,13,6487.0
2026-05-01,10957,Business,14,6986.0
2026-06-01,10957,Business,14,6986.0
2026-07-01,10957,Business,14,6986.0
2026-08-01,10957,Business,14,6986.0
2026-01-01,10958,Pro,8,1592.0
2026-02-01,10958,Pro,8,1592.0
2026-03-01,10958,Pro,8,1592.0
2026-04-01,10958,Pro,8,1592.0
2026-05-01,10958,Pro,8,1592.0
2026-06-01,10958,Pro,9,1791.0
2026-07-01,10958,Pro,9,1791.0
2026-08-01,10958,Pro,9,1791.0
2026-08-01,10959,Pro,8,1592.0
2025-09-01,10960,Business,19,9481.0
2025-10-01,10960,Business,19,9481.0
2025-11-01,10960,Business,20,9980.0
2025-12-01,10960,Business,20,9980.0
2026-01-01,10960,Business,20,9980.0
2026-02-01,10960,Business,20,9980.0
2026-03-01,10960,Business,21,10479.000000000002
2026-04-01,10960,Business,21,10479.000000000002
2026-05-01,10960,Business,21,10479.000000000002
2026-06-01,10960,Business,22,10978.0
2026-07-01,10960,Business,22,10978.0
2026-08-01,10960,Business,22,10978.0
2025-04-01,10961,Enterprise,48,62352.0
2025-05-01,10961,Enterprise,49,63650.99999999999
2025-06-01,10961,Enterprise,49,63650.99999999999
2025-07-01,10961,Enterprise,50,64950.00000000001
2025-08-01,10961,Enterprise,51,66249.0
2025-09-01,10961,Enterprise,52,67548.0
2025-10-01,10961,Enterprise,52,67548.0
2025-11-01,10961,Enterprise,53,68847.0
2025-12-01,10961,Enterprise,54,70146.0
2026-01-01,10961,Enterprise,54,70146.0
2026-02-01,10961,Enterprise,55,71445.0
2026-03-01,10961,Enterprise,56,72744.0
2026-04-01,10961,Enterprise,57,74043.0
2026-05-01,10961,Enterprise,57,74043.0
2026-06-01,10961,Enterprise,57,74043.0
2026-07-01,10961,Enterprise,57,74043.0
2026-08-01,10961,Enterprise,57,74043.0
2025-09-01,10962,Pro,12,2388.0
2025-10-01,10962,Pro,12,2388.0
2025-11-01,10962,Pro,12,2388.0
2025-12-01,10962,Pro,13,2587.0
2026-01-01,10962,Pro,13,2587.0
2026-02-01,10962,Pro,13,2587.0
2026-03-01,10962,Pro,13,2587.0
2026-04-01,10962,Pro,13,2587.0
2026-05-01,10962,Pro,13,2587.0
2026-06-01,10962,Pro,14,2786.0
2026-07-01,10962,Pro,14,2786.0
2026-08-01,10962,Pro,14,2786.0
2026-05-01,10963,Business,12,5988.0
2026-06-01,10963,Business,12,5988.0
2026-07-01,10963,Business,12,5988.0
2026-08-01,10963,Business,13,6487.0
2025-05-01,10964,Business,19,9481.0
2025-06-01,10964,Business,19,9481.0
2025-07-01,10964,Business,20,9980.0
2025-08-01,10964,Business,20,9980.0
2025-09-01,10964,Business,20,9980.0
2025-10-01,10964,Business,20,9980.0
2025-11-01,10964,Business,21,10479.000000000002
2025-12-01,10964,Business,21,10479.000000000002
2026-01-01,10964,Business,21,10479.000000000002
2026-02-01,10964,Business,22,10978.0
2026-03-01,10964,Business,22,10978.0
2026-04-01,10964,Business,22,10978.0
2026-05-01,10964,Business,22,10978.0
2026-06-01,10964,Business,22,10978.0
2026-07-01,10964,Business,22,10978.0
2026-07-01,10965,Business,28,13972.0
2026-08-01,10965,Business,28,13972.0
2025-12-01,10966,Pro,4,796.0
2026-01-01,10966,Pro,4,796.0
2026-02-01,10966,Pro,4,796.0
2026-03-01,10966,Pro,4,796.0
2026-04-01,10966,Pro,4,796.0
2026-05-01,10966,Pro,4,796.0
2026-06-01,10966,Pro,4,796.0
2026-07-01,10966,Pro,4,796.0
2026-08-01,10966,Pro,4,796.0
2025-12-01,10967,Starter,3,237.0
2026-01-01,10967,Starter,3,237.0
2026-02-01,10967,Starter,3,237.0
2026-03-01,10967,Starter,3,237.0
2026-04-01,10967,Starter,3,237.0
2026-05-01,10967,Starter,3,237.0
2026-06-01,10967,Starter,3,237.0
2026-07-01,10967,Starter,3,237.0
2026-08-01,10967,Starter,3,237.0
2025-07-01,10968,Starter,2,158.0
2025-08-01,10968,Starter,2,158.0
2025-09-01,10968,Starter,2,158.0
2025-10-01,10968,Starter,2,158.0
2025-11-01,10968,Starter,2,158.0
2025-12-01,10968,Starter,2,158.0
2026-01-01,10968,Starter,2,158.0
2026-02-01,10968,Starter,2,158.0
2026-03-01,10968,Starter,2,158.0
2026-04-01,10968,Starter,2,158.0
2026-05-01,10968,Starter,2,158.0
2026-06-01,10968,Starter,2,158.0
2026-07-01,10968,Starter,2,158.0
2026-08-01,10968,Starter,2,158.0
2026-07-01,10969,Pro,7,1393.0
2026-08-01,10969,Pro,7,1393.0
2025-01-01,10970,Pro,6,1194.0
2025-02-01,10970,Pro,6,1194.0
2025-03-01,10970,Pro,6,1194.0
2025-04-01,10970,Pro,6,1194.0
2025-05-01,10970,Pro,6,1194.0
2025-06-01,10970,Pro,6,1194.0
2025-07-01,10970,Pro,7,1393.0
2025-08-01,10970,Pro,7,1393.0
2025-09-01,10970,Pro,7,1393.0
2025-10-01,10970,Pro,7,1393.0
2025-11-01,10970,Pro,7,1393.0
2025-12-01,10970,Pro,7,1393.0
2026-01-01,10970,Pro,7,1393.0
2026-02-01,10970,Pro,7,1393.0
2026-03-01,10970,Pro,7,1393.0
2026-04-01,10970,Pro,7,1393.0
2026-05-01,10970,Pro,7,1393.0
2026-06-01,10970,Pro,7,1393.0
2026-07-01,10970,Pro,7,1393.0
2026-08-01,10970,Pro,7,1393.0
2025-06-01,10971,Starter,3,237.0
2025-07-01,10971,Starter,3,237.0
2025-08-01,10971,Starter,3,237.0
2025-09-01,10971,Starter,3,237.0
2025-10-01,10971,Starter,3,237.0
2025-11-01,10971,Starter,3,237.0
2025-12-01,10971,Starter,3,237.0
2026-01-01,10971,Starter,3,237.0
2026-02-01,10971,Starter,3,237.0
2026-03-01,10971,Starter,3,237.0
2026-04-01,10971,Starter,3,237.0
2026-05-01,10971,Starter,3,237.0
2026-06-01,10971,Starter,4,316.0
2026-07-01,10971,Starter,4,316.0
2026-08-01,10971,Starter,4,316.0
2025-09-01,10972,Pro,15,2985.0
2025-10-01,10972,Pro,15,2985.0
2025-11-01,10972,Pro,15,2985.0
2025-12-01,10972,Pro,16,3184.0
2026-01-01,10972,Pro,16,3184.0
2026-02-01,10972,Pro,16,3184.0
2026-03-01,10972,Pro,16,3184.0
2026-04-01,10972,Pro,17,3383.0
2026-05-01,10972,Pro,17,3383.0
2026-06-01,10972,Pro,17,3383.0
2026-07-01,10972,Pro,17,3383.0
2026-08-01,10972,Pro,17,3383.0
2025-10-01,10973,Pro,5,995.0
2025-11-01,10973,Pro,5,995.0
2025-12-01,10973,Pro,5,995.0
2026-01-01,10973,Pro,5,995.0
2026-02-01,10973,Pro,5,995.0
2026-03-01,10973,Pro,5,995.0
2026-04-01,10973,Pro,5,995.0
2026-05-01,10973,Pro,6,1194.0
2026-06-01,10973,Pro,6,1194.0
2026-07-01,10973,Pro,6,1194.0
2026-08-01,10973,Pro,6,1194.0
2025-10-01,10974,Business,12,5988.0
2025-11-01,10974,Business,12,5988.0
2025-12-01,10974,Business,12,5988.0
2026-01-01,10974,Business,13,6487.0
2026-02-01,10974,Business,13,6487.0
2026-03-01,10974,Business,13,6487.0
2026-04-01,10974,Business,13,6487.0
2026-05-01,10974,Business,13,6487.0
2026-06-01,10974,Business,13,6487.0
2026-07-01,10974,Business,14,6986.0
2026-08-01,10974,Business,14,6986.0
2025-03-01,10975,Starter,2,158.0
2025-04-01,10975,Starter,2,158.0
2025-05-01,10975,Starter,2,158.0
2025-06-01,10975,Starter,2,158.0
2025-07-01,10975,Starter,2,158.0
2025-08-01,10975,Starter,2,158.0
2025-09-01,10975,Starter,2,158.0
2025-10-01,10975,Starter,2,158.0
2025-11-01,10975,Starter,2,158.0
2025-12-01,10975,Starter,2,158.0
2026-01-01,10975,Starter,2,158.0
2026-02-01,10975,Starter,2,158.0
2026-03-01,10975,Starter,2,158.0
2026-04-01,10975,Starter,2,158.0
2026-05-01,10975,Starter,2,158.0
2026-06-01,10975,Starter,2,158.0
2026-07-01,10975,Starter,2,158.0
2026-08-01,10975,Starter,2,158.0
2025-05-01,10976,Starter,5,395.0
2025-06-01,10976,Starter,5,395.0
2025-07-01,10976,Starter,5,395.0
2025-08-01,10976,Starter,5,395.0
2025-09-01,10976,Starter,5,395.0
2025-10-01,10976,Starter,5,395.0
2025-11-01,10976,Starter,5,395.0
2025-12-01,10976,Starter,6,474.0
2026-01-01,10976,Starter,6,474.0
2026-02-01,10976,Starter,6,474.0
2026-03-01,10976,Starter,6,474.0
2026-04-01,10976,Starter,6,474.0
2026-05-01,10976,Starter,6,474.0
2026-06-01,10976,Starter,6,474.0
2026-07-01,10976,Starter,6,474.0
2026-08-01,10976,Starter,6,474.0
2025-02-01,10977,Business,15,7485.0
2025-03-01,10977,Business,15,7485.0
2025-04-01,10977,Business,15,7485.0
2025-05-01,10977,Business,16,7984.0
2025-06-01,10977,Business,16,7984.0
2025-07-01,10977,Business,16,7984.0
2025-08-01,10977,Business,16,7984.0
2025-09-01,10977,Business,17,8483.0
2025-10-01,10977,Business,17,8483.0
2025-11-01,10977,Business,17,8483.0
2025-12-01,10977,Business,17,8483.0
2026-01-01,10977,Business,17,8483.0
2026-02-01,10977,Business,18,8982.0
2026-03-01,10977,Business,18,8982.0
2026-04-01,10977,Business,18,8982.0
2026-05-01,10977,Business,18,8982.0
2026-06-01,10977,Business,18,8982.0
2026-07-01,10977,Business,18,8982.0
2026-08-01,10977,Business,18,8982.0
2025-12-01,10978,Business,18,8982.0
2026-01-01,10978,Business,18,8982.0
2026-02-01,10978,Business,19,9481.0
2026-03-01,10978,Business,19,9481.0
2026-04-01,10978,Business,19,9481.0
2026-05-01,10978,Business,19,9481.0
2026-06-01,10978,Business,20,9980.0
2026-07-01,10978,Business,20,9980.0
2026-08-01,10978,Business,20,9980.0
2025-07-01,10979,Enterprise,39,50661.0
2025-08-01,10979,Enterprise,40,51959.99999999999
2025-09-01,10979,Enterprise,40,51959.99999999999
2025-10-01,10979,Enterprise,41,53259.0
2025-11-01,10979,Enterprise,41,53259.0
2025-12-01,10979,Enterprise,42,54558.0
2026-01-01,10979,Enterprise,43,55857.00000000001
2025-12-01,10980,Business,13,6487.0
2026-01-01,10980,Business,13,6487.0
2026-02-01,10980,Business,13,6487.0
2026-03-01,10980,Business,14,6986.0
2026-04-01,10980,Business,14,6986.0
2026-05-01,10980,Business,14,6986.0
2026-06-01,10980,Business,14,6986.0
2026-07-01,10980,Business,14,6986.0
2026-08-01,10980,Business,15,7484.999999999999
2025-12-01,10981,Business,17,8483.0
2026-01-01,10981,Business,17,8483.0
2026-02-01,10981,Business,18,8982.0
2026-03-01,10981,Business,18,8982.0
2026-04-01,10981,Business,18,8982.0
2026-05-01,10981,Business,18,8982.0
2026-06-01,10981,Business,19,9481.0
2026-07-01,10981,Business,19,9481.0
2026-08-01,10981,Business,19,9481.0
2026-02-01,10982,Starter,7,553.0
2026-03-01,10982,Starter,7,553.0
2026-04-01,10982,Starter,7,553.0
2026-05-01,10982,Starter,7,553.0
2026-06-01,10982,Starter,7,553.0
2026-07-01,10982,Starter,8,632.0
2026-08-01,10982,Starter,8,632.0
2025-11-01,10983,Starter,5,395.0
2025-12-01,10983,Starter,5,395.0
2026-01-01,10983,Starter,5,395.0
2026-02-01,10983,Starter,5,395.0
2026-03-01,10983,Starter,5,395.0
2026-04-01,10983,Starter,5,395.0
2026-05-01,10983,Starter,5,395.0
2026-06-01,10983,Starter,6,474.0
2026-07-01,10983,Starter,6,474.0
2026-08-01,10983,Starter,6,474.0
2026-01-01,10984,Starter,2,158.0
2026-02-01,10984,Starter,2,158.0
2026-03-01,10984,Starter,2,158.0
2026-04-01,10984,Starter,2,158.0
2026-05-01,10984,Starter,2,158.0
2026-06-01,10984,Starter,2,158.0
2026-07-01,10984,Starter,2,158.0
2026-08-01,10984,Starter,2,158.0
2025-12-01,10985,Pro,10,1990.0
2026-01-01,10985,Pro,10,1990.0
2026-02-01,10985,Pro,10,1990.0
2026-03-01,10985,Pro,10,1990.0
2026-04-01,10985,Pro,11,2189.0
2026-05-01,10985,Pro,11,2189.0
2026-06-01,10985,Pro,11,2189.0
2026-07-01,10985,Pro,11,2189.0
2026-08-01,10985,Pro,11,2189.0
2026-01-01,10986,Business,13,6487.0
2026-02-01,10986,Business,13,6487.0
2026-03-01,10986,Business,13,6487.0
2026-04-01,10986,Business,14,6986.0
2026-05-01,10986,Business,14,6986.0
2026-06-01,10986,Business,14,6986.0
2026-07-01,10986,Business,14,6986.0
2026-08-01,10986,Business,14,6986.0
2026-01-01,10987,Starter,2,158.0
2026-02-01,10987,Starter,2,158.0
2026-03-01,10987,Starter,2,158.0
2026-04-01,10987,Starter,2,158.0
2026-05-01,10987,Starter,2,158.0
2026-06-01,10987,Starter,2,158.0
2025-07-01,10988,Pro,11,2189.0
2025-08-01,10988,Pro,11,2189.0
2025-09-01,10988,Pro,11,2189.0
2025-10-01,10988,Pro,11,2189.0
2025-11-01,10988,Pro,12,2388.0
2025-12-01,10988,Pro,12,2388.0
2026-01-01,10988,Pro,12,2388.0
2026-02-01,10988,Pro,12,2388.0
2026-03-01,10988,Pro,12,2388.0
2026-04-01,10988,Pro,12,2388.0
2026-05-01,10988,Pro,13,2587.0
2026-06-01,10988,Pro,13,2587.0
2026-07-01,10988,Pro,13,2587.0
2026-08-01,10988,Pro,13,2587.0
2025-05-01,10989,Starter,5,395.0
2025-06-01,10989,Starter,5,395.0
2025-07-01,10989,Starter,5,395.0
2025-08-01,10989,Starter,5,395.0
2025-09-01,10989,Starter,5,395.0
2025-10-01,10989,Starter,5,395.0
2025-11-01,10989,Starter,5,395.0
2025-12-01,10989,Starter,6,474.0
2026-01-01,10989,Starter,6,474.0
2026-02-01,10989,Starter,6,474.0
2026-03-01,10989,Starter,6,474.0
2026-04-01,10989,Starter,6,474.0
2026-05-01,10989,Starter,6,474.0
2026-06-01,10989,Starter,6,474.0
2026-07-01,10989,Starter,6,474.0
2026-08-01,10989,Starter,6,474.0
2026-04-01,10990,Starter,4,316.0
2026-05-01,10990,Starter,4,316.0
2026-06-01,10990,Starter,4,316.0
2026-07-01,10990,Starter,4,316.0
2026-08-01,10990,Starter,4,316.0
2025-07-01,10991,Starter,3,237.0
2025-08-01,10991,Starter,3,237.0
2025-09-01,10991,Starter,3,237.0
2025-10-01,10991,Starter,3,237.0
2025-11-01,10991,Starter,3,237.0
2025-12-01,10991,Starter,3,237.0
2026-01-01,10991,Starter,3,237.0
2026-02-01,10991,Starter,3,237.0
2026-03-01,10991,Starter,3,237.0
2026-04-01,10991,Starter,3,237.0
2026-05-01,10991,Starter,3,237.0
2026-06-01,10991,Starter,3,237.0
2026-07-01,10991,Starter,4,316.0
2026-08-01,10991,Starter,4,316.0
2025-11-01,10992,Starter,3,237.0
2025-12-01,10992,Starter,3,237.0
2026-01-01,10992,Starter,3,237.0
2026-02-01,10992,Starter,3,237.0
2026-03-01,10992,Starter,3,237.0
2026-04-01,10992,Starter,3,237.0
2026-05-01,10992,Starter,3,237.0
2026-06-01,10992,Starter,3,237.0
2026-07-01,10992,Starter,3,237.0
2026-08-01,10992,Starter,3,237.0
2025-04-01,10993,Enterprise,59,76641.0
2025-05-01,10993,Enterprise,60,77940.0
2025-06-01,10993,Enterprise,61,79239.0
2025-07-01,10993,Enterprise,62,80538.0
2025-08-01,10993,Enterprise,63,81837.0
2025-09-01,10993,Enterprise,63,81837.0
2025-10-01,10993,Enterprise,64,83136.0
2025-11-01,10993,Enterprise,65,84435.0
2025-12-01,10993,Enterprise,66,85734.0
2026-01-01,10993,Enterprise,67,87033.0
2026-02-01,10993,Enterprise,68,88332.0
2026-03-01,10993,Enterprise,69,89631.0
2026-04-01,10993,Enterprise,70,90930.0
2026-05-01,10993,Enterprise,70,90930.0
2026-06-01,10993,Enterprise,70,90930.0
2026-07-01,10993,Enterprise,70,90930.0
2026-08-01,10993,Enterprise,70,90930.0
2025-09-01,10994,Starter,3,237.0
2025-10-01,10994,Starter,3,237.0
2025-11-01,10994,Starter,3,237.0
2025-12-01,10994,Starter,3,237.0
2026-01-01,10994,Starter,3,237.0
2026-02-01,10994,Starter,3,237.0
2026-03-01,10994,Starter,3,237.0
2026-04-01,10994,Starter,3,237.0
2026-05-01,10994,Starter,3,237.0
2026-06-01,10994,Starter,3,237.0
2026-07-01,10994,Starter,3,237.0
2026-08-01,10994,Starter,3,237.0
2025-11-01,10995,Business,16,7984.0
2025-12-01,10995,Business,16,7984.0
2026-01-01,10995,Business,16,7984.0
2026-02-01,10995,Business,17,8483.0
2026-03-01,10995,Business,17,8483.0
2026-04-01,10995,Business,17,8483.0
2026-05-01,10995,Business,17,8483.0
2026-06-01,10995,Business,18,8982.0
2026-07-01,10995,Business,18,8982.0
2026-08-01,10995,Business,18,8982.0
2026-01-01,10996,Pro,5,995.0
2026-02-01,10996,Pro,5,995.0
2026-03-01,10996,Pro,5,995.0
2026-04-01,10996,Pro,5,995.0
2026-05-01,10996,Pro,5,995.0
2026-06-01,10996,Pro,5,995.0
2026-07-01,10996,Pro,5,995.0
2026-08-01,10996,Pro,6,1194.0
2025-11-01,10997,Starter,3,237.0
2025-12-01,10997,Starter,3,237.0
2026-01-01,10997,Starter,3,237.0
2026-02-01,10997,Starter,3,237.0
2026-03-01,10997,Starter,3,237.0
2026-04-01,10997,Starter,3,237.0
2026-05-01,10997,Starter,3,237.0
2026-06-01,10997,Starter,3,237.0
2026-07-01,10997,Starter,3,237.0
2026-08-01,10997,Starter,3,237.0
2025-08-01,10998,Starter,4,316.0
2025-09-01,10998,Starter,4,316.0
2025-10-01,10998,Starter,4,316.0
2025-11-01,10998,Starter,4,316.0
2025-12-01,10998,Starter,4,316.0
2026-01-01,10998,Starter,4,316.0
2026-02-01,10998,Starter,4,316.0
2026-03-01,10998,Starter,4,316.0
2026-04-01,10998,Starter,4,316.0
2026-05-01,10998,Starter,5,395.0
2026-06-01,10998,Starter,5,395.0
2026-07-01,10998,Starter,5,395.0
2026-08-01,10998,Starter,5,395.0
2026-08-01,10999,Business,12,5988.0
2025-11-01,11000,Starter,4,316.0
2025-12-01,11000,Starter,4,316.0
2026-01-01,11000,Starter,4,316.0
2026-02-01,11000,Starter,4,316.0
2026-04-01,11001,Business,20,9980.0
2026-05-01,11001,Business,20,9980.0
2026-06-01,11001,Business,21,10479.0
2026-07-01,11001,Business,21,10479.0
2026-08-01,11001,Business,21,10479.0
2026-03-01,11002,Starter,4,316.0
2026-04-01,11002,Starter,4,316.0
2026-05-01,11002,Starter,4,316.0
2026-06-01,11002,Starter,4,316.0
2026-07-01,11002,Starter,4,316.0
2026-08-01,11002,Starter,4,316.0
2025-12-01,11003,Pro,11,2189.0
2026-01-01,11003,Pro,11,2189.0
2026-02-01,11003,Pro,11,2189.0
2026-03-01,11003,Pro,11,2189.0
2026-04-01,11003,Pro,12,2388.0
2026-05-01,11003,Pro,12,2388.0
2026-06-01,11003,Pro,12,2388.0
2026-07-01,11003,Pro,12,2388.0
2026-08-01,11003,Pro,12,2388.0
2026-06-01,11004,Business,14,6986.0
2026-07-01,11004,Business,14,6986.0
2026-08-01,11004,Business,14,6986.0
2025-03-01,11005,Starter,2,158.0
2025-04-01,11005,Starter,2,158.0
2025-05-01,11005,Starter,2,158.0
2025-06-01,11005,Starter,2,158.0
2025-07-01,11005,Starter,2,158.0
2025-08-01,11005,Starter,2,158.0
2025-09-01,11005,Starter,2,158.0
2025-10-01,11005,Starter,2,158.0
2025-11-01,11005,Starter,2,158.0
2025-12-01,11005,Starter,2,158.0
2026-01-01,11005,Starter,2,158.0
2026-02-01,11005,Starter,2,158.0
2026-03-01,11005,Starter,2,158.0
2026-04-01,11005,Starter,2,158.0
2026-05-01,11005,Starter,2,158.0
2026-06-01,11005,Starter,2,158.0
2026-07-01,11005,Starter,2,158.0
2026-08-01,11005,Starter,2,158.0
2026-07-01,11006,Starter,2,158.0
2026-08-01,11006,Starter,2,158.0
2026-05-01,11007,Enterprise,61,79239.0
2026-06-01,11007,Enterprise,62,80538.0
2026-07-01,11007,Enterprise,63,81837.0
2026-08-01,11007,Enterprise,64,83136.0
2025-10-01,11008,Starter,2,158.0
2025-11-01,11008,Starter,2,158.0
2025-12-01,11008,Starter,2,158.0
2026-01-01,11008,Starter,2,158.0
2026-02-01,11008,Starter,2,158.0
2026-03-01,11008,Starter,2,158.0
2026-04-01,11008,Starter,2,158.0
2026-05-01,11008,Starter,2,158.0
2026-06-01,11008,Starter,2,158.0
2026-07-01,11008,Starter,2,158.0
2026-08-01,11008,Starter,2,158.0
2026-03-01,11009,Pro,6,1194.0
2026-04-01,11009,Pro,6,1194.0
2026-05-01,11009,Pro,6,1194.0
2026-06-01,11009,Pro,6,1194.0
2026-07-01,11009,Pro,6,1194.0
2026-08-01,11009,Pro,6,1194.0
2025-11-01,11010,Pro,4,796.0
2025-12-01,11010,Pro,4,796.0
2026-01-01,11010,Pro,4,796.0
2026-02-01,11010,Pro,4,796.0
2026-03-01,11010,Pro,4,796.0
2026-04-01,11010,Pro,4,796.0
2026-05-01,11010,Pro,4,796.0
2026-06-01,11010,Pro,4,796.0
2026-07-01,11010,Pro,4,796.0
2026-08-01,11010,Pro,5,995.0
2025-06-01,11011,Starter,6,474.0
2025-07-01,11011,Starter,6,474.0
2025-08-01,11011,Starter,6,474.0
2025-09-01,11011,Starter,6,474.0
2025-10-01,11011,Starter,6,474.0
2025-11-01,11011,Starter,6,474.0
2025-12-01,11011,Starter,7,553.0
2026-01-01,11011,Starter,7,553.0
2026-02-01,11011,Starter,7,553.0
2026-03-01,11011,Starter,7,553.0
2026-04-01,11011,Starter,7,553.0
2026-05-01,11011,Starter,7,553.0
2026-06-01,11011,Starter,7,553.0
2026-07-01,11011,Starter,7,553.0
2026-08-01,11011,Starter,7,553.0
2026-04-01,11012,Business,24,11976.0
2026-05-01,11012,Business,24,11976.0
2026-06-01,11012,Business,25,12475.0
2026-07-01,11012,Business,25,12475.0
2026-08-01,11012,Business,25,12475.0
2025-05-01,11013,Business,24,11976.0
2025-06-01,11013,Business,24,11976.0
2025-07-01,11013,Business,25,12475.0
2025-08-01,11013,Business,25,12475.0
2025-09-01,11013,Business,25,12475.0
2025-10-01,11013,Business,26,12974.0
2025-11-01,11013,Business,26,12974.0
2025-12-01,11013,Business,27,13473.0
2026-01-01,11013,Business,27,13473.0
2026-02-01,11013,Business,27,13473.0
2026-03-01,11013,Business,28,13972.0
2026-04-01,11013,Business,28,13972.0
2026-05-01,11013,Business,28,13972.0
2026-06-01,11013,Business,28,13972.0
2026-07-01,11013,Business,28,13972.0
2026-08-01,11013,Business,28,13972.0
2025-07-01,11014,Starter,4,316.0
2025-08-01,11014,Starter,4,316.0
2025-09-01,11014,Starter,4,316.0
2025-10-01,11014,Starter,4,316.0
2025-11-01,11014,Starter,4,316.0
2025-12-01,11014,Starter,4,316.0
2026-01-01,11014,Starter,4,316.0
2026-02-01,11014,Starter,4,316.0
2026-03-01,11014,Starter,4,316.0
2026-04-01,11014,Starter,5,395.0
2026-05-01,11014,Starter,5,395.0
2026-06-01,11014,Starter,5,395.0
2026-07-01,11014,Starter,5,395.0
2026-08-01,11014,Starter,5,395.0
2025-11-01,11015,Business,22,10978.0
2025-12-01,11015,Business,22,10978.0
2026-01-01,11015,Business,23,11477.0
2026-02-01,11015,Business,23,11477.0
2026-03-01,11015,Business,23,11477.0
2026-04-01,11015,Business,24,11976.0
2026-05-01,11015,Business,24,11976.0
2026-06-01,11015,Business,24,11976.0
2026-07-01,11015,Business,25,12475.000000000002
2026-08-01,11015,Business,25,12475.000000000002
2026-05-01,11016,Starter,3,237.0
2026-06-01,11016,Starter,3,237.0
2026-07-01,11016,Starter,3,237.0
2026-08-01,11016,Starter,3,237.0
2025-08-01,11017,Starter,3,237.0
2025-09-01,11017,Starter,3,237.0
2025-10-01,11017,Starter,3,237.0
2025-11-01,11017,Starter,3,237.0
2025-12-01,11017,Starter,3,237.0
2026-01-01,11017,Starter,3,237.0
2026-02-01,11017,Starter,3,237.0
2026-03-01,11017,Starter,3,237.0
2026-04-01,11017,Starter,3,237.0
2026-05-01,11017,Starter,3,237.0
2026-06-01,11017,Starter,3,237.0
2026-07-01,11017,Starter,3,237.0
2026-08-01,11017,Starter,4,316.0
2025-10-01,11018,Pro,7,1393.0
2025-11-01,11018,Pro,7,1393.0
2025-12-01,11018,Pro,7,1393.0
2026-01-01,11018,Pro,7,1393.0
2026-02-01,11018,Pro,7,1393.0
2026-03-01,11018,Pro,8,1592.0
2026-04-01,11018,Pro,8,1592.0
2026-05-01,11018,Pro,8,1592.0
2026-06-01,11018,Pro,8,1592.0
2026-07-01,11018,Pro,8,1592.0
2026-08-01,11018,Pro,8,1592.0
2025-01-01,11019,Enterprise,113,146787.0
2025-02-01,11019,Enterprise,115,149385.0
2025-03-01,11019,Enterprise,116,150684.0
2025-04-01,11019,Enterprise,118,153282.0
2025-05-01,11019,Enterprise,120,155880.0
2025-06-01,11019,Enterprise,121,157179.00000000003
2025-07-01,11019,Enterprise,123,159777.0
2025-08-01,11019,Enterprise,125,162375.0
2025-09-01,11019,Enterprise,127,164973.0
2025-10-01,11019,Enterprise,128,166272.0
2025-11-01,11019,Enterprise,130,168870.0
2025-12-01,11019,Enterprise,132,171468.0
2026-01-01,11019,Enterprise,133,172767.0
2026-02-01,11019,Enterprise,133,172767.0
2026-03-01,11019,Enterprise,133,172767.0
2026-04-01,11019,Enterprise,133,172767.0
2026-05-01,11019,Enterprise,133,172767.0
2026-06-01,11019,Enterprise,133,172767.0
2026-07-01,11019,Enterprise,133,172767.0
2026-08-01,11019,Enterprise,133,172767.0
2025-03-01,11020,Starter,4,316.0
2025-04-01,11020,Starter,4,316.0
2025-05-01,11020,Starter,4,316.0
2025-06-01,11020,Starter,4,316.0
2025-07-01,11020,Starter,4,316.0
2025-08-01,11020,Starter,4,316.0
2025-09-01,11020,Starter,4,316.0
2025-10-01,11020,Starter,4,316.0
2025-11-01,11020,Starter,4,316.0
2025-12-01,11020,Starter,5,395.0
2026-01-01,11020,Starter,5,395.0
2026-02-01,11020,Starter,5,395.0
2026-03-01,11020,Starter,5,395.0
2026-04-01,11020,Starter,5,395.0
2026-05-01,11020,Starter,5,395.0
2026-06-01,11020,Starter,5,395.0
2026-07-01,11020,Starter,5,395.0
2026-08-01,11020,Starter,5,395.0
2025-02-01,11021,Starter,3,237.0
2025-03-01,11021,Starter,3,237.0
2025-04-01,11021,Starter,3,237.0
2025-05-01,11021,Starter,3,237.0
2025-02-01,11022,Pro,9,1791.0
2025-03-01,11022,Pro,9,1791.0
2025-04-01,11022,Pro,9,1791.0
2025-05-01,11022,Pro,9,1791.0
2025-06-01,11022,Pro,10,1990.0
2025-07-01,11022,Pro,10,1990.0
2025-08-01,11022,Pro,10,1990.0
2025-09-01,11022,Pro,10,1990.0
2025-10-01,11022,Pro,10,1990.0
2025-11-01,11022,Pro,10,1990.0
2025-12-01,11022,Pro,10,1990.0
2026-01-01,11022,Pro,10,1990.0
2026-02-01,11022,Pro,11,2189.0
2026-03-01,11022,Pro,11,2189.0
2026-04-01,11022,Pro,11,2189.0
2026-05-01,11022,Pro,11,2189.0
2026-06-01,11022,Pro,11,2189.0
2026-07-01,11022,Pro,11,2189.0
2026-08-01,11022,Pro,11,2189.0
2026-06-01,11023,Business,13,6487.0
2026-07-01,11023,Business,13,6487.0
2026-08-01,11023,Business,13,6487.0
2026-05-01,11024,Starter,5,395.0
2026-06-01,11024,Starter,5,395.0
2026-07-01,11024,Starter,5,395.0
2026-08-01,11024,Starter,5,395.0
2026-05-01,11025,Starter,2,158.0
2026-06-01,11025,Starter,2,158.0
2026-07-01,11025,Starter,2,158.0
2026-08-01,11025,Starter,2,158.0
2025-02-01,11026,Business,21,10479.0
2025-03-01,11026,Business,21,10479.0
2025-04-01,11026,Business,22,10978.0
2025-05-01,11026,Business,22,10978.0
2025-06-01,11026,Business,22,10978.0
2025-07-01,11026,Business,23,11477.000000000002
2025-08-01,11026,Business,23,11477.000000000002
2025-09-01,11026,Business,23,11477.000000000002
2025-10-01,11026,Business,24,11976.0
2025-11-01,11026,Business,24,11976.0
2025-12-01,11026,Business,24,11976.0
2026-01-01,11026,Business,24,11976.0
2026-02-01,11026,Business,25,12475.0
2026-03-01,11026,Business,25,12475.0
2026-04-01,11026,Business,25,12475.0
2026-05-01,11026,Business,25,12475.0
2026-06-01,11026,Business,25,12475.0
2026-07-01,11026,Business,25,12475.0
2026-08-01,11026,Business,25,12475.0
2025-02-01,11027,Starter,4,316.0
2025-03-01,11027,Starter,4,316.0
2025-04-01,11027,Starter,4,316.0
2025-05-01,11027,Starter,4,316.0
2025-06-01,11027,Starter,4,316.0
2025-07-01,11027,Starter,4,316.0
2025-08-01,11027,Starter,4,316.0
2025-09-01,11027,Starter,4,316.0
2025-10-01,11027,Starter,4,316.0
2025-11-01,11027,Starter,5,395.0
2025-12-01,11027,Starter,5,395.0
2026-01-01,11027,Starter,5,395.0
2026-02-01,11027,Starter,5,395.0
2026-03-01,11027,Starter,5,395.0
2026-04-01,11027,Starter,5,395.0
2026-05-01,11027,Starter,5,395.0
2026-06-01,11027,Starter,5,395.0
2026-07-01,11027,Starter,5,395.0
2026-08-01,11027,Starter,5,395.0
2025-06-01,11028,Starter,3,237.0
2025-07-01,11028,Starter,3,237.0
2025-08-01,11028,Starter,3,237.0
2025-09-01,11028,Starter,3,237.0
2025-10-01,11028,Starter,3,237.0
2025-11-01,11028,Starter,3,237.0
2025-12-01,11028,Starter,3,237.0
2026-01-01,11028,Starter,3,237.0
2026-02-01,11028,Starter,3,237.0
2026-03-01,11028,Starter,3,237.0
2026-04-01,11028,Starter,3,237.0
2026-05-01,11028,Starter,3,237.0
2026-06-01,11028,Starter,4,316.0
2026-07-01,11028,Starter,4,316.0
2026-08-01,11028,Starter,4,316.0
2025-12-01,11029,Starter,3,237.0
2026-01-01,11029,Starter,3,237.0
2026-02-01,11029,Starter,3,237.0
2026-03-01,11029,Starter,3,237.0
2026-04-01,11029,Starter,3,237.0
2026-05-01,11029,Starter,3,237.0
2026-06-01,11029,Starter,3,237.0
2026-07-01,11029,Starter,3,237.0
2026-08-01,11029,Starter,3,237.0
2025-07-01,11030,Starter,3,237.0
2025-08-01,11030,Starter,3,237.0
2025-09-01,11030,Starter,3,237.0
2025-10-01,11030,Starter,3,237.0
2025-11-01,11030,Starter,3,237.0
2025-12-01,11030,Starter,3,237.0
2026-01-01,11030,Starter,3,237.0
2026-02-01,11030,Starter,3,237.0
2026-03-01,11030,Starter,3,237.0
2026-04-01,11030,Starter,3,237.0
2026-05-01,11030,Starter,3,237.0
2026-06-01,11030,Starter,3,237.0
2026-07-01,11030,Starter,4,316.0
2026-08-01,11030,Starter,4,316.0
2025-10-01,11031,Pro,8,1592.0
2025-11-01,11031,Pro,8,1592.0
2025-12-01,11031,Pro,8,1592.0
2026-01-01,11031,Pro,8,1592.0
2026-02-01,11031,Pro,8,1592.0
2026-03-01,11031,Pro,9,1791.0
2026-04-01,11031,Pro,9,1791.0
2026-05-01,11031,Pro,9,1791.0
2026-06-01,11031,Pro,9,1791.0
2026-07-01,11031,Pro,9,1791.0
2026-08-01,11031,Pro,9,1791.0
2025-04-01,11032,Business,15,7485.0
2025-05-01,11032,Business,15,7485.0
2025-06-01,11032,Business,15,7485.0
2025-07-01,11032,Business,16,7984.0
2025-08-01,11032,Business,16,7984.0
2025-09-01,11032,Business,16,7984.0
2025-10-01,11032,Business,16,7984.0
2026-03-01,11033,Pro,7,1393.0
2026-04-01,11033,Pro,7,1393.0
2026-05-01,11033,Pro,7,1393.0
2026-06-01,11033,Pro,7,1393.0
2026-07-01,11033,Pro,7,1393.0
2026-08-01,11033,Pro,8,1592.0
2025-07-01,11034,Pro,13,2587.0
2025-08-01,11034,Pro,13,2587.0
2025-09-01,11034,Pro,13,2587.0
2025-10-01,11034,Pro,14,2786.0
2025-11-01,11034,Pro,14,2786.0
2025-12-01,11034,Pro,14,2786.0
2026-01-01,11034,Pro,14,2786.0
2026-02-01,11034,Pro,14,2786.0
2026-03-01,11034,Pro,15,2984.9999999999995
2026-04-01,11034,Pro,15,2984.9999999999995
2026-05-01,11034,Pro,15,2984.9999999999995
2026-06-01,11034,Pro,15,2984.9999999999995
2026-07-01,11034,Pro,15,2984.9999999999995
2026-08-01,11034,Pro,15,2984.9999999999995
2025-02-01,11035,Enterprise,43,55857.0
2025-03-01,11035,Enterprise,44,57156.0
2025-04-01,11035,Enterprise,44,57156.0
2025-05-01,11035,Enterprise,45,58455.00000000001
2025-06-01,11035,Enterprise,46,59753.99999999999
2025-07-01,11035,Enterprise,46,59753.99999999999
2026-03-01,11036,Starter,2,158.0
2026-04-01,11036,Starter,2,158.0
2026-05-01,11036,Starter,2,158.0
2026-06-01,11036,Starter,2,158.0
2026-07-01,11036,Starter,2,158.0
2026-08-01,11036,Starter,2,158.0
2026-06-01,11037,Starter,3,237.0
2026-07-01,11037,Starter,3,237.0
2026-08-01,11037,Starter,3,237.0
2025-01-01,11038,Business,26,12974.0
2025-02-01,11038,Business,26,12974.0
2025-03-01,11038,Business,27,13473.000000000002
2025-04-01,11038,Business,27,13473.000000000002
2025-05-01,11038,Business,28,13972.0
2025-06-01,11038,Business,28,13972.0
2025-07-01,11038,Business,28,13972.0
2025-08-01,11038,Business,29,14471.0
2025-09-01,11038,Business,29,14471.0
2025-10-01,11038,Business,30,14969.999999999998
2025-11-01,11038,Business,30,14969.999999999998
2025-12-01,11038,Business,30,14969.999999999998
2026-01-01,11038,Business,31,15469.0
2026-02-01,11038,Business,31,15469.0
2026-03-01,11038,Business,31,15469.0
2026-04-01,11038,Business,31,15469.0
2026-05-01,11038,Business,31,15469.0
2026-06-01,11038,Business,31,15469.0
2026-07-01,11038,Business,31,15469.0
2026-08-01,11038,Business,31,15469.0
2025-09-01,11039,Starter,4,316.0
2025-10-01,11039,Starter,4,316.0
2025-11-01,11039,Starter,4,316.0
2025-12-01,11039,Starter,4,316.0
2026-01-01,11039,Starter,4,316.0
2026-02-01,11039,Starter,4,316.0
2026-03-01,11039,Starter,4,316.0
2026-04-01,11039,Starter,4,316.0
2026-05-01,11039,Starter,4,316.0
2026-06-01,11039,Starter,5,395.0
2026-07-01,11039,Starter,5,395.0
2026-08-01,11039,Starter,5,395.0
2026-05-01,11040,Pro,10,1990.0
2026-06-01,11040,Pro,10,1990.0
2026-07-01,11040,Pro,10,1990.0
2026-08-01,11040,Pro,10,1990.0
2026-02-01,11041,Business,16,7984.0
2026-03-01,11041,Business,16,7984.0
2026-04-01,11041,Business,16,7984.0
2026-05-01,11041,Business,17,8483.0
2026-06-01,11041,Business,17,8483.0
2026-07-01,11041,Business,17,8483.0
2026-08-01,11041,Business,17,8483.0
2026-05-01,11042,Starter,4,316.0
2026-06-01,11042,Starter,4,316.0
2026-07-01,11042,Starter,4,316.0
2026-08-01,11042,Starter,4,316.0
2025-09-01,11043,Pro,6,1194.0
2025-10-01,11043,Pro,6,1194.0
2025-11-01,11043,Pro,6,1194.0
2025-12-01,11043,Pro,6,1194.0
2026-01-01,11043,Pro,6,1194.0
2026-02-01,11043,Pro,6,1194.0
2026-03-01,11043,Pro,7,1393.0
2026-04-01,11043,Pro,7,1393.0
2026-05-01,11043,Pro,7,1393.0
2026-06-01,11043,Pro,7,1393.0
2026-07-01,11043,Pro,7,1393.0
2026-08-01,11043,Pro,7,1393.0
2025-08-01,11044,Starter,3,237.0
2025-09-01,11044,Starter,3,237.0
2025-10-01,11044,Starter,3,237.0
2025-11-01,11044,Starter,3,237.0
2025-12-01,11044,Starter,3,237.0
2026-01-01,11044,Starter,3,237.0
2026-02-01,11044,Starter,3,237.0
2026-03-01,11044,Starter,3,237.0
2026-04-01,11044,Starter,3,237.0
2026-05-01,11044,Starter,3,237.0
2026-06-01,11044,Starter,3,237.0
2026-07-01,11044,Starter,3,237.0
2026-08-01,11044,Starter,4,316.0
2026-03-01,11045,Starter,4,316.0
2026-04-01,11045,Starter,4,316.0
2026-05-01,11045,Starter,4,316.0
2026-06-01,11045,Starter,4,316.0
2026-07-01,11045,Starter,4,316.0
2026-08-01,11045,Starter,4,316.0
2025-04-01,11046,Pro,11,2189.0
2025-05-01,11046,Pro,11,2189.0
2025-06-01,11046,Pro,11,2189.0
2025-07-01,11046,Pro,11,2189.0
2025-08-01,11046,Pro,12,2388.0
2025-09-01,11046,Pro,12,2388.0
2025-10-01,11046,Pro,12,2388.0
2025-11-01,11046,Pro,12,2388.0
2025-12-01,11046,Pro,12,2388.0
2026-01-01,11046,Pro,12,2388.0
2026-02-01,11046,Pro,13,2587.0
2026-03-01,11046,Pro,13,2587.0
2026-04-01,11046,Pro,13,2587.0
2026-05-01,11046,Pro,13,2587.0
2026-06-01,11046,Pro,13,2587.0
2026-07-01,11046,Pro,13,2587.0
2026-08-01,11046,Pro,13,2587.0
2025-05-01,11047,Starter,2,158.0
2025-06-01,11047,Starter,2,158.0
2025-07-01,11047,Starter,2,158.0
2025-08-01,11047,Starter,2,158.0
2025-09-01,11047,Starter,2,158.0
2025-10-01,11047,Starter,2,158.0
2025-11-01,11047,Starter,2,158.0
2025-12-01,11047,Starter,2,158.0
2026-01-01,11047,Starter,2,158.0
2026-02-01,11047,Starter,2,158.0
2026-03-01,11047,Starter,2,158.0
2026-04-01,11047,Starter,2,158.0
2026-05-01,11047,Starter,2,158.0
2026-06-01,11047,Starter,2,158.0
2026-07-01,11047,Starter,2,158.0
2026-08-01,11047,Starter,2,158.0
2025-12-01,11048,Business,13,6487.0
2026-01-01,11048,Business,13,6487.0
2026-02-01,11048,Business,13,6487.0
2026-03-01,11048,Business,14,6986.0
2026-04-01,11048,Business,14,6986.0
2026-05-01,11048,Business,14,6986.0
2026-06-01,11048,Business,14,6986.0
2026-07-01,11048,Business,14,6986.0
2026-08-01,11048,Business,15,7484.999999999999
2026-02-01,11049,Business,19,9481.0
2026-03-01,11049,Business,19,9481.0
2026-04-01,11049,Business,20,9980.0
2026-05-01,11049,Business,20,9980.0
2026-06-01,11049,Business,20,9980.0
2026-07-01,11049,Business,20,9980.0
2026-08-01,11049,Business,21,10479.000000000002
2025-03-01,11050,Business,33,16467.0
2025-04-01,11050,Business,33,16467.0
2025-05-01,11050,Business,34,16966.0
2025-06-01,11050,Business,34,16966.0
2025-07-01,11050,Business,35,17465.0
2025-08-01,11050,Business,35,17465.0
2025-09-01,11050,Business,36,17964.0
2025-10-01,11050,Business,36,17964.0
2025-11-01,11050,Business,37,18463.0
2025-12-01,11050,Business,37,18463.0
2026-01-01,11050,Business,38,18962.0
2026-02-01,11050,Business,38,18962.0
2026-03-01,11050,Business,39,19461.0
2026-04-01,11050,Business,39,19461.0
2026-05-01,11050,Business,39,19461.0
2026-06-01,11050,Business,39,19461.0
2026-07-01,11050,Business,39,19461.0
2026-08-01,11050,Business,39,19461.0
2025-11-01,11051,Starter,2,158.0
2025-12-01,11051,Starter,2,158.0
2026-01-01,11051,Starter,2,158.0
2026-02-01,11051,Starter,2,158.0
2026-03-01,11051,Starter,2,158.0
2026-04-01,11051,Starter,2,158.0
2026-05-01,11051,Starter,2,158.0
2026-06-01,11051,Starter,2,158.0
2026-07-01,11051,Starter,2,158.0
2026-08-01,11051,Starter,2,158.0
2025-08-01,11052,Starter,3,237.0
2025-09-01,11052,Starter,3,237.0
2025-10-01,11052,Starter,3,237.0
2025-11-01,11052,Starter,3,237.0
2025-12-01,11052,Starter,3,237.0
2026-01-01,11052,Starter,3,237.0
2026-02-01,11052,Starter,3,237.0
2026-03-01,11052,Starter,3,237.0
2026-04-01,11052,Starter,3,237.0
2026-05-01,11052,Starter,3,237.0
2026-06-01,11052,Starter,3,237.0
2026-07-01,11052,Starter,3,237.0
2026-08-01,11052,Starter,4,316.0
2025-10-01,11053,Starter,2,158.0
2025-11-01,11053,Starter,2,158.0
2025-12-01,11053,Starter,2,158.0
2026-01-01,11053,Starter,2,158.0
2026-02-01,11053,Starter,2,158.0
2026-03-01,11053,Starter,2,158.0
2026-04-01,11053,Starter,2,158.0
2026-05-01,11053,Starter,2,158.0
2026-06-01,11053,Starter,2,158.0
2026-07-01,11053,Starter,2,158.0
2026-08-01,11053,Starter,2,158.0
2026-07-01,11054,Starter,2,158.0
2026-08-01,11054,Starter,2,158.0
2025-02-01,11055,Enterprise,40,51960.0
2025-03-01,11055,Enterprise,41,53258.99999999999
2025-04-01,11055,Enterprise,41,53258.99999999999
2025-05-01,11055,Enterprise,42,54558.0
2025-06-01,11055,Enterprise,42,54558.0
2025-07-01,11055,Enterprise,43,55857.0
2025-08-01,11055,Enterprise,44,57156.00000000001
2025-09-01,11055,Enterprise,44,57156.00000000001
2025-10-01,11055,Enterprise,45,58455.0
2025-11-01,11055,Enterprise,45,58455.0
2025-12-01,11055,Enterprise,46,59753.99999999999
2026-01-01,11055,Enterprise,47,61053.0
2026-02-01,11055,Enterprise,47,61053.0
2026-03-01,11055,Enterprise,47,61053.0
2026-04-01,11055,Enterprise,47,61053.0
2026-05-01,11055,Enterprise,47,61053.0
2026-06-01,11055,Enterprise,47,61053.0
2026-07-01,11055,Enterprise,47,61053.0
2026-08-01,11055,Enterprise,47,61053.0
2026-08-01,11056,Starter,3,237.0
2025-09-01,11057,Starter,2,158.0
2025-10-01,11057,Starter,2,158.0
2025-11-01,11057,Starter,2,158.0
2025-12-01,11057,Starter,2,158.0
2026-01-01,11057,Starter,2,158.0
2026-02-01,11057,Starter,2,158.0
2026-03-01,11057,Starter,2,158.0
2026-04-01,11057,Starter,2,158.0
2026-05-01,11057,Starter,2,158.0
2026-06-01,11057,Starter,2,158.0
2026-07-01,11057,Starter,2,158.0
2026-08-01,11057,Starter,2,158.0
2026-04-01,11058,Business,18,8982.0
2026-05-01,11058,Business,18,8982.0
2026-06-01,11058,Business,19,9481.0
2026-07-01,11058,Business,19,9481.0
2026-08-01,11058,Business,19,9481.0
2025-09-01,11059,Starter,2,158.0
2025-10-01,11059,Starter,2,158.0
2025-11-01,11059,Starter,2,158.0
2025-12-01,11059,Starter,2,158.0
2026-01-01,11059,Starter,2,158.0
2026-02-01,11059,Starter,2,158.0
2026-03-01,11059,Starter,2,158.0
2026-04-01,11059,Starter,2,158.0
2026-05-01,11059,Starter,2,158.0
2026-06-01,11059,Starter,2,158.0
2026-07-01,11059,Starter,2,158.0
2026-08-01,11059,Starter,2,158.0
2025-07-01,11060,Starter,2,158.0
2025-08-01,11060,Starter,2,158.0
2025-09-01,11060,Starter,2,158.0
2025-10-01,11060,Starter,2,158.0
2025-11-01,11060,Starter,2,158.0
2025-12-01,11060,Starter,2,158.0
2026-01-01,11060,Starter,2,158.0
2026-02-01,11060,Starter,2,158.0
2026-03-01,11060,Starter,2,158.0
2026-04-01,11060,Starter,2,158.0
2026-05-01,11060,Starter,2,158.0
2026-06-01,11060,Starter,2,158.0
2026-07-01,11060,Starter,2,158.0
2026-08-01,11060,Starter,2,158.0
2026-04-01,11061,Starter,4,316.0
2026-05-01,11061,Starter,4,316.0
2026-06-01,11061,Starter,4,316.0
2026-07-01,11061,Starter,4,316.0
2026-08-01,11061,Starter,4,316.0
2026-02-01,11062,Pro,10,1990.0
2026-03-01,11062,Pro,10,1990.0
2026-04-01,11062,Pro,10,1990.0
2026-05-01,11062,Pro,10,1990.0
2026-06-01,11062,Pro,11,2189.0
2026-07-01,11062,Pro,11,2189.0
2026-08-01,11062,Pro,11,2189.0
2025-03-01,11063,Business,24,11976.0
2025-04-01,11063,Business,24,11976.0
2025-05-01,11063,Business,25,12475.0
2025-06-01,11063,Business,25,12475.0
2025-07-01,11063,Business,25,12475.0
2025-08-01,11063,Business,26,12974.0
2025-09-01,11063,Business,26,12974.0
2025-10-01,11063,Business,27,13473.0
2025-11-01,11063,Business,27,13473.0
2025-12-01,11063,Business,27,13473.0
2026-01-01,11063,Business,28,13972.0
2026-02-01,11063,Business,28,13972.0
2026-03-01,11063,Business,28,13972.0
2026-04-01,11063,Business,28,13972.0
2026-05-01,11063,Business,28,13972.0
2026-06-01,11063,Business,28,13972.0
2026-07-01,11063,Business,28,13972.0
2026-08-01,11063,Business,28,13972.0
2026-02-01,11064,Starter,2,158.0
2026-03-01,11064,Starter,2,158.0
2026-04-01,11064,Starter,2,158.0
2026-05-01,11064,Starter,2,158.0
2026-06-01,11064,Starter,2,158.0
2026-07-01,11064,Starter,2,158.0
2026-08-01,11064,Starter,2,158.0
2026-03-01,11065,Business,20,9980.0
2026-04-01,11065,Business,20,9980.0
2026-05-01,11065,Business,21,10479.0
2026-06-01,11065,Business,21,10479.0
2026-07-01,11065,Business,21,10479.0
2026-08-01,11065,Business,22,10978.0
2025-08-01,11066,Business,23,11477.0
2025-09-01,11066,Business,23,11477.0
2025-10-01,11066,Business,24,11976.0
2025-11-01,11066,Business,24,11976.0
2025-12-01,11066,Business,24,11976.0
2026-01-01,11066,Business,25,12475.0
2026-02-01,11066,Business,25,12475.0
2026-03-01,11066,Business,25,12475.0
2026-04-01,11066,Business,26,12973.999999999998
2026-05-01,11066,Business,26,12973.999999999998
2026-06-01,11066,Business,26,12973.999999999998
2026-07-01,11066,Business,27,13473.000000000002
2026-08-01,11066,Business,27,13473.000000000002
2026-07-01,11067,Business,13,6487.0
2026-08-01,11067,Business,13,6487.0
2026-01-01,11068,Starter,3,237.0
2026-02-01,11068,Starter,3,237.0
2026-03-01,11068,Starter,3,237.0
2026-04-01,11068,Starter,3,237.0
2026-05-01,11068,Starter,3,237.0
2026-06-01,11068,Starter,3,237.0
2026-07-01,11068,Starter,3,237.0
2026-08-01,11068,Starter,3,237.0
2025-07-01,11069,Starter,3,237.0
2025-08-01,11069,Starter,3,237.0
2025-09-01,11069,Starter,3,237.0
2025-10-01,11069,Starter,3,237.0
2025-11-01,11069,Starter,3,237.0
2025-12-01,11069,Starter,3,237.0
2026-01-01,11069,Starter,3,237.0
2026-02-01,11069,Starter,3,237.0
2026-03-01,11069,Starter,3,237.0
2026-04-01,11069,Starter,3,237.0
2026-05-01,11069,Starter,3,237.0
2026-06-01,11069,Starter,3,237.0
2026-07-01,11069,Starter,4,316.0
2026-08-01,11069,Starter,4,316.0
2025-01-01,11070,Business,34,16966.0
2025-02-01,11070,Business,35,17465.0
2025-03-01,11070,Business,35,17465.0
2025-04-01,11070,Business,36,17964.0
2025-05-01,11070,Business,36,17964.0
2025-06-01,11070,Business,37,18463.0
2025-07-01,11070,Business,37,18463.0
2025-08-01,11070,Business,38,18962.0
2025-09-01,11070,Business,38,18962.0
2025-10-01,11070,Business,39,19461.0
2025-11-01,11070,Business,39,19461.0
2025-12-01,11070,Business,40,19960.0
2026-01-01,11070,Business,40,19960.0
2026-02-01,11070,Business,40,19960.0
2026-03-01,11070,Business,40,19960.0
2026-04-01,11070,Business,40,19960.0
2026-05-01,11070,Business,40,19960.0
2026-06-01,11070,Business,40,19960.0
2026-07-01,11070,Business,40,19960.0
2026-08-01,11070,Business,40,19960.0
2026-02-01,11071,Starter,6,474.0
2026-03-01,11071,Starter,6,474.0
2026-04-01,11071,Starter,6,474.0
2026-05-01,11071,Starter,6,474.0
2026-06-01,11071,Starter,6,474.0
2026-07-01,11071,Starter,6,474.0
2026-08-01,11071,Starter,7,553.0
2025-05-01,11072,Pro,4,796.0
2025-06-01,11072,Pro,4,796.0
2025-07-01,11072,Pro,4,796.0
2025-08-01,11072,Pro,4,796.0
2025-09-01,11072,Pro,4,796.0
2025-10-01,11072,Pro,4,796.0
2025-11-01,11072,Pro,4,796.0
2025-12-01,11072,Pro,4,796.0
2026-01-01,11072,Pro,4,796.0
2026-02-01,11072,Pro,5,995.0
2026-03-01,11072,Pro,5,995.0
2026-04-01,11072,Pro,5,995.0
2026-05-01,11072,Pro,5,995.0
2026-06-01,11072,Pro,5,995.0
2026-07-01,11072,Pro,5,995.0
2026-08-01,11072,Pro,5,995.0
2026-03-01,11073,Business,43,21457.0
2026-04-01,11073,Business,44,21956.0
2026-05-01,11073,Business,44,21956.0
2026-06-01,11073,Business,45,22455.0
2026-07-01,11073,Business,46,22953.999999999996
2026-08-01,11073,Business,46,22953.999999999996
2025-11-01,11074,Starter,2,158.0
2025-12-01,11074,Starter,2,158.0
2026-01-01,11074,Starter,2,158.0
2026-02-01,11074,Starter,2,158.0
2026-03-01,11074,Starter,2,158.0
2026-04-01,11074,Starter,2,158.0
2026-05-01,11074,Starter,2,158.0
2026-06-01,11074,Starter,2,158.0
2026-07-01,11074,Starter,2,158.0
2026-08-01,11074,Starter,2,158.0
2025-10-01,11075,Business,25,12475.0
2025-11-01,11075,Business,25,12475.0
2025-12-01,11075,Business,26,12974.0
2026-01-01,11075,Business,26,12974.0
2026-02-01,11075,Business,26,12974.0
2026-03-01,11075,Business,27,13473.0
2025-04-01,11076,Business,25,12475.0
2025-05-01,11076,Business,25,12475.0
2025-06-01,11076,Business,26,12974.0
2025-07-01,11076,Business,26,12974.0
2025-08-01,11076,Business,26,12974.0
2025-09-01,11076,Business,27,13473.0
2025-10-01,11076,Business,27,13473.0
2025-11-01,11076,Business,28,13972.000000000002
2025-12-01,11076,Business,28,13972.000000000002
2026-01-01,11076,Business,28,13972.000000000002
2026-02-01,11076,Business,29,14470.999999999998
2026-03-01,11076,Business,29,14470.999999999998
2026-04-01,11076,Business,30,14970.0
2026-05-01,11076,Business,30,14970.0
2026-06-01,11076,Business,30,14970.0
2026-07-01,11076,Business,30,14970.0
2026-08-01,11076,Business,30,14970.0
2026-03-01,11077,Pro,6,1194.0
2026-04-01,11077,Pro,6,1194.0
2026-05-01,11077,Pro,6,1194.0
2026-06-01,11077,Pro,6,1194.0
2026-07-01,11077,Pro,6,1194.0
2026-08-01,11077,Pro,6,1194.0
2025-04-01,11078,Pro,10,1990.0
2025-05-01,11078,Pro,10,1990.0
2025-06-01,11078,Pro,10,1990.0
2025-07-01,11078,Pro,10,1990.0
2025-08-01,11078,Pro,11,2189.0
2025-09-01,11078,Pro,11,2189.0
2025-10-01,11078,Pro,11,2189.0
2025-11-01,11078,Pro,11,2189.0
2025-12-01,11078,Pro,11,2189.0
2026-01-01,11078,Pro,11,2189.0
2026-02-01,11078,Pro,12,2388.0
2026-03-01,11078,Pro,12,2388.0
2026-04-01,11078,Pro,12,2388.0
2026-05-01,11078,Pro,12,2388.0
2026-06-01,11078,Pro,12,2388.0
2026-07-01,11078,Pro,12,2388.0
2026-08-01,11078,Pro,12,2388.0
2025-09-01,11079,Business,17,8483.0
2025-10-01,11079,Business,17,8483.0
2025-11-01,11079,Business,18,8982.0
2025-12-01,11079,Business,18,8982.0
2026-01-01,11079,Business,18,8982.0
2026-02-01,11079,Business,18,8982.0
2026-03-01,11079,Business,19,9481.0
2026-04-01,11079,Business,19,9481.0
2026-05-01,11079,Business,19,9481.0
2026-06-01,11079,Business,19,9481.0
2026-07-01,11079,Business,20,9980.0
2026-08-01,11079,Business,20,9980.0
2026-05-01,11080,Pro,10,1990.0
2026-06-01,11080,Pro,10,1990.0
2026-07-01,11080,Pro,10,1990.0
2026-08-01,11080,Pro,10,1990.0
2026-07-01,11081,Business,20,9980.0
2026-08-01,11081,Business,20,9980.0
2026-08-01,11082,Business,27,13473.0
2026-07-01,11083,Business,18,8982.0
2026-08-01,11083,Business,18,8982.0
2025-11-01,11084,Starter,3,237.0
2025-12-01,11084,Starter,3,237.0
2026-01-01,11084,Starter,3,237.0
2026-02-01,11084,Starter,3,237.0
2026-03-01,11084,Starter,3,237.0
2026-04-01,11084,Starter,3,237.0
2026-05-01,11084,Starter,3,237.0
2026-06-01,11084,Starter,3,237.0
2026-07-01,11084,Starter,3,237.0
2026-08-01,11084,Starter,3,237.0
2025-05-01,11085,Starter,4,316.0
2025-06-01,11085,Starter,4,316.0
2025-07-01,11085,Starter,4,316.0
2026-05-01,11086,Starter,4,316.0
2026-06-01,11086,Starter,4,316.0
2026-07-01,11086,Starter,4,316.0
2026-08-01,11086,Starter,4,316.0
2026-04-01,11087,Pro,10,1990.0
2026-05-01,11087,Pro,10,1990.0
2026-06-01,11087,Pro,10,1990.0
2026-07-01,11087,Pro,10,1990.0
2026-08-01,11087,Pro,11,2189.0
2026-08-01,11088,Pro,6,1194.0
2026-01-01,11089,Pro,6,1194.0
2026-02-01,11089,Pro,6,1194.0
2026-03-01,11089,Pro,6,1194.0
2026-04-01,11089,Pro,6,1194.0
2026-05-01,11089,Pro,6,1194.0
2026-06-01,11089,Pro,6,1194.0
2026-07-01,11089,Pro,7,1393.0
2026-08-01,11089,Pro,7,1393.0
2025-03-01,11090,Starter,2,158.0
2025-04-01,11090,Starter,2,158.0
2025-05-01,11090,Starter,2,158.0
2025-06-01,11090,Starter,2,158.0
2025-07-01,11090,Starter,2,158.0
2025-08-01,11090,Starter,2,158.0
2025-09-01,11090,Starter,2,158.0
2025-10-01,11090,Starter,2,158.0
2025-11-01,11090,Starter,2,158.0
2025-12-01,11090,Starter,2,158.0
2026-01-01,11090,Starter,2,158.0
2026-02-01,11090,Starter,2,158.0
2026-03-01,11090,Starter,2,158.0
2026-04-01,11090,Starter,2,158.0
2026-05-01,11090,Starter,2,158.0
2026-06-01,11090,Starter,2,158.0
2026-07-01,11090,Starter,2,158.0
2026-08-01,11090,Starter,2,158.0
2025-10-01,11091,Business,14,6986.0
2025-11-01,11091,Business,14,6986.0
2025-12-01,11091,Business,14,6986.0
2026-01-01,11091,Business,15,7485.0
2026-02-01,11091,Business,15,7485.0
2026-03-01,11091,Business,15,7485.0
2026-04-01,11091,Business,15,7485.0
2026-05-01,11091,Business,15,7485.0
2026-06-01,11091,Business,16,7984.0
2026-07-01,11091,Business,16,7984.0
2026-08-01,11091,Business,16,7984.0
2025-09-01,11092,Business,24,11976.0
2025-10-01,11092,Business,24,11976.0
2025-11-01,11092,Business,25,12475.0
2025-12-01,11092,Business,25,12475.0
2026-01-01,11092,Business,25,12475.0
2026-02-01,11092,Business,26,12974.0
2026-03-01,11092,Business,26,12974.0
2026-04-01,11092,Business,27,13473.0
2026-05-01,11092,Business,27,13473.0
2026-06-01,11092,Business,27,13473.0
2026-07-01,11092,Business,28,13972.0
2026-08-01,11092,Business,28,13972.0
2026-05-01,11093,Starter,4,316.0
2026-06-01,11093,Starter,4,316.0
2026-07-01,11093,Starter,4,316.0
2026-08-01,11093,Starter,4,316.0
2025-08-01,11094,Pro,8,1592.0
2025-09-01,11094,Pro,8,1592.0
2025-10-01,11094,Pro,8,1592.0
2025-11-01,11094,Pro,8,1592.0
2025-12-01,11094,Pro,8,1592.0
2025-07-01,11095,Pro,13,2587.0
2025-08-01,11095,Pro,13,2587.0
2025-09-01,11095,Pro,13,2587.0
2025-10-01,11095,Pro,14,2786.0
2025-11-01,11095,Pro,14,2786.0
2025-12-01,11095,Pro,14,2786.0
2026-01-01,11095,Pro,14,2786.0
2026-02-01,11095,Pro,14,2786.0
2026-03-01,11095,Pro,15,2984.9999999999995
2026-04-01,11095,Pro,15,2984.9999999999995
2026-05-01,11095,Pro,15,2984.9999999999995
2026-06-01,11095,Pro,15,2984.9999999999995
2026-07-01,11095,Pro,15,2984.9999999999995
2026-08-01,11095,Pro,15,2984.9999999999995
2025-02-01,11096,Pro,13,2587.0
2025-03-01,11096,Pro,13,2587.0
2025-04-01,11096,Pro,13,2587.0
2025-05-01,11096,Pro,14,2786.0
2025-06-01,11096,Pro,14,2786.0
2025-07-01,11096,Pro,14,2786.0
2025-08-01,11096,Pro,14,2786.0
2025-09-01,11096,Pro,14,2786.0
2025-10-01,11096,Pro,15,2984.9999999999995
2025-11-01,11096,Pro,15,2984.9999999999995
2025-12-01,11096,Pro,15,2984.9999999999995
2026-01-01,11096,Pro,15,2984.9999999999995
2026-02-01,11096,Pro,15,2984.9999999999995
2026-03-01,11096,Pro,15,2984.9999999999995
2026-04-01,11096,Pro,15,2984.9999999999995
2026-05-01,11096,Pro,15,2984.9999999999995
2026-06-01,11096,Pro,15,2984.9999999999995
2026-07-01,11096,Pro,15,2984.9999999999995
2026-08-01,11096,Pro,15,2984.9999999999995
2026-05-01,11097,Starter,3,237.0
2026-06-01,11097,Starter,3,237.0
2026-07-01,11097,Starter,3,237.0
2026-08-01,11097,Starter,3,237.0
2026-03-01,11098,Business,14,6986.0
2026-04-01,11098,Business,14,6986.0
2026-05-01,11098,Business,14,6986.0
2026-06-01,11098,Business,15,7485.0
2026-07-01,11098,Business,15,7485.0
2026-08-01,11098,Business,15,7485.0
2025-01-01,11099,Enterprise,78,101322.0
2025-02-01,11099,Enterprise,79,102621.0
2025-03-01,11099,Enterprise,80,103919.99999999999
2025-04-01,11099,Enterprise,82,106518.0
2025-05-01,11099,Enterprise,83,107817.0
2025-06-01,11099,Enterprise,84,109116.0
2025-07-01,11099,Enterprise,85,110414.99999999999
2025-08-01,11099,Enterprise,86,111714.00000000001
2025-09-01,11099,Enterprise,87,113013.0
2025-10-01,11099,Enterprise,89,115611.0
2025-11-01,11099,Enterprise,90,116909.99999999999
2025-12-01,11099,Enterprise,91,118209.00000000001
2026-01-01,11099,Enterprise,92,119508.0
2026-02-01,11099,Enterprise,92,119508.0
2026-03-01,11099,Enterprise,92,119508.0
2026-04-01,11099,Enterprise,92,119508.0
2026-05-01,11099,Enterprise,92,119508.0
2026-06-01,11099,Enterprise,92,119508.0
2026-07-01,11099,Enterprise,92,119508.0
2026-08-01,11099,Enterprise,92,119508.0
2025-09-01,11100,Pro,8,1592.0
2025-10-01,11100,Pro,8,1592.0
2025-11-01,11100,Pro,8,1592.0
2025-12-01,11100,Pro,8,1592.0
2026-01-01,11100,Pro,8,1592.0
2026-02-01,11100,Pro,9,1791.0
2026-03-01,11100,Pro,9,1791.0
2026-04-01,11100,Pro,9,1791.0
2026-05-01,11100,Pro,9,1791.0
2026-06-01,11100,Pro,9,1791.0
2026-07-01,11100,Pro,9,1791.0
2026-08-01,11100,Pro,9,1791.0
2025-10-01,11101,Business,19,9481.0
2025-11-01,11101,Business,19,9481.0
2025-12-01,11101,Business,20,9980.0
2026-01-01,11101,Business,20,9980.0
2026-02-01,11101,Business,20,9980.0
2026-03-01,11101,Business,20,9980.0
2026-04-01,11101,Business,21,10479.000000000002
2026-05-01,11101,Business,21,10479.000000000002
2026-06-01,11101,Business,21,10479.000000000002
2026-07-01,11101,Business,22,10978.0
2026-08-01,11101,Business,22,10978.0
2025-10-01,11102,Enterprise,40,51960.0
2025-11-01,11102,Enterprise,41,53258.99999999999
2025-12-01,11102,Enterprise,41,53258.99999999999
2026-01-01,11102,Enterprise,42,54558.0
2026-02-01,11102,Enterprise,42,54558.0
2026-03-01,11102,Enterprise,43,55857.0
2026-04-01,11102,Enterprise,44,57156.00000000001
2026-05-01,11102,Enterprise,44,57156.00000000001
2026-06-01,11102,Enterprise,45,58455.0
2026-07-01,11102,Enterprise,45,58455.0
2026-08-01,11102,Enterprise,46,59753.99999999999
2026-07-01,11103,Starter,2,158.0
2026-08-01,11103,Starter,2,158.0
2025-04-01,11104,Pro,5,995.0
2025-05-01,11104,Pro,5,995.0
2025-06-01,11104,Pro,5,995.0
2025-07-01,11104,Pro,5,995.0
2025-08-01,11104,Pro,5,995.0
2025-09-01,11104,Pro,5,995.0
2025-10-01,11104,Pro,5,995.0
2025-11-01,11104,Pro,6,1194.0
2025-12-01,11104,Pro,6,1194.0
2026-01-01,11104,Pro,6,1194.0
2026-02-01,11104,Pro,6,1194.0
2026-03-01,11104,Pro,6,1194.0
2026-04-01,11104,Pro,6,1194.0
2026-05-01,11104,Pro,6,1194.0
2026-06-01,11104,Pro,6,1194.0
2026-07-01,11104,Pro,6,1194.0
2026-08-01,11104,Pro,6,1194.0
2025-07-01,11105,Pro,10,1990.0
2025-08-01,11105,Pro,10,1990.0
2025-09-01,11105,Pro,10,1990.0
2025-10-01,11105,Pro,10,1990.0
2025-11-01,11105,Pro,11,2189.0
2025-12-01,11105,Pro,11,2189.0
2026-01-01,11105,Pro,11,2189.0
2026-02-01,11105,Pro,11,2189.0
2026-03-01,11105,Pro,11,2189.0
2026-04-01,11105,Pro,11,2189.0
2026-05-01,11105,Pro,12,2388.0
2026-06-01,11105,Pro,12,2388.0
2026-07-01,11105,Pro,12,2388.0
2026-08-01,11105,Pro,12,2388.0
2025-04-01,11106,Enterprise,34,44166.0
2025-05-01,11106,Enterprise,35,45464.99999999999
2025-06-01,11106,Enterprise,35,45464.99999999999
2025-07-01,11106,Enterprise,36,46764.0
2025-08-01,11106,Enterprise,36,46764.0
2025-09-01,11106,Enterprise,37,48062.99999999999
2025-10-01,11106,Enterprise,37,48062.99999999999
2025-11-01,11106,Enterprise,38,49362.0
2025-12-01,11106,Enterprise,38,49362.0
2026-01-01,11106,Enterprise,39,50661.0
2026-02-01,11106,Enterprise,39,50661.0
2026-03-01,11106,Enterprise,40,51960.0
2026-04-01,11106,Enterprise,40,51960.0
2026-05-01,11106,Enterprise,40,51960.0
2026-06-01,11106,Enterprise,40,51960.0
2026-07-01,11106,Enterprise,40,51960.0
2026-08-01,11106,Enterprise,40,51960.0
2025-05-01,11107,Starter,9,711.0
2025-06-01,11107,Starter,9,711.0
2025-07-01,11107,Starter,9,711.0
2025-08-01,11107,Starter,9,711.0
2025-09-01,11107,Starter,10,790.0
2025-10-01,11107,Starter,10,790.0
2025-11-01,11107,Starter,10,790.0
2025-12-01,11107,Starter,10,790.0
2026-01-01,11107,Starter,10,790.0
2026-02-01,11107,Starter,10,790.0
2026-03-01,11107,Starter,10,790.0
2026-04-01,11107,Starter,10,790.0
2026-05-01,11107,Starter,11,869.0000000000001
2026-06-01,11107,Starter,11,869.0000000000001
2026-07-01,11107,Starter,11,869.0000000000001
2026-08-01,11107,Starter,11,869.0000000000001
2026-06-01,11108,Starter,2,158.0
2026-07-01,11108,Starter,2,158.0
2026-08-01,11108,Starter,2,158.0
2026-07-01,11109,Business,12,5988.0
2026-08-01,11109,Business,12,5988.0
2025-01-01,11110,Starter,4,316.0
2025-02-01,11110,Starter,4,316.0
2025-03-01,11110,Starter,4,316.0
2025-04-01,11110,Starter,4,316.0
2025-05-01,11110,Starter,4,316.0
2025-06-01,11110,Starter,4,316.0
2025-07-01,11110,Starter,4,316.0
2025-08-01,11110,Starter,4,316.0
2025-09-01,11110,Starter,4,316.0
2025-10-01,11110,Starter,5,395.0
2025-11-01,11110,Starter,5,395.0
2025-12-01,11110,Starter,5,395.0
2026-01-01,11110,Starter,5,395.0
2026-02-01,11110,Starter,5,395.0
2026-03-01,11110,Starter,5,395.0
2026-04-01,11110,Starter,5,395.0
2026-05-01,11110,Starter,5,395.0
2026-06-01,11110,Starter,5,395.0
2026-07-01,11110,Starter,5,395.0
2026-08-01,11110,Starter,5,395.0
2026-01-01,11111,Business,31,15469.0
2026-02-01,11111,Business,31,15469.0
2026-03-01,11111,Business,32,15968.0
2026-04-01,11111,Business,32,15968.0
2026-05-01,11111,Business,33,16467.0
2026-06-01,11111,Business,33,16467.0
2026-07-01,11111,Business,34,16966.0
2026-08-01,11111,Business,34,16966.0
2025-05-01,11112,Starter,3,237.0
2025-06-01,11112,Starter,3,237.0
2025-07-01,11112,Starter,3,237.0
2025-08-01,11112,Starter,3,237.0
2025-09-01,11112,Starter,3,237.0
2025-10-01,11112,Starter,3,237.0
2025-11-01,11112,Starter,3,237.0
2025-12-01,11112,Starter,3,237.0
2026-01-01,11112,Starter,3,237.0
2026-02-01,11112,Starter,3,237.0
2026-03-01,11112,Starter,3,237.0
2026-04-01,11112,Starter,3,237.0
2026-05-01,11112,Starter,4,316.0
2026-06-01,11112,Starter,4,316.0
2026-07-01,11112,Starter,4,316.0
2026-08-01,11112,Starter,4,316.0
2025-04-01,11113,Enterprise,55,71445.0
2025-05-01,11113,Enterprise,56,72743.99999999999
2025-06-01,11113,Enterprise,57,74043.0
2025-07-01,11113,Enterprise,57,74043.0
2025-08-01,11113,Enterprise,58,75342.0
2025-09-01,11113,Enterprise,59,76641.0
2025-10-01,11113,Enterprise,60,77940.0
2025-11-01,11113,Enterprise,61,79239.0
2025-12-01,11113,Enterprise,62,80538.0
2026-01-01,11113,Enterprise,62,80538.0
2026-02-01,11113,Enterprise,63,81837.0
2026-03-01,11113,Enterprise,64,83136.0
2026-04-01,11113,Enterprise,65,84435.0
2026-05-01,11113,Enterprise,65,84435.0
2026-06-01,11113,Enterprise,65,84435.0
2026-07-01,11113,Enterprise,65,84435.0
2026-08-01,11113,Enterprise,65,84435.0
2025-06-01,11114,Business,9,4491.0
2025-07-01,11114,Business,9,4491.0
2025-08-01,11114,Business,9,4491.0
2025-09-01,11114,Business,9,4491.0
2025-10-01,11114,Business,10,4990.0
2025-11-01,11114,Business,10,4990.0
2025-12-01,11114,Business,10,4990.0
2026-01-01,11114,Business,10,4990.0
2026-02-01,11114,Business,10,4990.0
2026-03-01,11114,Business,10,4990.0
2026-04-01,11114,Business,10,4990.0
2026-05-01,11114,Business,10,4990.0
2026-06-01,11114,Business,11,5489.0
2026-07-01,11114,Business,11,5489.0
2026-08-01,11114,Business,11,5489.0
2025-04-01,11115,Starter,2,158.0
2025-05-01,11115,Starter,2,158.0
2025-06-01,11115,Starter,2,158.0
2025-07-01,11115,Starter,2,158.0
2025-08-01,11115,Starter,2,158.0
2025-09-01,11115,Starter,2,158.0
2025-10-01,11115,Starter,2,158.0
2025-11-01,11115,Starter,2,158.0
2025-12-01,11115,Starter,2,158.0
2026-01-01,11115,Starter,2,158.0
2026-02-01,11115,Starter,2,158.0
2026-03-01,11115,Starter,2,158.0
2026-04-01,11115,Starter,2,158.0
2026-05-01,11115,Starter,2,158.0
2026-06-01,11115,Starter,2,158.0
2026-07-01,11115,Starter,2,158.0
2026-08-01,11115,Starter,2,158.0
2025-10-01,11116,Business,12,5988.0
2025-11-01,11116,Business,12,5988.0
2025-12-01,11116,Business,12,5988.0
2026-01-01,11116,Business,13,6487.0
2026-02-01,11116,Business,13,6487.0
2026-03-01,11116,Business,13,6487.0
2026-04-01,11116,Business,13,6487.0
2026-05-01,11116,Business,13,6487.0
2026-06-01,11116,Business,13,6487.0
2026-07-01,11116,Business,14,6986.0
2026-08-01,11116,Business,14,6986.0
2026-08-01,11117,Starter,2,158.0
2025-12-01,11118,Pro,8,1592.0
2026-01-01,11118,Pro,8,1592.0
2026-02-01,11118,Pro,8,1592.0
2026-03-01,11118,Pro,8,1592.0
2026-04-01,11118,Pro,8,1592.0
2026-05-01,11118,Pro,9,1791.0
2026-06-01,11118,Pro,9,1791.0
2026-07-01,11118,Pro,9,1791.0
2026-08-01,11118,Pro,9,1791.0
2026-03-01,11119,Pro,4,796.0
2026-04-01,11119,Pro,4,796.0
2026-05-01,11119,Pro,4,796.0
2026-06-01,11119,Pro,4,796.0
2026-07-01,11119,Pro,4,796.0
2026-08-01,11119,Pro,4,796.0
2025-10-01,11120,Business,11,5489.0
2025-11-01,11120,Business,11,5489.0
2025-12-01,11120,Business,11,5489.0
2026-01-01,11120,Business,11,5489.0
2026-02-01,11120,Business,12,5988.0
2026-03-01,11120,Business,12,5988.0
2026-04-01,11120,Business,12,5988.0
2026-05-01,11120,Business,12,5988.0
2026-06-01,11120,Business,12,5988.0
2026-07-01,11120,Business,12,5988.0
2026-08-01,11120,Business,13,6487.0
2025-01-01,11121,Starter,2,158.0
2025-02-01,11121,Starter,2,158.0
2025-03-01,11121,Starter,2,158.0
2025-04-01,11121,Starter,2,158.0
2025-05-01,11121,Starter,2,158.0
2025-06-01,11121,Starter,2,158.0
2025-07-01,11121,Starter,2,158.0
2025-08-01,11121,Starter,2,158.0
2025-09-01,11121,Starter,2,158.0
2025-10-01,11121,Starter,2,158.0
2025-11-01,11121,Starter,2,158.0
2025-12-01,11121,Starter,2,158.0
2026-01-01,11121,Starter,2,158.0
2026-02-01,11121,Starter,2,158.0
2026-03-01,11121,Starter,2,158.0
2026-04-01,11121,Starter,2,158.0
2026-05-01,11121,Starter,2,158.0
2026-06-01,11121,Starter,2,158.0
2026-07-01,11121,Starter,2,158.0
2026-08-01,11121,Starter,2,158.0
2025-02-01,11122,Starter,2,158.0
2025-03-01,11122,Starter,2,158.0
2025-04-01,11122,Starter,2,158.0
2025-05-01,11122,Starter,2,158.0
2025-06-01,11122,Starter,2,158.0
2025-07-01,11122,Starter,2,158.0
2025-08-01,11122,Starter,2,158.0
2025-09-01,11122,Starter,2,158.0
2025-10-01,11122,Starter,2,158.0
2025-11-01,11122,Starter,2,158.0
2025-12-01,11122,Starter,2,158.0
2026-01-01,11122,Starter,2,158.0
2026-02-01,11122,Starter,2,158.0
2026-03-01,11122,Starter,2,158.0
2026-04-01,11122,Starter,2,158.0
2026-05-01,11122,Starter,2,158.0
2026-06-01,11122,Starter,2,158.0
2026-07-01,11122,Starter,2,158.0
2026-08-01,11122,Starter,2,158.0
2025-06-01,11123,Pro,9,1791.0
2025-07-01,11123,Pro,9,1791.0
2025-08-01,11123,Pro,9,1791.0
2025-09-01,11123,Pro,9,1791.0
2025-10-01,11123,Pro,10,1990.0
2025-11-01,11123,Pro,10,1990.0
2025-12-01,11123,Pro,10,1990.0
2026-01-01,11123,Pro,10,1990.0
2026-02-01,11123,Pro,10,1990.0
2026-03-01,11123,Pro,10,1990.0
2026-04-01,11123,Pro,10,1990.0
2026-05-01,11123,Pro,10,1990.0
2026-06-01,11123,Pro,11,2189.0
2026-07-01,11123,Pro,11,2189.0
2026-08-01,11123,Pro,11,2189.0
2025-05-01,11124,Pro,9,1791.0
2025-06-01,11124,Pro,9,1791.0
2025-07-01,11124,Pro,9,1791.0
2025-08-01,11124,Pro,9,1791.0
2025-09-01,11124,Pro,10,1990.0
2025-10-01,11124,Pro,10,1990.0
2025-11-01,11124,Pro,10,1990.0
2025-12-01,11124,Pro,10,1990.0
2026-01-01,11124,Pro,10,1990.0
2026-02-01,11124,Pro,10,1990.0
2026-03-01,11124,Pro,10,1990.0
2026-04-01,11124,Pro,10,1990.0
2026-05-01,11124,Pro,11,2189.0
2026-06-01,11124,Pro,11,2189.0
2026-07-01,11124,Pro,11,2189.0
2026-08-01,11124,Pro,11,2189.0
2026-05-01,11125,Pro,11,2189.0
2026-06-01,11125,Pro,11,2189.0
2026-07-01,11125,Pro,11,2189.0
2026-08-01,11125,Pro,11,2189.0
2026-05-01,11126,Starter,4,316.0
2026-06-01,11126,Starter,4,316.0
2026-07-01,11126,Starter,4,316.0
2026-08-01,11126,Starter,4,316.0
2026-05-01,11127,Starter,4,316.0
2026-06-01,11127,Starter,4,316.0
2026-07-01,11127,Starter,4,316.0
2026-08-01,11127,Starter,4,316.0
2026-01-01,11128,Business,18,8982.0
2026-02-01,11128,Business,18,8982.0
2026-03-01,11128,Business,19,9481.0
2026-04-01,11128,Business,19,9481.0
2026-05-01,11128,Business,19,9481.0
2026-06-01,11128,Business,19,9481.0
2026-07-01,11128,Business,20,9980.0
2026-08-01,11128,Business,20,9980.0
2025-11-01,11129,Starter,3,237.0
2025-12-01,11129,Starter,3,237.0
2026-01-01,11129,Starter,3,237.0
2026-02-01,11129,Starter,3,237.0
2026-03-01,11129,Starter,3,237.0
2026-04-01,11129,Starter,3,237.0
2026-05-01,11129,Starter,3,237.0
2026-06-01,11129,Starter,3,237.0
2026-07-01,11129,Starter,3,237.0
2026-08-01,11129,Starter,3,237.0
2026-01-01,11130,Starter,4,316.0
2026-02-01,11130,Starter,4,316.0
2026-03-01,11130,Starter,4,316.0
2026-04-01,11130,Starter,4,316.0
2026-05-01,11130,Starter,4,316.0
2026-06-01,11130,Starter,4,316.0
2026-07-01,11130,Starter,4,316.0
2026-08-01,11130,Starter,4,316.0
2025-09-01,11131,Enterprise,47,61053.0
2025-10-01,11131,Enterprise,48,62351.99999999999
2025-11-01,11131,Enterprise,48,62351.99999999999
2025-12-01,11131,Enterprise,49,63651.00000000001
2026-01-01,11131,Enterprise,50,64950.0
2026-02-01,11131,Enterprise,51,66249.0
2026-03-01,11131,Enterprise,51,66249.0
2026-04-01,11131,Enterprise,52,67548.0
2026-02-01,11132,Starter,3,237.0
2026-03-01,11132,Starter,3,237.0
2026-04-01,11132,Starter,3,237.0
2026-05-01,11132,Starter,3,237.0
2026-04-01,11133,Business,16,7984.0
2026-05-01,11133,Business,16,7984.0
2026-06-01,11133,Business,16,7984.0
2026-07-01,11133,Business,17,8483.0
2026-08-01,11133,Business,17,8483.0
2026-04-01,11134,Starter,2,158.0
2026-05-01,11134,Starter,2,158.0
2026-06-01,11134,Starter,2,158.0
2026-07-01,11134,Starter,2,158.0
2026-08-01,11134,Starter,2,158.0
2026-01-01,11135,Business,21,10479.0
2026-02-01,11135,Business,21,10479.0
2026-03-01,11135,Business,22,10978.0
2026-04-01,11135,Business,22,10978.0
2026-05-01,11135,Business,22,10978.0
2026-06-01,11135,Business,23,11477.000000000002
2026-07-01,11135,Business,23,11477.000000000002
2026-08-01,11135,Business,23,11477.000000000002
2025-02-01,11136,Business,17,8483.0
2025-03-01,11136,Business,17,8483.0
2025-04-01,11136,Business,18,8982.0
2025-05-01,11136,Business,18,8982.0
2025-06-01,11136,Business,18,8982.0
2025-07-01,11136,Business,18,8982.0
2025-08-01,11136,Business,19,9481.0
2025-09-01,11136,Business,19,9481.0
2025-10-01,11136,Business,19,9481.0
2025-11-01,11136,Business,19,9481.0
2025-12-01,11136,Business,20,9980.0
2026-01-01,11136,Business,20,9980.0
2026-02-01,11136,Business,20,9980.0
2026-03-01,11136,Business,20,9980.0
2026-04-01,11136,Business,20,9980.0
2026-05-01,11136,Business,20,9980.0
2026-06-01,11136,Business,20,9980.0
2026-07-01,11136,Business,20,9980.0
2026-08-01,11136,Business,20,9980.0
2026-03-01,11137,Business,14,6986.0
2026-04-01,11137,Business,14,6986.0
2026-05-01,11137,Business,14,6986.0
2026-06-01,11137,Business,15,7485.0
2026-07-01,11137,Business,15,7485.0
2026-08-01,11137,Business,15,7485.0
2025-08-01,11138,Starter,2,158.0
2025-09-01,11138,Starter,2,158.0
2025-10-01,11138,Starter,2,158.0
2025-11-01,11138,Starter,2,158.0
2025-12-01,11138,Starter,2,158.0
2026-01-01,11138,Starter,2,158.0
2026-02-01,11138,Starter,2,158.0
2026-03-01,11138,Starter,2,158.0
2026-04-01,11138,Starter,2,158.0
2026-05-01,11138,Starter,2,158.0
2026-06-01,11138,Starter,2,158.0
2026-07-01,11138,Starter,2,158.0
2026-08-01,11138,Starter,2,158.0
2026-03-01,11139,Pro,5,995.0
2026-04-01,11139,Pro,5,995.0
2026-05-01,11139,Pro,5,995.0
2026-06-01,11139,Pro,5,995.0
2026-07-01,11139,Pro,5,995.0
2026-08-01,11139,Pro,5,995.0
2025-11-01,11140,Business,25,12475.0
2025-12-01,11140,Business,25,12475.0
2026-01-01,11140,Business,26,12974.0
2026-02-01,11140,Business,26,12974.0
2026-03-01,11140,Business,26,12974.0
2026-04-01,11140,Business,27,13473.0
2026-05-01,11140,Business,27,13473.0
2026-06-01,11140,Business,28,13972.000000000002
2026-07-01,11140,Business,28,13972.000000000002
2026-06-01,11141,Starter,3,237.0
2026-07-01,11141,Starter,3,237.0
2026-08-01,11141,Starter,3,237.0
2025-07-01,11142,Starter,2,158.0
2025-08-01,11142,Starter,2,158.0
2025-09-01,11142,Starter,2,158.0
2025-10-01,11142,Starter,2,158.0
2025-11-01,11142,Starter,2,158.0
2025-12-01,11142,Starter,2,158.0
2026-01-01,11142,Starter,2,158.0
2026-02-01,11142,Starter,2,158.0
2026-03-01,11142,Starter,2,158.0
2026-04-01,11142,Starter,2,158.0
2026-05-01,11142,Starter,2,158.0
2026-06-01,11142,Starter,2,158.0
2026-07-01,11142,Starter,2,158.0
2026-08-01,11142,Starter,2,158.0
2026-07-01,11143,Starter,4,316.0
2026-08-01,11143,Starter,4,316.0
2026-05-01,11144,Enterprise,37,48063.0
2026-06-01,11144,Enterprise,38,49362.0
2026-07-01,11144,Enterprise,38,49362.0
2026-08-01,11144,Enterprise,39,50660.99999999999
2025-07-01,11145,Pro,5,995.0
2025-08-01,11145,Pro,5,995.0
2025-09-01,11145,Pro,5,995.0
2025-10-01,11145,Pro,5,995.0
2025-11-01,11145,Pro,5,995.0
2025-12-01,11145,Pro,5,995.0
2026-01-01,11145,Pro,5,995.0
2026-02-01,11145,Pro,6,1194.0
2026-03-01,11145,Pro,6,1194.0
2026-04-01,11145,Pro,6,1194.0
2026-05-01,11145,Pro,6,1194.0
2026-06-01,11145,Pro,6,1194.0
2026-07-01,11145,Pro,6,1194.0
2026-08-01,11145,Pro,6,1194.0
2025-10-01,11146,Pro,11,2189.0
2025-11-01,11146,Pro,11,2189.0
2025-12-01,11146,Pro,11,2189.0
2026-01-01,11146,Pro,11,2189.0
2026-02-01,11146,Pro,12,2388.0
2026-03-01,11146,Pro,12,2388.0
2026-04-01,11146,Pro,12,2388.0
2026-05-01,11146,Pro,12,2388.0
2026-06-01,11146,Pro,12,2388.0
2026-07-01,11146,Pro,12,2388.0
2026-08-01,11146,Pro,13,2587.0
2025-11-01,11147,Business,15,7485.0
2025-12-01,11147,Business,15,7485.0
2026-01-01,11147,Business,15,7485.0
2026-02-01,11147,Business,16,7984.0
2026-03-01,11147,Business,16,7984.0
2026-04-01,11147,Business,16,7984.0
2026-05-01,11147,Business,16,7984.0
2026-06-01,11147,Business,17,8483.0
2026-07-01,11147,Business,17,8483.0
2026-08-01,11147,Business,17,8483.0
2026-04-01,11148,Pro,7,1393.0
2026-05-01,11148,Pro,7,1393.0
2026-06-01,11148,Pro,7,1393.0
2026-07-01,11148,Pro,7,1393.0
2026-08-01,11148,Pro,7,1393.0
2026-02-01,11149,Pro,8,1592.0
2026-03-01,11149,Pro,8,1592.0
2026-04-01,11149,Pro,8,1592.0
2026-05-01,11149,Pro,8,1592.0
2026-06-01,11149,Pro,8,1592.0
2026-07-01,11149,Pro,9,1791.0
2026-08-01,11149,Pro,9,1791.0
2026-05-01,11150,Pro,12,2388.0
2026-06-01,11150,Pro,12,2388.0
2026-07-01,11150,Pro,12,2388.0
2026-08-01,11150,Pro,13,2587.0
2025-08-01,11151,Pro,8,1592.0
2025-09-01,11151,Pro,8,1592.0
2025-10-01,11151,Pro,8,1592.0
2025-11-01,11151,Pro,8,1592.0
2025-12-01,11151,Pro,8,1592.0
2026-01-01,11151,Pro,9,1791.0
2026-02-01,11151,Pro,9,1791.0
2026-03-01,11151,Pro,9,1791.0
2026-04-01,11151,Pro,9,1791.0
2026-05-01,11151,Pro,9,1791.0
2026-06-01,11151,Pro,9,1791.0
2026-07-01,11151,Pro,9,1791.0
2026-08-01,11151,Pro,9,1791.0
2025-10-01,11152,Starter,2,158.0
2025-11-01,11152,Starter,2,158.0
2025-12-01,11152,Starter,2,158.0
2026-01-01,11152,Starter,2,158.0
2026-02-01,11152,Starter,2,158.0
2026-03-01,11152,Starter,2,158.0
2026-04-01,11152,Starter,2,158.0
2026-05-01,11152,Starter,2,158.0
2026-06-01,11152,Starter,2,158.0
2026-07-01,11152,Starter,2,158.0
2026-08-01,11152,Starter,2,158.0
2025-09-01,11153,Business,22,10978.0
2025-10-01,11153,Business,22,10978.0
2025-11-01,11153,Business,23,11477.0
2025-12-01,11153,Business,23,11477.0
2026-01-01,11153,Business,23,11477.0
2026-02-01,11153,Business,24,11976.0
2026-03-01,11153,Business,24,11976.0
2026-04-01,11153,Business,24,11976.0
2026-05-01,11153,Business,25,12475.000000000002
2026-06-01,11153,Business,25,12475.000000000002
2026-07-01,11153,Business,25,12475.000000000002
2026-08-01,11153,Business,26,12974.0
2026-06-01,11154,Business,15,7485.0
2026-07-01,11154,Business,15,7485.0
2026-08-01,11154,Business,15,7485.0
2025-07-01,11155,Starter,6,474.0
2025-08-01,11155,Starter,6,474.0
2025-09-01,11155,Starter,6,474.0
2025-10-01,11155,Starter,6,474.0
2025-11-01,11155,Starter,6,474.0
2025-12-01,11155,Starter,6,474.0
2026-01-01,11155,Starter,7,553.0
2026-02-01,11155,Starter,7,553.0
2026-03-01,11155,Starter,7,553.0
2026-04-01,11155,Starter,7,553.0
2026-05-01,11155,Starter,7,553.0
2026-06-01,11155,Starter,7,553.0
2026-07-01,11155,Starter,7,553.0
2026-08-01,11155,Starter,7,553.0
2025-12-01,11156,Pro,8,1592.0
2026-01-01,11156,Pro,8,1592.0
2026-02-01,11156,Pro,8,1592.0
2026-03-01,11156,Pro,8,1592.0
2026-04-01,11156,Pro,8,1592.0
2026-05-01,11156,Pro,9,1791.0
2026-06-01,11156,Pro,9,1791.0
2026-07-01,11156,Pro,9,1791.0
2026-08-01,11156,Pro,9,1791.0
2025-03-01,11157,Starter,1,79.0
2025-04-01,11157,Starter,1,79.0
2025-05-01,11157,Starter,1,79.0
2025-06-01,11157,Starter,1,79.0
2025-07-01,11157,Starter,1,79.0
2025-08-01,11157,Starter,1,79.0
2025-09-01,11157,Starter,1,79.0
2025-10-01,11157,Starter,1,79.0
2025-11-01,11157,Starter,1,79.0
2025-12-01,11157,Starter,1,79.0
2026-01-01,11157,Starter,1,79.0
2026-02-01,11157,Starter,1,79.0
2026-03-01,11157,Starter,1,79.0
2026-04-01,11157,Starter,1,79.0
2026-05-01,11157,Starter,1,79.0
2026-06-01,11157,Starter,1,79.0
2026-07-01,11157,Starter,1,79.0
2026-08-01,11157,Starter,1,79.0
2026-05-01,11158,Enterprise,51,66249.0
2026-06-01,11158,Enterprise,52,67548.0
2026-07-01,11158,Enterprise,53,68847.0
2026-08-01,11158,Enterprise,53,68847.0
2025-08-01,11159,Business,36,17964.0
2025-09-01,11159,Business,37,18463.0
2025-10-01,11159,Business,37,18463.0
2025-11-01,11159,Business,38,18962.0
2025-12-01,11159,Business,38,18962.0
2025-07-01,11160,Business,31,15469.0
2025-08-01,11160,Business,31,15469.0
2025-09-01,11160,Business,32,15968.0
2025-10-01,11160,Business,32,15968.0
2025-11-01,11160,Business,33,16467.0
2025-12-01,11160,Business,33,16467.0
2026-01-01,11160,Business,34,16966.0
2026-02-01,11160,Business,34,16966.0
2026-03-01,11160,Business,35,17465.0
2026-04-01,11160,Business,35,17465.0
2026-05-01,11160,Business,36,17964.0
2026-06-01,11160,Business,36,17964.0
2026-07-01,11160,Business,37,18463.0
2026-08-01,11160,Business,37,18463.0
2025-12-01,11161,Starter,6,474.0
2026-01-01,11161,Starter,6,474.0
2026-02-01,11161,Starter,6,474.0
2026-03-01,11161,Starter,6,474.0
2026-04-01,11161,Starter,6,474.0
2026-05-01,11161,Starter,6,474.0
2026-06-01,11161,Starter,7,553.0
2026-07-01,11161,Starter,7,553.0
2026-08-01,11161,Starter,7,553.0
2025-10-01,11162,Starter,2,158.0
2025-11-01,11162,Starter,2,158.0
2025-12-01,11162,Starter,2,158.0
2026-01-01,11162,Starter,2,158.0
2026-02-01,11162,Starter,2,158.0
2026-03-01,11162,Starter,2,158.0
2026-04-01,11162,Starter,2,158.0
2026-05-01,11162,Starter,2,158.0
2026-06-01,11162,Starter,2,158.0
2026-07-01,11162,Starter,2,158.0
2026-08-01,11162,Starter,2,158.0
2026-05-01,11163,Starter,4,316.0
2026-06-01,11163,Starter,4,316.0
2026-07-01,11163,Starter,4,316.0
2026-08-01,11163,Starter,4,316.0
2025-11-01,11164,Starter,2,158.0
2025-12-01,11164,Starter,2,158.0
2026-01-01,11164,Starter,2,158.0
2026-02-01,11164,Starter,2,158.0
2026-03-01,11164,Starter,2,158.0
2026-04-01,11164,Starter,2,158.0
2026-05-01,11164,Starter,2,158.0
2026-06-01,11164,Starter,2,158.0
2026-07-01,11164,Starter,2,158.0
2026-08-01,11164,Starter,2,158.0
2025-11-01,11165,Starter,3,237.0
2025-12-01,11165,Starter,3,237.0
2026-01-01,11165,Starter,3,237.0
2026-02-01,11165,Starter,3,237.0
2026-03-01,11165,Starter,3,237.0
2026-04-01,11165,Starter,3,237.0
2026-05-01,11165,Starter,3,237.0
2026-06-01,11165,Starter,3,237.0
2026-07-01,11165,Starter,3,237.0
2026-08-01,11165,Starter,3,237.0
2025-03-01,11166,Starter,2,158.0
2025-04-01,11166,Starter,2,158.0
2025-05-01,11166,Starter,2,158.0
2025-06-01,11166,Starter,2,158.0
2025-07-01,11166,Starter,2,158.0
2025-08-01,11166,Starter,2,158.0
2025-09-01,11166,Starter,2,158.0
2025-10-01,11166,Starter,2,158.0
2025-11-01,11166,Starter,2,158.0
2025-12-01,11166,Starter,2,158.0
2026-01-01,11166,Starter,2,158.0
2026-02-01,11166,Starter,2,158.0
2026-03-01,11166,Starter,2,158.0
2026-04-01,11166,Starter,2,158.0
2026-05-01,11166,Starter,2,158.0
2026-06-01,11166,Starter,2,158.0
2026-07-01,11166,Starter,2,158.0
2026-08-01,11166,Starter,2,158.0
2025-01-01,11167,Enterprise,36,46764.0
2025-02-01,11167,Enterprise,37,48062.99999999999
2025-03-01,11167,Enterprise,37,48062.99999999999
2025-04-01,11167,Enterprise,38,49362.0
2025-05-01,11167,Enterprise,38,49362.0
2025-06-01,11167,Enterprise,39,50661.0
2025-07-01,11167,Enterprise,39,50661.0
2025-08-01,11167,Enterprise,40,51960.0
2025-09-01,11167,Enterprise,40,51960.0
2025-10-01,11167,Enterprise,41,53259.0
2025-11-01,11167,Enterprise,41,53259.0
2025-12-01,11167,Enterprise,42,54558.0
2026-01-01,11167,Enterprise,42,54558.0
2026-02-01,11167,Enterprise,42,54558.0
2026-03-01,11167,Enterprise,42,54558.0
2026-04-01,11167,Enterprise,42,54558.0
2026-05-01,11167,Enterprise,42,54558.0
2026-06-01,11167,Enterprise,42,54558.0
2026-07-01,11167,Enterprise,42,54558.0
2026-08-01,11167,Enterprise,42,54558.0
2025-08-01,11168,Starter,2,158.0
2025-09-01,11168,Starter,2,158.0
2025-10-01,11168,Starter,2,158.0
2025-11-01,11168,Starter,2,158.0
2025-12-01,11168,Starter,2,158.0
2026-01-01,11168,Starter,2,158.0
2026-02-01,11168,Starter,2,158.0
2026-03-01,11168,Starter,2,158.0
2026-04-01,11168,Starter,2,158.0
2026-05-01,11168,Starter,2,158.0
2026-06-01,11168,Starter,2,158.0
2026-07-01,11168,Starter,2,158.0
2026-08-01,11168,Starter,2,158.0
2026-08-01,11169,Starter,4,316.0
2026-07-01,11170,Business,24,11976.0
2026-08-01,11170,Business,24,11976.0
2026-01-01,11171,Pro,9,1791.0
2026-02-01,11171,Pro,9,1791.0
2026-03-01,11171,Pro,9,1791.0
2026-04-01,11171,Pro,9,1791.0
2026-05-01,11171,Pro,10,1990.0
2026-06-01,11171,Pro,10,1990.0
2026-07-01,11171,Pro,10,1990.0
2026-08-01,11171,Pro,10,1990.0
2026-01-01,11172,Business,11,5489.0
2026-02-01,11172,Business,11,5489.0
2026-03-01,11172,Business,11,5489.0
2026-04-01,11172,Business,11,5489.0
2025-08-01,11173,Pro,7,1393.0
2025-09-01,11173,Pro,7,1393.0
2025-10-01,11173,Pro,7,1393.0
2025-11-01,11173,Pro,7,1393.0
2025-12-01,11173,Pro,7,1393.0
2026-01-01,11173,Pro,8,1592.0
2026-02-01,11173,Pro,8,1592.0
2026-03-01,11173,Pro,8,1592.0
2026-04-01,11173,Pro,8,1592.0
2026-05-01,11173,Pro,8,1592.0
2026-06-01,11173,Pro,8,1592.0
2026-07-01,11173,Pro,8,1592.0
2026-08-01,11173,Pro,8,1592.0
2025-04-01,11174,Business,14,6986.0
2025-05-01,11174,Business,14,6986.0
2025-06-01,11174,Business,14,6986.0
2025-07-01,11174,Business,15,7485.0
2025-08-01,11174,Business,15,7485.0
2025-09-01,11174,Business,15,7485.0
2025-10-01,11174,Business,15,7485.0
2025-11-01,11174,Business,15,7485.0
2025-12-01,11174,Business,16,7984.0
2026-01-01,11174,Business,16,7984.0
2026-02-01,11174,Business,16,7984.0
2026-03-01,11174,Business,16,7984.0
2026-04-01,11174,Business,17,8483.0
2026-05-01,11174,Business,17,8483.0
2026-06-01,11174,Business,17,8483.0
2026-07-01,11174,Business,17,8483.0
2026-08-01,11174,Business,17,8483.0
2025-01-01,11175,Pro,11,2189.0
2025-02-01,11175,Pro,11,2189.0
2025-03-01,11175,Pro,11,2189.0
2025-04-01,11175,Pro,11,2189.0
2025-05-01,11175,Pro,12,2388.0
2025-06-01,11175,Pro,12,2388.0
2025-07-01,11176,Pro,12,2388.0
2025-08-01,11176,Pro,12,2388.0
2025-09-01,11176,Pro,12,2388.0
2025-10-01,11176,Pro,13,2587.0
2025-11-01,11176,Pro,13,2587.0
2025-12-01,11176,Pro,13,2587.0
2026-01-01,11176,Pro,13,2587.0
2026-02-01,11176,Pro,13,2587.0
2026-03-01,11176,Pro,13,2587.0
2026-04-01,11176,Pro,14,2786.0
2026-05-01,11176,Pro,14,2786.0
2026-06-01,11176,Pro,14,2786.0
2026-07-01,11176,Pro,14,2786.0
2026-08-01,11176,Pro,14,2786.0
2025-07-01,11177,Pro,12,2388.0
2025-08-01,11177,Pro,12,2388.0
2025-09-01,11177,Pro,12,2388.0
2025-10-01,11177,Pro,13,2587.0
2025-11-01,11177,Pro,13,2587.0
2025-12-01,11177,Pro,13,2587.0
2026-01-01,11177,Pro,13,2587.0
2026-02-01,11177,Pro,13,2587.0
2026-03-01,11177,Pro,13,2587.0
2026-04-01,11177,Pro,14,2786.0
2026-05-01,11177,Pro,14,2786.0
2026-06-01,11177,Pro,14,2786.0
2026-07-01,11177,Pro,14,2786.0
2026-08-01,11177,Pro,14,2786.0
2025-04-01,11178,Pro,6,1194.0
2025-05-01,11178,Pro,6,1194.0
2025-06-01,11178,Pro,6,1194.0
2025-07-01,11178,Pro,6,1194.0
2025-06-01,11179,Starter,1,79.0
2025-07-01,11179,Starter,1,79.0
2025-08-01,11179,Starter,1,79.0
2025-09-01,11179,Starter,1,79.0
2025-10-01,11179,Starter,1,79.0
2025-11-01,11179,Starter,1,79.0
2025-12-01,11179,Starter,1,79.0
2026-01-01,11179,Starter,1,79.0
2026-02-01,11179,Starter,1,79.0
2026-03-01,11179,Starter,1,79.0
2026-04-01,11179,Starter,1,79.0
2026-05-01,11179,Starter,1,79.0
2026-06-01,11179,Starter,1,79.0
2026-07-01,11179,Starter,1,79.0
2026-08-01,11179,Starter,1,79.0
2025-01-01,11180,Pro,4,796.0
2025-02-01,11180,Pro,4,796.0
2025-03-01,11180,Pro,4,796.0
2025-04-01,11180,Pro,4,796.0
2025-05-01,11180,Pro,4,796.0
2025-06-01,11180,Pro,4,796.0
2025-07-01,11180,Pro,4,796.0
2025-08-01,11180,Pro,4,796.0
2025-09-01,11180,Pro,4,796.0
2025-10-01,11180,Pro,5,995.0
2025-11-01,11180,Pro,5,995.0
2025-12-01,11180,Pro,5,995.0
2026-01-01,11180,Pro,5,995.0
2026-02-01,11180,Pro,5,995.0
2026-03-01,11180,Pro,5,995.0
2026-04-01,11180,Pro,5,995.0
2026-05-01,11180,Pro,5,995.0
2026-06-01,11180,Pro,5,995.0
2026-07-01,11180,Pro,5,995.0
2026-08-01,11180,Pro,5,995.0
2025-12-01,11181,Starter,5,395.0
2026-01-01,11181,Starter,5,395.0
2026-02-01,11181,Starter,5,395.0
2026-03-01,11181,Starter,5,395.0
2026-04-01,11181,Starter,5,395.0
2026-05-01,11181,Starter,5,395.0
2026-07-01,11182,Business,16,7984.0
2026-08-01,11182,Business,16,7984.0
2026-02-01,11183,Starter,2,158.0
2026-03-01,11183,Starter,2,158.0
2026-04-01,11183,Starter,2,158.0
2026-05-01,11183,Starter,2,158.0
2026-06-01,11183,Starter,2,158.0
2026-07-01,11183,Starter,2,158.0
2026-08-01,11183,Starter,2,158.0
2025-09-01,11184,Starter,5,395.0
2025-10-01,11184,Starter,5,395.0
2025-11-01,11184,Starter,5,395.0
2025-12-01,11184,Starter,5,395.0
2026-01-01,11184,Starter,5,395.0
2026-02-01,11184,Starter,5,395.0
2026-03-01,11184,Starter,5,395.0
2026-04-01,11184,Starter,6,474.0
2026-05-01,11184,Starter,6,474.0
2026-06-01,11184,Starter,6,474.0
2026-07-01,11184,Starter,6,474.0
2026-08-01,11184,Starter,6,474.0
2025-09-01,11185,Starter,5,395.0
2025-10-01,11185,Starter,5,395.0
2025-11-01,11185,Starter,5,395.0
2025-12-01,11185,Starter,5,395.0
2026-01-01,11185,Starter,5,395.0
2026-02-01,11185,Starter,5,395.0
2026-03-01,11185,Starter,5,395.0
2026-04-01,11185,Starter,6,474.0
2026-05-01,11185,Starter,6,474.0
2026-06-01,11185,Starter,6,474.0
2026-07-01,11185,Starter,6,474.0
2026-08-01,11185,Starter,6,474.0
2025-07-01,11186,Business,18,8982.0
2025-08-01,11186,Business,18,8982.0
2025-09-01,11186,Business,19,9481.0
2025-10-01,11186,Business,19,9481.0
2025-11-01,11186,Business,19,9481.0
2025-12-01,11186,Business,19,9481.0
2026-01-01,11186,Business,20,9980.0
2026-02-01,11186,Business,20,9980.0
2026-03-01,11186,Business,20,9980.0
2026-04-01,11186,Business,20,9980.0
2026-05-01,11186,Business,21,10479.0
2026-06-01,11186,Business,21,10479.0
2026-07-01,11186,Business,21,10479.0
2026-08-01,11186,Business,21,10479.0
2025-03-01,11187,Starter,3,237.0
2025-04-01,11187,Starter,3,237.0
2025-05-01,11187,Starter,3,237.0
2025-06-01,11187,Starter,3,237.0
2025-07-01,11187,Starter,3,237.0
2025-08-01,11187,Starter,3,237.0
2025-09-01,11187,Starter,3,237.0
2025-10-01,11187,Starter,3,237.0
2025-11-01,11187,Starter,3,237.0
2025-12-01,11187,Starter,3,237.0
2026-01-01,11187,Starter,3,237.0
2026-02-01,11187,Starter,3,237.0
2026-03-01,11187,Starter,4,316.0
2026-04-01,11187,Starter,4,316.0
2026-05-01,11187,Starter,4,316.0
2026-06-01,11187,Starter,4,316.0
2026-07-01,11187,Starter,4,316.0
2026-08-01,11187,Starter,4,316.0
2025-12-01,11188,Pro,8,1592.0
2026-01-01,11188,Pro,8,1592.0
2026-02-01,11188,Pro,8,1592.0
2026-03-01,11188,Pro,8,1592.0
2026-04-01,11188,Pro,8,1592.0
2026-05-01,11188,Pro,9,1791.0
2026-06-01,11188,Pro,9,1791.0
2026-07-01,11188,Pro,9,1791.0
2026-08-01,11188,Pro,9,1791.0
2025-12-01,11189,Business,19,9481.0
2026-01-01,11189,Business,19,9481.0
2026-02-01,11189,Business,20,9980.0
2026-03-01,11189,Business,20,9980.0
2026-04-01,11189,Business,20,9980.0
2026-05-01,11189,Business,20,9980.0
2026-06-01,11189,Business,21,10479.000000000002
2026-07-01,11189,Business,21,10479.000000000002
2026-08-01,11189,Business,21,10479.000000000002
2025-01-01,11190,Starter,5,395.0
2025-02-01,11190,Starter,5,395.0
2025-03-01,11190,Starter,5,395.0
2025-04-01,11190,Starter,5,395.0
2025-05-01,11190,Starter,5,395.0
2025-06-01,11190,Starter,5,395.0
2025-07-01,11190,Starter,5,395.0
2025-08-01,11190,Starter,6,474.0
2025-09-01,11190,Starter,6,474.0
2025-10-01,11190,Starter,6,474.0
2025-11-01,11190,Starter,6,474.0
2025-12-01,11190,Starter,6,474.0
2026-01-01,11190,Starter,6,474.0
2026-02-01,11190,Starter,6,474.0
2026-03-01,11190,Starter,6,474.0
2026-04-01,11190,Starter,6,474.0
2026-05-01,11190,Starter,6,474.0
2026-06-01,11190,Starter,6,474.0
2026-07-01,11190,Starter,6,474.0
2026-08-01,11190,Starter,6,474.0
2025-09-01,11191,Business,21,10479.0
2025-10-01,11191,Business,21,10479.0
2025-11-01,11191,Business,22,10978.0
2025-12-01,11191,Business,22,10978.0
2026-01-01,11191,Business,22,10978.0
2026-02-01,11191,Business,23,11477.000000000002
2026-03-01,11191,Business,23,11477.000000000002
2026-04-01,11191,Business,23,11477.000000000002
2026-05-01,11191,Business,24,11976.0
2026-06-01,11191,Business,24,11976.0
2026-07-01,11191,Business,24,11976.0
2026-08-01,11191,Business,24,11976.0
2025-06-01,11192,Starter,4,316.0
2025-07-01,11192,Starter,4,316.0
2025-08-01,11192,Starter,4,316.0
2025-09-01,11192,Starter,4,316.0
2025-10-01,11192,Starter,4,316.0
2025-11-01,11192,Starter,4,316.0
2025-12-01,11192,Starter,4,316.0
2026-01-01,11192,Starter,4,316.0
2026-02-01,11192,Starter,4,316.0
2026-03-01,11192,Starter,5,395.0
2026-04-01,11192,Starter,5,395.0
2026-05-01,11192,Starter,5,395.0
2026-06-01,11192,Starter,5,395.0
2026-07-01,11192,Starter,5,395.0
2026-08-01,11192,Starter,5,395.0
2025-04-01,11193,Starter,5,395.0
2025-05-01,11193,Starter,5,395.0
2025-06-01,11193,Starter,5,395.0
2025-07-01,11193,Starter,5,395.0
2025-08-01,11193,Starter,5,395.0
2025-09-01,11193,Starter,5,395.0
2025-10-01,11193,Starter,5,395.0
2025-11-01,11193,Starter,6,474.0
2025-12-01,11193,Starter,6,474.0
2026-01-01,11193,Starter,6,474.0
2026-02-01,11193,Starter,6,474.0
2026-03-01,11193,Starter,6,474.0
2026-04-01,11193,Starter,6,474.0
2026-05-01,11193,Starter,6,474.0
2026-06-01,11193,Starter,6,474.0
2026-07-01,11193,Starter,6,474.0
2026-08-01,11193,Starter,6,474.0
2026-02-01,11194,Pro,5,995.0
2026-03-01,11194,Pro,5,995.0
2026-04-01,11194,Pro,5,995.0
2026-05-01,11194,Pro,5,995.0
2026-06-01,11194,Pro,5,995.0
2026-07-01,11194,Pro,5,995.0
2026-08-01,11194,Pro,5,995.0
2025-11-01,11195,Business,23,11477.0
2025-12-01,11195,Business,23,11477.0
2026-01-01,11195,Business,24,11976.0
2026-02-01,11195,Business,24,11976.0
2026-03-01,11195,Business,24,11976.0
2026-04-01,11195,Business,25,12475.0
2026-05-01,11195,Business,25,12475.0
2026-06-01,11195,Business,25,12475.0
2026-07-01,11195,Business,26,12973.999999999998
2026-08-01,11195,Business,26,12973.999999999998
2026-01-01,11196,Starter,3,237.0
2026-02-01,11196,Starter,3,237.0
2026-03-01,11196,Starter,3,237.0
2026-04-01,11196,Starter,3,237.0
2026-05-01,11196,Starter,3,237.0
2026-06-01,11196,Starter,3,237.0
2026-07-01,11196,Starter,3,237.0
2026-08-01,11196,Starter,3,237.0
2026-03-01,11197,Pro,3,597.0
2026-04-01,11197,Pro,3,597.0
2026-05-01,11197,Pro,3,597.0
2026-06-01,11197,Pro,3,597.0
2026-07-01,11197,Pro,3,597.0
2026-08-01,11197,Pro,3,597.0
2026-08-01,11198,Starter,1,79.0
2026-04-01,11199,Pro,6,1194.0
2026-05-01,11199,Pro,6,1194.0
2026-06-01,11199,Pro,6,1194.0
2026-07-01,11199,Pro,6,1194.0
2026-08-01,11199,Pro,6,1194.0
2026-01-01,11200,Pro,10,1990.0
2026-02-01,11200,Pro,10,1990.0
2026-03-01,11200,Pro,10,1990.0
2026-04-01,11200,Pro,10,1990.0
2026-05-01,11200,Pro,11,2189.0
2026-06-01,11200,Pro,11,2189.0
2026-07-01,11200,Pro,11,2189.0
2026-08-01,11200,Pro,11,2189.0
