origin,dest,quarter,origin_city,dest_city,origin_tier,dest_tier,distance_miles,departures,seats,passengers,load_factor,avg_fare,revenue,op_cost,casm_cents,asm,rpm,rasm_cents,yield_cents_per_mile,operating_profit,operating_margin_pct,route
ORD,LAX,1,Chicago O'Hare,Los Angeles,hub,spoke,1741.6,91,13650,9692,0.71,228.84,2217917.28,1385781.8,5.83,23772840.0,16879587.2,9.329626918786312,13.139641708773542,832135.4799999997,37.518778878894885,ORD-LAX
LAX,ORD,1,Los Angeles,Chicago O'Hare,spoke,hub,1741.6,72,11520,6863,0.596,193.36,1327029.68,1267661.72,6.32,20063232.0,11952600.799999999,6.614236828841934,11.102434542949013,59367.95999999996,4.473747716026967,LAX-ORD
ORD,LAX,2,Chicago O'Hare,Los Angeles,hub,spoke,1741.6,82,12300,8450,0.687,288.42,2437149.0,1331017.78,6.21,21421680.0,14716520.0,11.37702084990533,16.560633899862196,1106131.22,45.38627798300391,ORD-LAX
LAX,ORD,2,Los Angeles,Chicago O'Hare,spoke,hub,1741.6,71,13419,10090,0.752,203.33,2051599.7,1673017.54,7.16,23370530.4,17572744.0,8.778575688637344,11.674896646761598,378582.1599999999,18.453022780223645,LAX-ORD
ORD,LAX,3,Chicago O'Hare,Los Angeles,hub,spoke,1741.6,75,11250,9255,0.823,299.29,2769928.95,1227715.97,6.27,19593000.0,16118508.0,14.137339611085592,17.184772622875517,1542212.9800000002,55.676986949430606,ORD-LAX
LAX,ORD,3,Los Angeles,Chicago O'Hare,spoke,hub,1741.6,102,15300,13913,0.909,197.81,2752130.53,1533062.12,5.75,26646480.0,24230880.799999997,10.328308016668618,11.357946715663758,1219068.4099999997,44.29544299266938,LAX-ORD
ORD,LAX,4,Chicago O'Hare,Los Angeles,hub,spoke,1741.6,77,5852,5072,0.867,236.52,1199629.44,864105.59,8.48,10191843.2,8833395.2,11.77048563698468,13.580615525953146,335523.85,27.968957647454868,ORD-LAX
LAX,ORD,4,Los Angeles,Chicago O'Hare,spoke,hub,1741.6,64,4864,3939,0.81,239.23,942326.97,654346.79,7.72,8471142.4,6860162.399999999,11.123965641281156,13.736219568213137,287980.17999999993,30.560536752970147,LAX-ORD
ORD,JFK,1,Chicago O'Hare,New York JFK,hub,spoke,737.8,91,17199,10901,0.634,94.85,1033959.85,1077807.23,8.49,12689422.2,8042757.8,8.148202760563834,12.855787476280836,-43847.380000000005,-4.240723660594752,ORD-JFK
JFK,ORD,1,New York JFK,Chicago O'Hare,spoke,hub,737.8,85,12750,6775,0.531,122.24,828176.0,715854.98,7.61,9406950.0,4998595.0,8.80387373165585,16.568175657359717,112321.02000000002,13.562457738451734,JFK-ORD
ORD,JFK,2,Chicago O'Hare,New York JFK,hub,spoke,737.8,100,15000,9614,0.641,103.3,993126.2,848861.19,7.67,11067000.0,7093209.199999999,8.973761633685733,14.001084304689618,144265.01,14.526352240027501,ORD-JFK
JFK,ORD,2,New York JFK,Chicago O'Hare,spoke,hub,737.8,95,17955,13603,0.758,117.91,1603929.73,1124785.83,8.49,13247199.0,10036293.399999999,12.107689557618935,15.981295744104095,479143.8999999999,29.873122932885586,JFK-ORD
ORD,JFK,3,Chicago O'Hare,New York JFK,hub,spoke,737.8,74,13986,12445,0.89,74.42,926156.9,778330.53,7.54,10318870.799999999,9181921.0,8.975370638422957,10.086744375169422,147826.37,15.961266390176437,ORD-JFK
JFK,ORD,3,New York JFK,Chicago O'Hare,spoke,hub,737.8,78,11700,11349,0.97,114.07,1294580.43,670372.68,7.77,8632260.0,8373292.199999999,14.997004608294931,15.460829493087559,624207.7499999999,48.216992589637705,JFK-ORD
ORD,JFK,4,Chicago O'Hare,New York JFK,hub,spoke,737.8,77,12320,9633,0.782,100.71,970139.43,740776.06,8.15,9089696.0,7107227.399999999,10.672957929506113,13.650040661425864,229363.37,23.64230984818337,ORD-JFK
JFK,ORD,4,New York JFK,Chicago O'Hare,spoke,hub,737.8,75,11250,9827,0.874,125.47,1232993.69,596430.94,7.19,8300249.999999999,7250360.6,14.85489822595705,17.0059636757929,636562.75,51.627413437939005,JFK-ORD
ORD,MIA,1,Chicago O'Hare,Miami,hub,spoke,1199.5,88,6688,5060,0.757,156.07,789714.2,805508.62,10.04,8022256.0,6069470.0,9.844041376889493,13.011254689453938,-15794.420000000042,-2.000017221420109,ORD-MIA
MIA,ORD,1,Miami,Chicago O'Hare,spoke,hub,1199.5,74,11100,8869,0.799,188.22,1669323.18,882446.94,6.63,13314450.0,10638365.5,12.537680339781215,15.691538140892039,786876.24,47.13744165464713,MIA-ORD
ORD,MIA,2,Chicago O'Hare,Miami,hub,spoke,1199.5,95,15200,10130,0.666,152.8,1547864.0,1084771.19,5.95,18232400.0,12150935.0,8.489633838660845,12.738641100458526,463092.81000000006,29.918184672555213,ORD-MIA
MIA,ORD,2,Miami,Chicago O'Hare,spoke,hub,1199.5,78,14742,11484,0.779,163.87,1881883.08,1231433.39,6.96,17683029.0,13775058.0,10.642311789456434,13.661525635681535,650449.6900000002,34.56376737283807,MIA-ORD
ORD,MIA,3,Chicago O'Hare,Miami,hub,spoke,1199.5,85,13600,10607,0.78,170.28,1806159.96,1038739.87,6.37,16313200.0,12723096.5,11.071769855086679,14.195914964568571,767420.09,42.48904343998413,ORD-MIA
MIA,ORD,3,Miami,Chicago O'Hare,spoke,hub,1199.5,92,17388,15806,0.909,198.64,3139703.84,1327736.06,6.37,20856906.0,18959297.0,15.053545525880013,16.56023343059608,1811967.7799999998,57.711423508021056,MIA-ORD
ORD,MIA,4,Chicago O'Hare,Miami,hub,spoke,1199.5,99,15840,11056,0.698,218.05,2410760.8,1134321.81,5.97,19000080.0,13261672.0,12.688161313004997,18.17840766986244,1276438.9899999998,52.94755871258566,ORD-MIA
MIA,ORD,4,Miami,Chicago O'Hare,spoke,hub,1199.5,91,6916,4693,0.679,169.43,795134.99,769155.45,9.27,8295742.0,5629253.5,9.584856785565414,14.125052105043768,25979.540000000037,3.267311881219067,MIA-ORD
ORD,PHX,1,Chicago O'Hare,Phoenix,hub,spoke,1437.8,77,14553,12713,0.874,159.97,2033698.61,1442732.06,6.89,20924303.4,18278751.4,9.719313332074893,11.126025872861318,590966.55,29.058708458280357,ORD-PHX
PHX,ORD,1,Phoenix,Chicago O'Hare,spoke,hub,1437.8,91,6916,6121,0.885,160.01,979421.21,865141.35,8.7,9943824.799999999,8800773.799999999,9.84954209973611,11.1288079009598,114279.85999999999,11.668101408585994,PHX-ORD
ORD,PHX,2,Chicago O'Hare,Phoenix,hub,spoke,1437.8,79,14931,12543,0.84,193.99,2433216.57,1395283.01,6.5,21467791.8,18034325.4,11.334265734773894,13.492140770621782,1037933.5599999998,42.65685072167661,ORD-PHX
PHX,ORD,2,Phoenix,Chicago O'Hare,spoke,hub,1437.8,84,13440,11188,0.833,198.85,2224733.8,1337836.4,6.92,19324032.0,16086106.4,11.512782632527205,13.830157184587563,886897.3999999999,39.86532680898721,PHX-ORD
ORD,PHX,3,Chicago O'Hare,Phoenix,hub,spoke,1437.8,86,12900,10579,0.82,144.59,1529617.61,1158605.0,6.25,18547620.0,15210486.2,8.246975137510905,10.056336068994298,371012.6100000001,24.255252265303096,ORD-PHX
PHX,ORD,3,Phoenix,Chicago O'Hare,spoke,hub,1437.8,79,12640,9858,0.78,197.03,1942321.74,1201363.37,6.61,18173792.0,14173832.4,10.687487454461897,13.703574906106553,740958.3699999999,38.148075817758176,PHX-ORD
ORD,PHX,4,Chicago O'Hare,Phoenix,hub,spoke,1437.8,85,13600,9662,0.71,188.19,1818291.78,1386347.49,7.09,19554080.0,13892023.6,9.298784601474475,13.088746696341632,431944.29000000004,23.755499241161395,ORD-PHX
PHX,ORD,4,Phoenix,Chicago O'Hare,spoke,hub,1437.8,75,5700,4550,0.798,198.66,903903.0,658979.31,8.04,8195460.0,6541990.0,11.02931379080613,13.816942551119766,244923.68999999994,27.096235989923688,PHX-ORD
ORD,IAH,1,Chicago O'Hare,Houston,hub,spoke,926.7,85,13600,9152,0.673,147.77,1352391.04,815333.15,6.47,12603120.0,8481158.4,10.730605120002032,15.945829286716304,537057.89,39.711730861511775,ORD-IAH
IAH,ORD,1,Houston,Chicago O'Hare,spoke,hub,926.7,75,12000,9023,0.752,139.04,1254557.92,811289.01,7.3,11120400.0,8361614.100000001,11.281589870867954,15.003776842559619,443268.9099999999,35.332677984289475,IAH-ORD
ORD,IAH,2,Chicago O'Hare,Houston,hub,spoke,926.7,72,10800,7754,0.718,165.57,1283829.78,725665.36,7.25,10008360.0,7185631.800000001,12.827573948179321,17.866623502751697,558164.42,43.47651290656305,ORD-IAH
IAH,ORD,2,Houston,Chicago O'Hare,spoke,hub,926.7,88,16632,11999,0.721,140.49,1685739.51,1070116.54,6.94,15412874.4,11119473.3,10.937216941182626,15.16024603431531,615622.97,36.51946023380563,IAH-ORD
ORD,IAH,3,Chicago O'Hare,Houston,hub,spoke,926.7,106,15900,14064,0.885,133.69,1880216.16,1146654.67,7.78,14734530.0,13033108.8,12.760611705972297,14.426459479874824,733561.49,39.014742326222745,ORD-IAH
IAH,ORD,3,Houston,Chicago O'Hare,spoke,hub,926.7,79,14931,14122,0.946,119.65,1689697.3,970344.31,7.01,13836557.700000001,13086857.4,12.211832860712168,12.911406064530054,719352.99,42.572891014266276,IAH-ORD
ORD,IAH,4,Chicago O'Hare,Houston,hub,spoke,926.7,68,10880,9254,0.851,141.09,1305646.86,698090.11,6.92,10082496.0,8575681.8,12.949639255993755,15.224991906765945,607556.7500000001,46.533007401404085,ORD-IAH
IAH,ORD,4,Houston,Chicago O'Hare,spoke,hub,926.7,72,13608,10646,0.782,141.11,1502257.06,876260.67,6.95,12610533.600000001,9865648.200000001,11.912716048748324,15.227150102514297,625996.39,41.67039095159919,IAH-ORD
ORD,BOS,1,Chicago O'Hare,Boston,hub,spoke,863.9,98,15680,11061,0.705,119.48,1321568.28,1014310.49,7.49,13545952.0,9555597.9,9.756186054697375,13.830304433383494,307257.79000000004,23.249482803869963,ORD-BOS
BOS,ORD,1,Boston,Chicago O'Hare,spoke,hub,863.9,95,17955,13346,0.743,122.95,1640890.7,1221602.51,7.88,15511324.5,11529609.4,10.578662705431762,14.231971292973721,419288.18999999994,25.552475250179675,BOS-ORD
ORD,BOS,2,Chicago O'Hare,Boston,hub,spoke,863.9,77,12320,11918,0.967,140.84,1678531.12,746624.06,7.01,10643248.0,10295960.2,15.770854160308959,16.302812825558515,931907.06,55.51920062107636,ORD-BOS
BOS,ORD,2,Boston,Chicago O'Hare,spoke,hub,863.9,85,16065,11791,0.734,121.77,1435790.07,986076.89,7.11,13878553.5,10186244.9,10.345387003047545,14.095381409885405,449713.18000000005,31.321652753873693,BOS-ORD
ORD,BOS,3,Chicago O'Hare,Boston,hub,spoke,863.9,65,4940,4655,0.942,138.67,645508.85,449738.56,10.54,4267666.0,4021454.5,15.125570979547135,16.051626345641857,195770.28999999998,30.328056695117343,ORD-BOS
BOS,ORD,3,Boston,Chicago O'Hare,spoke,hub,863.9,92,6992,6632,0.949,153.3,1016685.6,569107.61,9.42,6040388.8,5729384.8,16.831459590813093,17.74510938766061,447577.99,44.02324474744208,BOS-ORD
ORD,BOS,4,Chicago O'Hare,Boston,hub,spoke,863.9,61,4636,3270,0.705,149.49,488832.3,399548.87,9.98,4005040.4,2824953.0,12.205427440881744,17.30408612107883,89283.43,18.26463390410167,ORD-BOS
BOS,ORD,4,Boston,Chicago O'Hare,spoke,hub,863.9,79,14931,11968,0.802,125.24,1498872.32,898522.84,6.97,12898890.9,10339155.2,11.620164335214278,14.497048269475634,600349.4800000001,40.05341028647457,BOS-ORD
ORD,SFO,1,Chicago O'Hare,San Francisco,hub,spoke,1842.2,88,13200,9977,0.756,270.36,2697381.72,1456855.33,5.99,24317040.0,18379629.400000002,11.092557811312561,14.675930952122462,1240526.3900000001,45.99001990715649,ORD-SFO
SFO,ORD,1,San Francisco,Chicago O'Hare,spoke,hub,1842.2,88,13200,7485,0.567,204.87,1533451.95,1491033.57,6.13,24317040.0,13788867.0,6.306079810700645,11.120942351536206,42418.37999999989,2.766202097170367,SFO-ORD
ORD,SFO,2,Chicago O'Hare,San Francisco,hub,spoke,1842.2,77,12320,11705,0.95,255.04,2985243.2,1458750.71,6.43,22695904.0,21562951.0,13.1532244760993,13.844316578004563,1526492.4900000002,51.13461074126222,ORD-SFO
SFO,ORD,2,San Francisco,Chicago O'Hare,spoke,hub,1842.2,98,7448,6661,0.894,200.79,1337462.19,1188482.07,8.66,13720705.6,12270894.200000001,9.747765377314122,10.89946802735859,148980.11999999988,11.1390154513452,SFO-ORD
ORD,SFO,3,Chicago O'Hare,San Francisco,hub,spoke,1842.2,81,6156,5971,0.97,234.0,1397214.0,994970.85,8.77,11340583.200000001,10999776.200000001,12.320477486554658,12.702203886657257,402243.15,28.788943569131142,ORD-SFO
SFO,ORD,3,San Francisco,Chicago O'Hare,spoke,hub,1842.2,106,15900,13066,0.822,221.26,2890983.16,1853369.36,6.33,29290980.0,24070185.2,9.86987516293412,12.01063945282814,1037613.8,35.89138167100219,SFO-ORD
ORD,SFO,4,Chicago O'Hare,San Francisco,hub,spoke,1842.2,88,6688,4653,0.696,243.98,1135238.94,962297.55,7.81,12320633.6,8571756.6,9.214127916278592,13.24394745413093,172941.3899999999,15.233919830128439,ORD-SFO
SFO,ORD,4,San Francisco,Chicago O'Hare,spoke,hub,1842.2,96,15360,11742,0.764,256.7,3014171.4,1920423.95,6.79,28296192.0,21631112.400000002,10.652215676229508,13.934426229508196,1093747.45,36.28683657472166,SFO-ORD
ORD,LAS,1,Chicago O'Hare,Las Vegas,hub,spoke,1511.2,70,10500,9873,0.94,158.18,1561711.14,1094758.66,6.9,15867600.0,14920077.6,9.842138319594646,10.467178401270512,466952.48,29.900054372411024,ORD-LAS
LAS,ORD,1,Las Vegas,Chicago O'Hare,spoke,hub,1511.2,78,12480,12105,0.97,148.0,1791540.0,1200241.62,6.36,18859776.0,18293076.0,9.49926446634361,9.793541556379036,591298.3799999999,33.005033658193504,LAS-ORD
ORD,LAS,2,Chicago O'Hare,Las Vegas,hub,spoke,1511.2,84,13440,10181,0.758,189.0,1924209.0,1171825.62,5.77,20310528.0,15385527.200000001,9.473948683165696,12.506617257808363,752383.3799999999,39.100917831690836,ORD-LAS
LAS,ORD,2,Las Vegas,Chicago O'Hare,spoke,hub,1511.2,78,11700,8015,0.685,201.84,1617747.6,1051113.22,5.95,17681040.0,12112268.0,9.149617895779887,13.35627316040233,566634.3800000001,35.02613015775762,LAS-ORD
ORD,LAS,3,Chicago O'Hare,Las Vegas,hub,spoke,1511.2,74,11840,8915,0.753,190.22,1695811.3,1196684.62,6.69,17892608.0,13472348.0,9.47772007300445,12.58734780307041,499126.67999999993,29.432913909702098,ORD-LAS
LAS,ORD,3,Las Vegas,Chicago O'Hare,spoke,hub,1511.2,65,12285,10203,0.831,190.7,1945712.1,1267299.55,6.83,18565092.0,15418773.6,10.480487249941989,12.619110640550558,678412.55,34.86705715609211,LAS-ORD
ORD,LAS,4,Chicago O'Hare,Las Vegas,hub,spoke,1511.2,79,12640,9053,0.716,163.79,1482790.87,1314116.94,6.88,19101568.0,13680893.6,7.762665714144515,10.838406564319747,168673.93000000017,11.375436240715466,ORD-LAS
LAS,ORD,4,Las Vegas,Chicago O'Hare,spoke,hub,1511.2,99,15840,11884,0.75,159.13,1891100.92,1558630.84,6.51,23937408.0,17959100.8,7.900190864441129,10.530042350449973,332470.07999999984,17.5807687725095,LAS-ORD
ORD,MSP,1,Chicago O'Hare,Minneapolis,hub,spoke,333.7,74,5624,3473,0.618,66.39,230572.47,256046.42,13.64,1876728.8,1158940.0999999999,12.285870499775992,19.895115373089602,-25473.95000000001,-11.048131635142743,ORD-MSP
MSP,ORD,1,Minneapolis,Chicago O'Hare,spoke,hub,333.7,84,13440,11150,0.83,64.00486069079463,713654.2,430393.66,9.6,4484928.0,3720755.0,15.91227774448107,19.18035990007404,283260.54,39.69156770884274,MSP-ORD
ORD,MSP,2,Chicago O'Hare,Minneapolis,hub,spoke,333.7,88,13200,9099,0.689,64.00486069079463,582380.23,416169.1,9.45,4404840.0,3036336.3,13.221370810290498,19.180359896234155,166211.13,28.539967780156278,ORD-MSP
MSP,ORD,2,Minneapolis,Chicago O'Hare,spoke,hub,333.7,71,10650,8015,0.753,64.00486069079463,512998.96,321293.91,9.04,3553905.0,2674605.5,14.43479665325888,19.18035986989483,191705.05000000005,37.36948121688201,MSP-ORD
ORD,MSP,3,Chicago O'Hare,Minneapolis,hub,spoke,333.7,68,12852,11764,0.915,64.00486069079463,752953.18,391704.69,9.13,4288712.399999999,3925646.8,17.55662562031439,19.18035978173075,361248.49000000005,47.977550211023754,ORD-MSP
MSP,ORD,3,Minneapolis,Chicago O'Hare,spoke,hub,333.7,85,12750,10952,0.859,64.00486069079463,700981.23,348692.28,8.2,4254675.0,3654682.4,16.475552891819,19.180359694183004,352288.94999999995,50.25654538567316,MSP-ORD
ORD,MSP,4,Chicago O'Hare,Minneapolis,hub,spoke,333.7,68,10200,8035,0.788,64.00486069079463,514279.06,414476.13,12.18,3403740.0,2681279.5,15.109234547879685,19.18035997366183,99802.93,19.406376374725426,ORD-MSP
MSP,ORD,4,Minneapolis,Chicago O'Hare,spoke,hub,333.7,60,4560,3934,0.863,64.00486069079463,251795.12,170741.08,11.22,1521672.0,1312775.8,16.547266427981853,19.180359662327717,81054.04000000001,32.19047295277208,MSP-ORD
ORD,DTW,1,Chicago O'Hare,Detroit,hub,spoke,233.8,82,12300,10132,0.824,62.50688006219597,633319.71,323598.45,11.25,2875740.0,2368861.6,22.022843163846524,26.7351925498729,309721.25999999995,48.90440880167775,ORD-DTW
DTW,ORD,1,Detroit,Chicago O'Hare,spoke,hub,233.8,96,15360,10519,0.685,62.50688006219597,657509.87,372808.48,10.38,3591168.0,2459342.2,18.309081335097662,26.735192442922333,284701.39,43.29994164194068,DTW-ORD
ORD,DTW,2,Chicago O'Hare,Detroit,hub,spoke,233.8,79,11850,11447,0.966,62.50688006219597,715516.26,280831.8,10.14,2770530.0,2676308.6,25.825970482182107,26.735192645571594,434684.46,60.75116448087427,ORD-DTW
DTW,ORD,2,Detroit,Chicago O'Hare,spoke,hub,233.8,77,12320,10178,0.826,62.50688006219597,636195.03,249591.72,8.67,2880416.0,2379616.4,22.08691487618455,26.735192697444848,386603.31000000006,60.768049382592636,DTW-ORD
ORD,DTW,3,Chicago O'Hare,Detroit,hub,spoke,233.8,88,6688,6487,0.97,62.50688006219597,405482.13,233982.53,14.96,1563654.4000000001,1516660.6,25.93169756693039,26.735192435275234,171499.6,42.29523012518456,ORD-DTW
DTW,ORD,3,Detroit,Chicago O'Hare,spoke,hub,233.8,93,13950,13531,0.97,62.50688006219597,845780.59,336813.86,10.33,3261510.0,3163547.8000000003,25.932178346839347,26.735192368517392,508966.73,60.17715894851642,DTW-ORD
ORD,DTW,4,Chicago O'Hare,Detroit,hub,spoke,233.8,78,5928,4802,0.81,62.50688006219597,300158.04,183738.6,13.26,1385966.4000000001,1122707.6,21.65694925937598,26.735192671716124,116419.43999999997,38.786047510171635,ORD-DTW
DTW,ORD,4,Detroit,Chicago O'Hare,spoke,hub,233.8,91,14560,11886,0.816,62.50688006219597,742956.78,326511.92,9.59,3404128.0,2778946.8000000003,21.825171673920604,26.73519262765304,416444.86000000004,56.052366868500755,DTW-ORD
ORD,PDX,1,Chicago O'Hare,Portland,hub,spoke,1735.0,82,12300,10180,0.828,235.25,2394845.0,1289414.23,6.04,21340500.0,17662300.0,11.22206602469483,13.55907780979827,1105430.77,46.158760587845975,ORD-PDX
PDX,ORD,1,Portland,Chicago O'Hare,spoke,hub,1735.0,85,16065,10652,0.663,238.73,2542951.96,1920128.67,6.89,27872775.0,18481220.0,9.123425851928987,13.759654178674353,622823.29,24.492137476321023,PDX-ORD
ORD,PDX,2,Chicago O'Hare,Portland,hub,spoke,1735.0,82,15498,11764,0.759,287.77,3385326.28,1568006.09,5.83,26889030.0,20410540.0,12.589990341786223,16.586167146974063,1817320.1899999997,53.682275789381215,ORD-PDX
PDX,ORD,2,Portland,Chicago O'Hare,spoke,hub,1735.0,78,5928,4262,0.719,173.56,739712.72,813905.86,7.91,10285080.0,7394570.0,7.192094956966791,10.003458213256483,-74193.14000000001,-10.029993806244136,PDX-ORD
ORD,PDX,3,Chicago O'Hare,Portland,hub,spoke,1735.0,92,13800,11051,0.801,182.37,2015370.87,1472351.93,6.15,23943000.0,19173485.0,8.417369878461347,10.511239193083574,543018.9400000002,26.943871625970267,ORD-PDX
PDX,ORD,3,Portland,Chicago O'Hare,spoke,hub,1735.0,81,12150,11785,0.97,243.95,2874950.75,1169499.26,5.55,21080250.0,20446975.0,13.638124547858776,14.060518731988472,1705451.49,59.32106802177394,PDX-ORD
ORD,PDX,4,Chicago O'Hare,Portland,hub,spoke,1735.0,62,9300,7334,0.789,212.15,1555908.1,1219623.1,7.56,16135500.0,12724490.0,9.64276347184779,12.227665706051875,336285.0,21.6134230549992,ORD-PDX
PDX,ORD,4,Portland,Chicago O'Hare,spoke,hub,1735.0,62,9300,5358,0.576,252.07,1350591.06,809845.48,5.02,16135500.0,9296130.0,8.370308078460537,14.528530259365995,540745.5800000001,40.03769875390705,PDX-ORD
ORD,SLC,1,Chicago O'Hare,Salt Lake City,hub,spoke,1246.9,79,12640,8762,0.693,157.55,1380453.1,1109656.89,7.04,15760816.000000002,10925337.8,8.758766678070474,12.635335632368271,270796.2100000002,19.61647302613904,ORD-SLC
SLC,ORD,1,Salt Lake City,Chicago O'Hare,spoke,hub,1246.9,89,13350,10305,0.772,138.41,1426315.05,1172392.62,7.04,16646115.000000002,12849304.500000002,8.568456063171496,11.100328815462346,253922.42999999993,17.80268882390324,SLC-ORD
ORD,SLC,2,Chicago O'Hare,Salt Lake City,hub,spoke,1246.9,67,10720,9187,0.857,172.23,1582277.01,1034213.11,7.74,13366768.000000002,11455270.3,11.837394125490917,13.812655385355683,548063.9,34.63767068194968,ORD-SLC
SLC,ORD,2,Salt Lake City,Chicago O'Hare,spoke,hub,1246.9,74,13986,11553,0.826,144.49,1669292.97,1157698.93,6.64,17439143.400000002,14405435.700000001,9.572104155069908,11.587938086454406,511594.04000000004,30.647348859319766,SLC-ORD
ORD,SLC,3,Chicago O'Hare,Salt Lake City,hub,spoke,1246.9,75,12000,11640,0.97,173.39,2018259.6,1121820.2,7.5,14962800.000000002,14513916.000000002,13.488515518485844,13.905686101531797,896439.4000000001,44.4164566342209,ORD-SLC
SLC,ORD,3,Salt Lake City,Chicago O'Hare,spoke,hub,1246.9,81,15309,13316,0.87,174.01,2317117.16,1414740.31,7.41,19088792.1,16603720.4,12.138626414187831,13.955409415350067,902376.8500000001,38.94394576060194,SLC-ORD
ORD,SLC,4,Chicago O'Hare,Salt Lake City,hub,spoke,1246.9,81,12150,9668,0.796,215.81,2086451.08,965916.88,6.38,15149835.000000002,12055029.200000001,13.77210431664767,17.307723153420483,1120534.2000000002,53.705270674259,ORD-SLC
SLC,ORD,4,Salt Lake City,Chicago O'Hare,spoke,hub,1246.9,85,12750,10191,0.799,147.23,1500420.93,910631.98,5.73,15897975.000000002,12707157.9,9.43781160808216,11.807683053973854,589788.95,39.3082326570851,SLC-ORD
ORD,STL,1,Chicago O'Hare,St. Louis,hub,spoke,258.3,74,5624,4240,0.754,68.1,288744.0,177295.97,12.21,1452679.2,1095192.0,19.876652739297157,26.364692218350754,111448.03,38.597522372759265,ORD-STL
STL,ORD,1,St. Louis,Chicago O'Hare,spoke,hub,258.3,102,15300,10327,0.675,62.873952292893605,649299.31,387718.43,9.81,3951990.0,2667464.1,16.429679984008057,24.3414451201049,261580.88000000006,40.28664068655795,STL-ORD
ORD,STL,2,Chicago O'Hare,St. Louis,hub,spoke,258.3,75,11250,8320,0.74,62.873952292893605,523111.28,320294.39,11.02,2905875.0,2149056.0,18.001850733427972,24.341444801810656,202816.89,38.77127061760167,ORD-STL
STL,ORD,2,St. Louis,Chicago O'Hare,spoke,hub,258.3,82,15498,11334,0.731,62.873952292893605,712613.38,424371.77,10.6,4003133.4000000004,2927572.2,17.801389781314807,24.341445105948196,288241.61,40.448526240133184,STL-ORD
ORD,STL,3,Chicago O'Hare,St. Louis,hub,spoke,258.3,78,5928,5401,0.911,62.873952292893605,339582.22,241209.11,15.76,1531202.4000000001,1395078.3,22.177487443854577,24.341445207770775,98373.10999999999,28.968863564176,ORD-STL
STL,ORD,3,St. Louis,Chicago O'Hare,spoke,hub,258.3,81,15309,14849,0.97,62.873952292893605,933615.32,356817.13,9.02,3954314.7,3835496.7,23.61004095096427,24.341445007630952,576798.19,61.78114022379153,STL-ORD
ORD,STL,4,Chicago O'Hare,St. Louis,hub,spoke,258.3,102,19278,14739,0.765,62.873952292893605,926699.18,571629.7,11.48,4979507.4,3807083.7,18.61025811508986,24.341444870255938,355069.4800000001,38.31550600918845,ORD-STL
STL,ORD,4,St. Louis,Chicago O'Hare,spoke,hub,258.3,91,14560,12366,0.849,62.873952292893605,777499.29,336178.6,8.94,3760848.0,3194137.8000000003,20.673510070069305,24.341444818066396,441320.69000000006,56.761555370680796,STL-ORD
ORD,MCI,1,Chicago O'Hare,Kansas City,hub,spoke,402.0,72,13608,10001,0.735,71.2,712071.2,557828.99,10.2,5470416.0,4020402.0,13.01676508696962,17.71144278606965,154242.20999999996,21.66106563500953,ORD-MCI
MCI,ORD,1,Kansas City,Chicago O'Hare,spoke,hub,402.0,96,18144,13189,0.727,65.03053591783232,857687.74,657358.08,9.01,7293888.0,5301978.0,11.758992460536822,16.176750261883395,200329.66000000003,23.35694573411998,MCI-ORD
ORD,MCI,2,Chicago O'Hare,Kansas City,hub,spoke,402.0,78,5928,4515,0.762,65.03053591783232,293612.87,265866.86,11.16,2383056.0,1815030.0,12.32085481835089,16.1767502465524,27746.01000000001,9.44986164945699,ORD-MCI
MCI,ORD,2,Kansas City,Chicago O'Hare,spoke,hub,402.0,88,14080,11356,0.807,74.85,849996.6,590245.6,10.43,5660160.0,4565112.0,15.017183259837177,18.619402985074625,259751.0,30.559063412724242,MCI-ORD
ORD,MCI,3,Chicago O'Hare,Kansas City,hub,spoke,402.0,92,13800,12235,0.887,65.58,802371.3,500377.41,9.02,5547600.0,4918470.0,14.463394981613673,16.313432835820898,301993.8900000001,37.63767348109287,ORD-MCI
MCI,ORD,3,Kansas City,Chicago O'Hare,spoke,hub,402.0,77,11550,10589,0.917,79.91,846166.99,392097.77,8.44,4643100.0,4256778.0,18.224181904331157,19.878109452736318,454069.22,53.661892435676315,MCI-ORD
ORD,MCI,4,Chicago O'Hare,Kansas City,hub,spoke,402.0,106,16960,13012,0.767,88.58,1152602.96,543652.97,7.97,6817920.0,5230824.0,16.90549258424857,22.034825870646767,608949.99,52.832589463417655,ORD-MCI
MCI,ORD,4,Kansas City,Chicago O'Hare,spoke,hub,402.0,72,10800,7927,0.734,87.57,694167.39,381929.71,8.8,4341600.0,3186654.0,15.98874585406302,21.78358208955224,312237.68,44.980171137108584,MCI-ORD
ORD,OMA,1,Chicago O'Hare,Omaha,hub,spoke,415.1,95,14250,10743,0.754,97.26,1044864.18,502653.9,8.5,5915175.0,4459419.3,17.664129632682045,23.430498675018068,542210.28,51.89289578287581,ORD-OMA
OMA,ORD,1,Omaha,Chicago O'Hare,spoke,hub,415.1,98,7448,5515,0.741,77.25,426033.75,427615.34,13.83,3091664.8000000003,2289276.5,13.780075705490452,18.60997350036136,-1581.5900000000256,-0.37123584692527895,OMA-ORD
ORD,OMA,2,Chicago O'Hare,Omaha,hub,spoke,415.1,79,12640,9304,0.736,65.22629798541588,606865.48,511602.43,9.75,5246864.0,3862090.4000000004,11.566251383683662,15.713393969234899,95263.04999999999,15.697556236021201,ORD-OMA
OMA,ORD,2,Omaha,Chicago O'Hare,spoke,hub,415.1,84,13440,10225,0.761,83.82,857059.5,596443.69,10.69,5578944.0,4244397.5,15.362396539560175,20.192724644663937,260615.81000000006,30.408135024464467,OMA-ORD
ORD,OMA,3,Chicago O'Hare,Omaha,hub,spoke,415.1,93,17577,15589,0.887,78.23,1219527.47,699970.91,9.59,7296212.7,6470993.9,16.714527387613025,18.84606119007468,519556.55999999994,42.60310429907741,ORD-OMA
OMA,ORD,3,Omaha,Chicago O'Hare,spoke,hub,415.1,89,14240,12881,0.905,78.83,1015409.23,503419.38,8.52,5911024.0,5346903.100000001,17.17822884833491,18.99060467357263,511989.85,50.42202048921695,OMA-ORD
ORD,OMA,4,Chicago O'Hare,Omaha,hub,spoke,415.1,96,7296,5495,0.753,68.74,377726.3,356164.79,11.76,3028569.6,2280974.5,12.472102341646696,16.559865092748733,21561.51000000001,5.708236360560546,ORD-OMA
OMA,ORD,4,Omaha,Chicago O'Hare,spoke,hub,415.1,75,12000,9118,0.76,73.75,672452.5,521590.59,10.47,4981200.0,3784881.8000000003,13.499809282903719,17.766803179956636,150861.90999999997,22.43458236827136,OMA-ORD
ORD,BOI,1,Chicago O'Hare,Boise,hub,spoke,1433.6,88,6688,4949,0.74,191.39,947189.11,782031.99,8.16,9587916.799999999,7094886.399999999,9.878987581535961,13.350306919642858,165157.12,17.436551820153422,ORD-BOI
BOI,ORD,1,Boise,Chicago O'Hare,spoke,hub,1433.6,91,14560,11735,0.806,145.09,1702631.15,1400271.77,6.71,20873216.0,16823296.0,8.157013993435415,10.120675223214286,302359.3799999999,17.758360640823465,BOI-ORD
ORD,BOI,2,Chicago O'Hare,Boise,hub,spoke,1433.6,89,13350,10609,0.795,154.37,1637711.33,1313874.33,6.87,19138560.0,15209062.399999999,8.557129324254282,10.767996651785715,323837.0,19.773753412330606,ORD-BOI
BOI,ORD,2,Boise,Chicago O'Hare,spoke,hub,1433.6,74,11840,8259,0.698,209.45,1729847.55,1092028.67,6.43,16973824.0,11840102.399999999,10.191265975186264,14.610072544642861,637818.8800000001,36.87139251086028,BOI-ORD
ORD,BOI,3,Chicago O'Hare,Boise,hub,spoke,1433.6,81,15309,12577,0.822,204.92,2577278.84,1334525.5,6.08,21946982.4,18030387.2,11.743203657920645,14.294084821428571,1242753.3399999999,48.219591947606254,ORD-BOI
BOI,ORD,3,Boise,Chicago O'Hare,spoke,hub,1433.6,79,11850,11275,0.952,199.06,2244401.5,1146554.01,6.75,16988160.0,16163839.999999998,13.21156322992013,13.885323660714288,1097847.49,48.91493300106955,BOI-ORD
ORD,BOI,4,Chicago O'Hare,Boise,hub,spoke,1433.6,70,13230,11750,0.888,217.48,2555390.0,1118293.04,5.9,18966528.0,16844800.0,13.473156499703057,15.170200892857144,1437096.96,56.23787210562771,ORD-BOI
BOI,ORD,4,Boise,Chicago O'Hare,spoke,hub,1433.6,70,10500,8198,0.781,151.41,1241259.18,917902.27,6.1,15052799.999999998,11752652.799999999,8.24603515625,10.5615234375,323356.9099999999,26.050716499031246,BOI-ORD
ORD,TUL,1,Chicago O'Hare,Tulsa,hub,spoke,585.2,77,5852,3938,0.673,85.67,337368.46,445262.6,13.0,3424590.4000000004,2304517.6,9.851352150026466,14.63943950786056,-107894.13999999996,-31.98109864804788,ORD-TUL
TUL,ORD,1,Tulsa,Chicago O'Hare,spoke,hub,585.2,77,14553,9464,0.65,91.27,863779.28,637300.68,7.48,8516415.600000001,5538332.800000001,10.142521461728569,15.596377306903623,226478.59999999998,26.21949903683728,TUL-ORD
ORD,TUL,2,Chicago O'Hare,Tulsa,hub,spoke,585.2,85,12750,11094,0.87,81.69,906268.86,607540.2,8.14,7461300.000000001,6492208.800000001,12.146259499014915,13.959330143540669,298728.66000000003,32.96247649952356,ORD-TUL
TUL,ORD,2,Tulsa,Chicago O'Hare,spoke,hub,585.2,64,4864,4590,0.944,96.02,440731.8,318853.78,11.2,2846412.8000000003,2686068.0,15.483762580044608,16.408065618591934,121878.01999999996,27.65355710661222,TUL-ORD
ORD,TUL,3,Chicago O'Hare,Tulsa,hub,spoke,585.2,60,9600,9312,0.97,100.6,936787.2,444516.41,7.91,5617920.0,5449382.4,16.67498291182502,17.190704032809297,492270.79,52.548838199326376,ORD-TUL
TUL,ORD,3,Tulsa,Chicago O'Hare,spoke,hub,585.2,95,17955,17416,0.97,106.65,1857416.4,822835.52,7.83,10507266.0,10191843.200000001,17.677447206533078,18.224538619275457,1034580.8799999999,55.69999704966533,TUL-ORD
ORD,TUL,4,Chicago O'Hare,Tulsa,hub,spoke,585.2,65,9750,7795,0.8,76.45,595927.75,502154.76,8.8,5705700.0,4561634.0,10.444428378638905,13.063909774436091,93772.98999999999,15.735630703554246,ORD-TUL
TUL,ORD,4,Tulsa,Chicago O'Hare,spoke,hub,585.2,84,13440,10577,0.787,96.96,1025545.92,596467.3,7.58,7865088.000000001,6189660.4,13.03921736158578,16.568694463431306,429078.62,41.83904510097412,TUL-ORD
ORD,GEG,1,Chicago O'Hare,Spokane,hub,spoke,1493.9,98,15680,9405,0.6,139.48,1311809.4,1294359.18,5.53,23424352.0,14050129.5,5.600195044883205,9.336635651650042,17450.219999999972,1.3302405059759423,ORD-GEG
GEG,ORD,1,Spokane,Chicago O'Hare,spoke,hub,1493.9,91,17199,12169,0.708,216.46,2634101.74,1417612.83,5.52,25693586.1,18179269.1,10.251981680361855,14.489591003413882,1216488.9100000001,46.182305395690605,GEG-ORD
ORD,GEG,2,Chicago O'Hare,Spokane,hub,spoke,1493.9,92,14720,13401,0.91,197.01,2640131.01,1203989.73,5.48,21990208.0,20019753.900000002,12.005939234408332,13.187629694089296,1436141.2799999998,54.3965914782388,ORD-GEG
GEG,ORD,2,Spokane,Chicago O'Hare,spoke,hub,1493.9,98,15680,13985,0.892,145.79,2038873.15,1353429.43,5.78,23424352.0,20892191.5,8.704074930226458,9.759020014726556,685443.72,33.61875259380408,GEG-ORD
ORD,GEG,3,Chicago O'Hare,Spokane,hub,spoke,1493.9,93,17577,17049,0.97,150.85,2571841.65,1371076.19,5.22,26258280.3,25469501.1,9.794402453690006,10.097730771805342,1200765.46,46.688934367323895,ORD-GEG
GEG,ORD,3,Spokane,Chicago O'Hare,spoke,hub,1493.9,95,14250,13822,0.97,209.63,2897505.86,1323539.47,6.22,21288075.0,20648685.8,13.610934102778197,14.032398420242318,1573966.39,54.32142214890982,GEG-ORD
ORD,GEG,4,Chicago O'Hare,Spokane,hub,spoke,1493.9,96,15360,14543,0.947,185.6,2699180.8,1429564.82,6.23,22946304.0,21725787.700000003,11.763030769574044,12.42385701854207,1269615.9799999997,47.037085474229805,ORD-GEG
GEG,ORD,4,Spokane,Chicago O'Hare,spoke,hub,1493.9,61,11529,9700,0.841,189.27,1835919.0,908832.41,5.28,17223173.1,14490830.0,10.659586298880082,12.669522725751388,927086.59,50.49714012437367,GEG-ORD
ORD,FAR,1,Chicago O'Hare,Fargo,hub,spoke,556.3,82,12300,9162,0.745,80.78,740106.36,530605.32,7.76,6842489.999999999,5096820.6,10.816330897085711,14.520941937803345,209501.04000000004,28.30688281073548,ORD-FAR
FAR,ORD,1,Fargo,Chicago O'Hare,spoke,hub,556.3,67,10050,7098,0.706,95.98,681266.04,493841.5,8.83,5590815.0,3948617.4,12.185451316131907,17.253280603990653,187424.54000000004,27.511211332359974,FAR-ORD
ORD,FAR,2,Chicago O'Hare,Fargo,hub,spoke,556.3,84,15876,13164,0.829,83.58,1100247.12,760321.96,8.61,8831818.799999999,7323133.199999999,12.457763739446287,15.024267481574693,339925.16000000015,30.895346492704306,ORD-FAR
FAR,ORD,2,Fargo,Chicago O'Hare,spoke,hub,556.3,89,14240,13252,0.931,77.04,1020934.08,625267.26,7.89,7921711.999999999,7372087.6,12.887795971375885,13.848642818623045,395666.81999999995,38.755373902299354,FAR-ORD
ORD,FAR,3,Chicago O'Hare,Fargo,hub,spoke,556.3,98,15680,14899,0.95,96.85,1442968.15,627457.14,7.19,8722784.0,8288313.699999999,16.54251842072439,17.40967104080532,815511.0099999999,56.516216937982996,ORD-FAR
FAR,ORD,3,Fargo,Chicago O'Hare,spoke,hub,556.3,89,14240,12710,0.893,103.06,1309892.6,677683.16,8.56,7921711.999999999,7070572.999999999,16.53547364509086,18.525975193241063,632209.4400000001,48.26421952456255,FAR-ORD
ORD,FAR,4,Chicago O'Hare,Fargo,hub,spoke,556.3,78,11700,9187,0.785,87.52,804046.24,474655.78,7.29,6508709.999999999,5110728.1,12.353388613104595,15.732518425310085,329390.45999999996,40.96660659715292,ORD-FAR
FAR,ORD,4,Fargo,Chicago O'Hare,spoke,hub,556.3,79,6004,5480,0.913,95.66,524216.8,433362.6,12.98,3340025.1999999997,3048523.9999999995,15.694995355124867,17.1957576847025,90854.20000000001,17.331417077819715,FAR-ORD
ORD,BIL,1,Chicago O'Hare,Billings,hub,spoke,1057.9,84,6384,4447,0.697,114.81,510560.07,688238.09,10.19,6753633.600000001,4704481.300000001,7.55978337350134,10.852632573967293,-177678.01999999996,-34.80061023965308,ORD-BIL
BIL,ORD,1,Billings,Chicago O'Hare,spoke,hub,1057.9,85,13600,10374,0.763,166.36,1725818.64,1042215.96,7.24,14387440.000000002,10974654.600000001,11.99531424631484,15.725493903015405,683602.6799999999,39.61034283416941,BIL-ORD
ORD,BIL,2,Chicago O'Hare,Billings,hub,spoke,1057.9,79,11850,9420,0.795,123.48,1163181.6,962423.45,7.68,12536115.000000002,9965418.0,9.278644939042119,11.672180735419229,200758.15000000014,17.259398704381166,ORD-BIL
BIL,ORD,2,Billings,Chicago O'Hare,spoke,hub,1057.9,85,13600,9803,0.721,157.56,1544560.68,996498.36,6.93,14387440.000000002,10370593.700000001,10.735479557169308,14.893657245486338,548062.32,35.48337900198262,BIL-ORD
ORD,BIL,3,Chicago O'Hare,Billings,hub,spoke,1057.9,72,11520,9572,0.831,143.15,1370231.8,968275.33,7.95,12187008.000000002,10126218.8,11.243381476405036,13.531524718782492,401956.4700000001,29.334924937517876,ORD-BIL
BIL,ORD,3,Billings,Chicago O'Hare,spoke,hub,1057.9,85,13600,12665,0.931,156.27,1979159.55,1020470.0,7.09,14387440.000000002,13398303.500000002,13.756161971830986,14.77171755364401,958689.55,48.439225124624244,BIL-ORD
ORD,BIL,4,Chicago O'Hare,Billings,hub,spoke,1057.9,86,16254,11898,0.732,145.09,1726280.82,1295935.92,7.54,17195106.6,12586894.200000001,10.039372596852642,13.714906891010493,430344.90000000014,24.929020528653044,ORD-BIL
BIL,ORD,4,Billings,Chicago O'Hare,spoke,hub,1057.9,77,11550,8445,0.731,145.99,1232885.55,1028191.88,8.41,12218745.000000002,8933965.5,10.09011604710631,13.799981094621419,204693.67000000004,16.60281199662045,BIL-ORD
DFW,LAX,1,Dallas/Fort Worth,Los Angeles,hub,spoke,1232.3,74,5624,4174,0.742,199.87,834257.38,517742.51,7.47,6930455.2,5143620.2,12.037555339799324,16.219264789418162,316514.87,37.93971471969478,DFW-LAX
LAX,DFW,1,Los Angeles,Dallas/Fort Worth,spoke,hub,1232.3,79,11850,7846,0.662,208.97,1639578.62,940186.32,6.44,14602755.0,9668625.799999999,11.227871863905134,16.957721334090728,699392.3000000002,42.65683215605727,LAX-DFW
DFW,LAX,2,Dallas/Fort Worth,Los Angeles,hub,spoke,1232.3,77,5852,5443,0.93,136.59,743459.37,591444.88,8.2,7211419.6,6707408.899999999,10.309473186111651,11.084151586464335,152014.49,20.44691292275999,DFW-LAX
LAX,DFW,2,Los Angeles,Dallas/Fort Worth,spoke,hub,1232.3,84,15876,12997,0.819,133.21,1731330.37,1422958.85,7.27,19563994.8,16016203.1,8.84957488334642,10.809867727014527,308371.52,17.81124650403955,LAX-DFW
DFW,LAX,3,Dallas/Fort Worth,Los Angeles,hub,spoke,1232.3,78,14742,14069,0.954,190.58,2681270.02,1201688.38,6.61,18166566.599999998,17337228.7,14.75936581213976,15.465389921285402,1479581.6400000001,55.18212000147602,DFW-LAX
LAX,DFW,3,Los Angeles,Dallas/Fort Worth,spoke,hub,1232.3,61,11529,11178,0.97,145.69,1628522.82,841163.13,5.92,14207186.7,13774649.4,11.462669241898539,11.822608131136898,787359.6900000001,48.34809069485437,LAX-DFW
DFW,LAX,4,Dallas/Fort Worth,Los Angeles,hub,spoke,1232.3,92,14720,10497,0.713,144.43,1516081.71,1236307.94,6.82,18139456.0,12935453.1,8.357922696248444,11.720360301874544,279773.77,18.453739541518512,DFW-LAX
LAX,DFW,4,Los Angeles,Dallas/Fort Worth,spoke,hub,1232.3,96,15360,12273,0.799,158.43,1944411.39,1264372.42,6.68,18928128.0,15124017.9,10.272602710632556,12.856447293678485,680038.97,34.974027281335765,LAX-DFW
DFW,JFK,1,Dallas/Fort Worth,New York JFK,hub,spoke,1388.7,75,5700,4496,0.789,186.49,838459.04,612434.17,7.74,7915590.0,6243595.2,10.59250213818553,13.429106358464752,226024.87,26.957174914590937,DFW-JFK
JFK,DFW,1,New York JFK,Dallas/Fort Worth,spoke,hub,1388.7,82,13120,9440,0.72,200.21,1889982.4,1182683.24,6.49,18219744.0,13109328.0,10.373265398240502,14.417080722978323,707299.1599999999,37.423584473590864,JFK-DFW
DFW,JFK,2,Dallas/Fort Worth,New York JFK,hub,spoke,1388.7,98,15680,12179,0.777,167.01,2034014.79,1275412.39,5.86,21774816.0,16912977.3,9.341134225887373,12.026355584359473,758602.4000000001,37.295815336721326,DFW-JFK
JFK,DFW,2,New York JFK,Dallas/Fort Worth,spoke,hub,1388.7,91,17199,15253,0.887,191.11,2915000.83,1677824.7,7.03,23884251.3,21181841.1,12.204698373777369,13.761791603658097,1237176.1300000001,42.441707640954604,JFK-DFW
DFW,JFK,3,Dallas/Fort Worth,New York JFK,hub,spoke,1388.7,72,10800,10476,0.97,165.62,1735035.12,1026513.71,6.84,14997960.0,14548021.200000001,11.568474112479297,11.926261971628142,708521.4100000001,40.836142267829146,DFW-JFK
JFK,DFW,3,New York JFK,Dallas/Fort Worth,spoke,hub,1388.7,81,12960,10803,0.834,169.61,1832296.83,1241472.88,6.9,17997552.0,15002126.1,10.180811423686956,12.213581047022396,590823.9500000002,32.244991113148416,JFK-DFW
DFW,JFK,4,Dallas/Fort Worth,New York JFK,hub,spoke,1388.7,71,11360,9991,0.88,163.83,1636825.53,981350.75,6.22,15775632.0,13874501.700000001,10.375657406308667,11.797364441564053,655474.78,40.045488537804026,DFW-JFK
JFK,DFW,4,New York JFK,Dallas/Fort Worth,spoke,hub,1388.7,68,5168,3894,0.754,185.14,720935.16,600709.4,8.37,7176801.600000001,5407597.8,10.04535446542092,13.331893137466697,120225.76000000001,16.67636240684946,JFK-DFW
DFW,MIA,1,Dallas/Fort Worth,Miami,hub,spoke,1120.2,77,12320,11950,0.97,130.63,1561028.5,948863.48,6.88,13800864.0,13386390.0,11.311092551886606,11.66131048027138,612165.02,39.21549286255824,DFW-MIA
MIA,DFW,1,Miami,Dallas/Fort Worth,spoke,hub,1120.2,72,10800,10018,0.928,163.88,1641749.84,647618.62,5.35,12098160.0,11222163.6,13.570244070172654,14.62953044099268,994131.2200000001,60.55314858443964,MIA-DFW
DFW,MIA,2,Dallas/Fort Worth,Miami,hub,spoke,1120.2,85,6460,5101,0.79,132.67,676749.67,531038.65,7.34,7236492.0,5714140.2,9.351902413489851,11.843420817711122,145711.02000000002,21.53100717433671,DFW-MIA
MIA,DFW,2,Miami,Dallas/Fort Worth,spoke,hub,1120.2,96,14400,10458,0.726,133.97,1401058.26,1292571.85,8.01,16130880.0,11715051.6,8.685566193536868,11.959471522942332,108486.40999999992,7.743176218810481,MIA-DFW
DFW,MIA,3,Dallas/Fort Worth,Miami,hub,spoke,1120.2,82,15498,10917,0.704,168.15,1835693.55,1035790.16,5.97,17360859.6,12229223.4,10.573748030310664,15.010712372790572,799903.39,43.57499594635499,DFW-MIA
MIA,DFW,3,Miami,Dallas/Fort Worth,spoke,hub,1120.2,96,18144,17599,0.97,144.95,2550975.05,1451170.27,7.14,20324908.8,19714399.8,12.550979072535862,12.939653633279772,1099804.7799999998,43.113113944411175,MIA-DFW
DFW,MIA,4,Dallas/Fort Worth,Miami,hub,spoke,1120.2,62,9300,8171,0.879,164.49,1344047.79,709797.68,6.81,10417860.0,9153154.200000001,12.901380801815343,14.68398500267809,634250.11,47.18955045489863,DFW-MIA
MIA,DFW,4,Miami,Dallas/Fort Worth,spoke,hub,1120.2,65,4940,3248,0.658,140.5,456344.0,463058.16,8.37,5533788.0,3638409.6,8.246503118659406,12.542403142296019,-6714.159999999974,-1.4712935855407268,MIA-DFW
DFW,PHX,1,Dallas/Fort Worth,Phoenix,hub,spoke,865.9,72,11520,10681,0.927,117.38,1253735.78,785862.45,7.88,9975168.0,9248677.9,12.568568068227021,13.555837856565422,467873.3300000001,37.31833592561266,DFW-PHX
PHX,DFW,1,Phoenix,Dallas/Fort Worth,spoke,hub,865.9,79,6004,5823,0.97,136.36,794024.28,592108.37,11.39,5198863.6,5042135.7,15.273035437975333,15.747776879547292,201915.91000000003,25.42943774968695,PHX-DFW
DFW,PHX,2,Dallas/Fort Worth,Phoenix,hub,spoke,865.9,86,16254,13499,0.831,113.1,1526736.9,1104098.11,7.85,14074338.6,11688784.1,10.847663562677113,13.061554452015244,422638.7899999998,27.682490021692658,DFW-PHX
PHX,DFW,2,Phoenix,Dallas/Fort Worth,spoke,hub,865.9,74,11100,10170,0.916,105.6,1073952.0,700761.42,7.29,9611490.0,8806203.0,11.173626565704172,12.19540362628479,373190.57999999996,34.74927929739876,PHX-DFW
DFW,PHX,3,Dallas/Fort Worth,Phoenix,hub,spoke,865.9,77,14553,13221,0.909,133.27,1761962.67,1043554.29,8.28,12601442.7,11448063.9,13.982229748979455,15.390922739346344,718408.3799999999,40.77318959317112,DFW-PHX
PHX,DFW,3,Phoenix,Dallas/Fort Worth,spoke,hub,865.9,91,14560,12451,0.855,106.21,1322420.71,887822.36,7.04,12607504.0,10781320.9,10.489155585435467,12.265850560110866,434598.35,32.86384935698716,PHX-DFW
DFW,PHX,4,Dallas/Fort Worth,Phoenix,hub,spoke,865.9,84,13440,10813,0.805,168.14,1818097.82,723042.07,6.21,11637696.0,9362976.7,15.62248936559264,19.417946645109136,1095055.75,60.23084885498625,DFW-PHX
PHX,DFW,4,Phoenix,Dallas/Fort Worth,spoke,hub,865.9,85,16065,13784,0.858,134.68,1856429.12,926637.66,6.66,13910683.5,11935565.6,13.345347983799646,15.553759094583672,929791.4600000001,50.08494264515739,PHX-DFW
DFW,IAH,1,Dallas/Fort Worth,Houston,hub,spoke,225.3,93,14880,9802,0.659,62.37894018064879,611438.37,348581.21,10.4,3352464.0,2208390.6,18.23847683375571,27.687057262424496,262857.16,42.98996806497439,DFW-IAH
IAH,DFW,1,Houston,Dallas/Fort Worth,spoke,hub,225.3,93,7068,4689,0.663,62.37894018064879,292494.85,229979.87,14.44,1592420.4000000001,1056431.7,18.367941656612786,27.68705728917449,62514.97999999998,21.373019046318248,IAH-DFW
DFW,IAH,2,Dallas/Fort Worth,Houston,hub,spoke,225.3,77,14553,11133,0.765,62.37894018064879,694464.74,375970.81,11.47,3278790.9000000004,2508264.9,21.180513219064988,27.68705729606151,318493.93,45.8617855817993,DFW-IAH
IAH,DFW,2,Houston,Dallas/Fort Worth,spoke,hub,225.3,86,12900,8745,0.678,62.37894018064879,545503.83,388697.05,13.38,2906370.0,1970248.5,18.769249269707572,27.687057241764172,156806.77999999997,28.74531238396621,IAH-DFW
DFW,IAH,3,Dallas/Fort Worth,Houston,hub,spoke,225.3,86,13760,12892,0.937,62.37894018064879,804189.3,319036.57,10.29,3100128.0,2904567.6,25.940519230173724,27.687057447036178,485152.73000000004,60.32817521944149,DFW-IAH
IAH,DFW,3,Houston,Dallas/Fort Worth,spoke,hub,225.3,95,7220,6529,0.904,62.37894018064879,407272.1,245711.6,15.11,1626666.0,1470983.7000000002,25.037229523454723,27.687057307297145,161560.49999999997,39.66893386509903,IAH-DFW
DFW,IAH,4,Dallas/Fort Worth,Houston,hub,spoke,225.3,82,12300,11068,0.9,62.37894018064879,690410.11,314839.94,11.36,2771190.0,2493620.4,24.913849645820026,27.687057340403538,375570.17,54.39812722325286,DFW-IAH
IAH,DFW,4,Houston,Dallas/Fort Worth,spoke,hub,225.3,105,15750,13855,0.88,62.37894018064879,864260.22,353674.78,9.97,3548475.0,3121531.5,24.355821021706507,27.687057458814685,510585.43999999994,59.07774396928739,IAH-DFW
DFW,BOS,1,Dallas/Fort Worth,Boston,hub,spoke,1558.9,86,12900,10299,0.798,154.28,1588929.72,1215192.9,6.04,20109810.0,16055111.100000001,7.901266695209949,9.896722047597665,373736.82000000007,23.52129331434496,DFW-BOS
BOS,DFW,1,Boston,Dallas/Fort Worth,spoke,hub,1558.9,84,15876,10898,0.686,159.73,1740737.54,1494848.28,6.04,24749096.400000002,16988892.2,7.033539778042158,10.246327538649048,245889.26,14.125579207075639,BOS-DFW
DFW,BOS,2,Dallas/Fort Worth,Boston,hub,spoke,1558.9,70,11200,6386,0.57,123.19,786691.34,1195559.78,6.85,17459680.0,9955135.4,4.505760357578146,7.902367053691705,-408868.44000000006,-51.973171587219966,DFW-BOS
BOS,DFW,2,Boston,Dallas/Fort Worth,spoke,hub,1558.9,71,5396,4647,0.861,227.85,1058818.95,669138.18,7.95,8411824.4,7244208.300000001,12.587268821255945,14.616075437808709,389680.7699999999,36.80334300779183,BOS-DFW
DFW,BOS,3,Dallas/Fort Worth,Boston,hub,spoke,1558.9,100,15000,12658,0.844,198.9,2517676.2,1413238.87,6.04,23383500.0,19732556.200000003,10.766892039258453,12.758996728462376,1104437.33,43.867330119735016,DFW-BOS
BOS,DFW,3,Boston,Dallas/Fort Worth,spoke,hub,1558.9,70,10500,10185,0.97,190.47,1939936.95,1085391.89,6.63,16368450.000000002,15877396.5,11.851683879658733,12.21823080377189,854545.06,44.05014606273674,BOS-DFW
DFW,BOS,4,Dallas/Fort Worth,Boston,hub,spoke,1558.9,75,11250,8353,0.743,177.79,1485079.87,1119831.94,6.39,17537625.0,13021491.700000001,8.467964561906188,11.404836743857848,365247.93000000017,24.59449739898502,DFW-BOS
BOS,DFW,4,Boston,Dallas/Fort Worth,spoke,hub,1558.9,78,11700,8498,0.726,177.81,1511029.38,1274472.56,6.99,18239130.0,13247532.200000001,8.28454745374368,11.40611969978831,236556.81999999983,15.655342187985772,BOS-DFW
DFW,SFO,1,Dallas/Fort Worth,San Francisco,hub,spoke,1461.5,98,7448,5395,0.724,207.61,1120055.95,891367.74,8.19,10885252.0,7884792.5,10.28966486030824,14.205268559698938,228688.20999999996,20.417570211559518,DFW-SFO
SFO,DFW,1,San Francisco,Dallas/Fort Worth,spoke,hub,1461.5,84,15876,11929,0.751,195.25,2329137.25,1363528.34,5.88,23202774.0,17434233.5,10.038184442946347,13.359562093739308,965608.9099999999,41.45779343832142,SFO-DFW
DFW,SFO,2,Dallas/Fort Worth,San Francisco,hub,spoke,1461.5,62,11718,11303,0.965,171.54,1938916.62,1043882.62,6.1,17125857.0,16519334.5,11.321574272166352,11.737256243585357,895034.0000000001,46.16155180515189,DFW-SFO
SFO,DFW,2,San Francisco,Dallas/Fort Worth,spoke,hub,1461.5,75,11250,9110,0.81,228.81,2084459.1,1037681.27,6.31,16441875.0,13314265.0,12.677745695062152,15.655833048238113,1046777.8300000001,50.21819953195532,SFO-DFW
DFW,SFO,3,Dallas/Fort Worth,San Francisco,hub,spoke,1461.5,49,7350,5704,0.776,194.86,1111481.44,633499.85,5.9,10742025.0,8336396.0,10.347038291197423,13.332877180978448,477981.58999999997,43.00401003547122,DFW-SFO
SFO,DFW,3,San Francisco,Dallas/Fort Worth,spoke,hub,1461.5,89,13350,12421,0.93,158.26,1965747.46,1184826.64,6.07,19511025.0,18153291.5,10.075059921249652,10.828600752651385,780920.8200000001,39.72640615799143,SFO-DFW
DFW,SFO,4,Dallas/Fort Worth,San Francisco,hub,spoke,1461.5,93,17577,15268,0.869,158.76,2423947.68,1803326.17,7.02,25688785.5,22314182.0,9.435820467261873,10.862812179267877,620621.5100000002,25.60375024266201,DFW-SFO
SFO,DFW,4,San Francisco,Dallas/Fort Worth,spoke,hub,1461.5,78,14742,11170,0.758,172.05,1921798.5,1443354.07,6.7,21545433.0,16324955.0,8.919748793166516,11.772151898734178,478444.42999999993,24.895660497185315,SFO-DFW
DFW,LAS,1,Dallas/Fort Worth,Las Vegas,hub,spoke,1052.8,65,12285,9656,0.786,155.02,1496873.12,936883.6,7.24,12933648.0,10165836.799999999,11.573479655546526,14.724544072948332,559989.5200000001,37.41062034703383,DFW-LAS
LAS,DFW,1,Las Vegas,Dallas/Fort Worth,spoke,hub,1052.8,89,13350,11528,0.864,170.81,1969097.68,1223624.27,8.71,14054880.0,12136678.4,14.010063977778536,16.224354103343465,745473.4099999999,37.858630253426526,LAS-DFW
DFW,LAS,2,Dallas/Fort Worth,Las Vegas,hub,spoke,1052.8,65,9750,7651,0.785,152.12,1163870.12,843182.5,8.21,10264800.0,8054972.8,11.338458810692854,14.449088145896658,320687.6200000001,27.553557264619876,DFW-LAS
LAS,DFW,2,Las Vegas,Dallas/Fort Worth,spoke,hub,1052.8,78,14742,8826,0.599,141.61,1249849.86,1096149.16,7.06,15520377.6,9292012.799999999,8.052960386736983,13.450797872340429,153700.7000000002,12.297533081293475,LAS-DFW
DFW,LAS,3,Dallas/Fort Worth,Las Vegas,hub,spoke,1052.8,91,6916,5516,0.798,132.16,728994.56,619639.92,8.51,7281164.8,5807244.8,10.012059608924112,12.553191489361703,109354.64000000001,15.000748428081549,DFW-LAS
LAS,DFW,3,Las Vegas,Dallas/Fort Worth,spoke,hub,1052.8,92,14720,13599,0.924,139.55,1897740.45,1094383.92,7.06,15497216.0,14317027.2,12.245686257454242,13.255129179331307,803356.53,42.33226572158485,LAS-DFW
DFW,LAS,4,Dallas/Fort Worth,Las Vegas,hub,spoke,1052.8,89,14240,11173,0.785,140.83,1573493.59,1012957.52,6.76,14991872.0,11762934.4,10.495644506569962,13.376709726443769,560536.0700000001,35.62366402776385,DFW-LAS
LAS,DFW,4,Las Vegas,Dallas/Fort Worth,spoke,hub,1052.8,88,14080,9630,0.684,135.6,1305828.0,1065804.17,7.19,14823424.0,10138464.0,8.809219786197845,12.879939209726443,240023.83000000007,18.38096824390349,LAS-DFW
DFW,MSP,1,Dallas/Fort Worth,Minneapolis,hub,spoke,852.6,93,13950,10535,0.755,131.42,1384509.7,816214.19,6.86,11893770.0,8982141.0,11.640629506035511,15.414027680037531,568295.51,41.046697614325126,DFW-MSP
MSP,DFW,1,Minneapolis,Dallas/Fort Worth,spoke,hub,852.6,82,15498,8734,0.564,133.44,1165464.96,984011.45,7.45,13213594.8,7446608.4,8.820195999956045,15.650950035186487,181453.51,15.569194804449548,MSP-DFW
DFW,MSP,2,Dallas/Fort Worth,Minneapolis,hub,spoke,852.6,77,11550,9416,0.815,128.2,1207131.2,797689.52,8.1,9847530.0,8028081.600000001,12.258212973202417,15.03635937133474,409441.67999999993,33.91857322551186,DFW-MSP
MSP,DFW,2,Minneapolis,Dallas/Fort Worth,spoke,hub,852.6,77,5852,4853,0.829,151.06,733094.18,463761.21,9.3,4989415.2,4137667.8000000003,14.692988068020476,17.717569786535304,269332.97000000003,36.7392045043926,MSP-DFW
DFW,MSP,3,Dallas/Fort Worth,Minneapolis,hub,spoke,852.6,77,11550,10303,0.892,134.69,1387711.07,767437.73,7.79,9847530.0,8784337.8,14.091970981555782,15.797560403471733,620273.3400000001,44.697585355429936,DFW-MSP
MSP,DFW,3,Minneapolis,Dallas/Fort Worth,spoke,hub,852.6,86,12900,11744,0.91,120.92,1420084.48,910978.81,8.28,10998540.0,10012934.4,12.9115726269123,14.18250058644147,509105.6699999999,35.8503791267404,MSP-DFW
DFW,MSP,4,Dallas/Fort Worth,Minneapolis,hub,spoke,852.6,67,10720,8604,0.803,149.69,1287932.76,575766.44,6.3,9139872.0,7335770.4,14.091365393300915,17.556884822894673,712166.3200000001,55.29530283863578,DFW-MSP
MSP,DFW,4,Minneapolis,Dallas/Fort Worth,spoke,hub,852.6,81,12960,10020,0.773,148.0,1482960.0,926500.36,8.38,11049696.0,8543052.0,13.420821713104145,17.358667604973025,556459.64,37.52357716998436,MSP-DFW
DFW,DTW,1,Dallas/Fort Worth,Detroit,hub,spoke,985.7,75,5700,4408,0.773,118.96,524375.68,537049.4,9.56,5618490.0,4344965.600000001,9.333035744479389,12.068580704068173,-12673.719999999972,-2.4169160552983637,DFW-DTW
DTW,DFW,1,Detroit,Dallas/Fort Worth,spoke,hub,985.7,86,13760,9290,0.675,136.95,1272265.5,863022.95,6.36,13563232.0,9157153.0,9.380253172695122,13.893679618545196,409242.55000000005,32.16644246031981,DTW-DFW
DFW,DTW,2,Dallas/Fort Worth,Detroit,hub,spoke,985.7,70,13230,10544,0.797,121.62,1282361.28,977860.32,7.5,13040811.0,10393220.8,9.833447321642803,12.338439687531702,304500.9600000001,23.74533329640147,DFW-DTW
DTW,DFW,2,Detroit,Dallas/Fort Worth,spoke,hub,985.7,77,12320,9551,0.775,126.47,1207914.97,979732.75,8.07,12143824.0,9414420.700000001,9.94674305227085,12.830475803997157,228182.21999999997,18.8905863133727,DTW-DFW
DFW,DTW,3,Dallas/Fort Worth,Detroit,hub,spoke,985.7,103,7828,7284,0.931,123.78,901613.52,717287.48,9.3,7716059.600000001,7179838.800000001,11.684895746528449,12.55757329816374,184326.04000000004,20.444019073715758,DFW-DTW
DTW,DFW,3,Detroit,Dallas/Fort Worth,spoke,hub,985.7,98,15680,13403,0.855,100.18,1342712.54,957287.5,6.19,15455776.0,13211337.100000001,8.687448239415478,10.163335700517399,385425.04000000004,28.704955715986685,DTW-DFW
DFW,DTW,4,Dallas/Fort Worth,Detroit,hub,spoke,985.7,86,16254,13391,0.824,136.84,1832424.44,1082248.6,6.75,16021567.8,13199508.700000001,11.4372354995121,13.882520036522267,750175.8399999999,40.93897808959587,DFW-DTW
DTW,DFW,4,Detroit,Dallas/Fort Worth,spoke,hub,985.7,79,11850,9094,0.767,119.59,1087551.46,847780.1,7.26,11680545.0,8963955.8,9.310793802857658,12.132494673835852,239771.36,22.046897900353144,DTW-DFW
DFW,PDX,1,Dallas/Fort Worth,Portland,hub,spoke,1613.6,106,16960,11417,0.673,222.96,2545534.32,1750072.73,6.39,27366656.0,18422471.2,9.301590665662623,13.817550818046604,795461.5899999999,31.24929739701957,DFW-PDX
PDX,DFW,1,Portland,Dallas/Fort Worth,spoke,hub,1613.6,98,7448,4749,0.638,205.25,974732.25,946472.38,7.88,12018092.799999999,7662986.399999999,8.110540218161738,12.720004957858205,28259.869999999995,2.8992443822393277,PDX-DFW
DFW,PDX,2,Dallas/Fort Worth,Portland,hub,spoke,1613.6,86,6536,4244,0.649,155.78,661130.32,910580.76,8.63,10546489.6,6848118.399999999,6.268723955314952,9.65418939018344,-249450.44000000006,-37.73090303890466,DFW-PDX
PDX,DFW,2,Portland,Dallas/Fort Worth,spoke,hub,1613.6,96,14400,10144,0.705,232.64,2359900.16,1372121.28,5.91,23235840.0,16368358.399999999,10.156293725555006,14.417451660882502,987778.8800000001,41.85680804394708,PDX-DFW
DFW,PDX,3,Dallas/Fort Worth,Portland,hub,spoke,1613.6,102,15300,13724,0.897,161.65,2218484.6,1768801.01,7.16,24688080.0,22145046.4,8.986055618743945,10.017972235994051,449683.5900000001,20.26985402558125,DFW-PDX
PDX,DFW,3,Portland,Dallas/Fort Worth,spoke,hub,1613.6,89,13350,10923,0.818,195.14,2131514.22,1446453.36,6.71,21541560.0,17625352.8,9.894892570454509,12.093455627169064,685060.8600000001,32.13963357936219,PDX-DFW
DFW,PDX,4,Dallas/Fort Worth,Portland,hub,spoke,1613.6,78,11700,10453,0.893,224.54,2347116.62,1013866.64,5.37,18879120.0,16866960.8,12.432341232006577,13.915468517600397,1333249.98,56.80373819686897,DFW-PDX
PDX,DFW,4,Portland,Dallas/Fort Worth,spoke,hub,1613.6,82,6232,4654,0.747,205.51,956443.54,807333.46,8.03,10055955.2,7509694.399999999,9.511215205095585,12.736117997025287,149110.08000000007,15.590055634648342,PDX-DFW
DFW,SLC,1,Dallas/Fort Worth,Salt Lake City,hub,spoke,987.6,71,11360,8089,0.712,103.86,840123.54,801582.14,7.14,11219136.0,7988696.4,7.488308725377784,10.51640340218712,38541.40000000002,4.587587201758449,DFW-SLC
SLC,DFW,1,Salt Lake City,Dallas/Fort Worth,spoke,hub,987.6,99,18711,13327,0.712,136.7,1821800.9,1197996.03,6.48,18478983.6,13161745.200000001,9.858772210826572,13.841636289995948,623804.8699999999,34.241111089581736,SLC-DFW
DFW,SLC,2,Dallas/Fort Worth,Salt Lake City,hub,spoke,987.6,85,13600,11035,0.811,141.61,1562666.35,876208.06,6.52,13431360.0,10898166.0,11.634461067233698,14.338801134062374,686458.29,43.92865373980824,DFW-SLC
SLC,DFW,2,Salt Lake City,Dallas/Fort Worth,spoke,hub,987.6,72,10800,6929,0.642,145.04,1004982.16,784791.85,7.36,10666080.0,6843080.4,9.422225972428484,14.686107735925475,220190.31000000006,21.90987250957769,SLC-DFW
DFW,SLC,3,Dallas/Fort Worth,Salt Lake City,hub,spoke,987.6,84,15876,13263,0.835,148.75,1972871.25,1326495.56,8.46,15679137.6,13098538.8,12.582779106422281,15.06176589712434,646375.69,32.763196787423404,DFW-SLC
SLC,DFW,3,Salt Lake City,Dallas/Fort Worth,spoke,hub,987.6,72,5472,5307,0.97,112.88,599054.16,518182.46,9.59,5404147.2,5241193.2,11.08508221241642,11.429728635074929,80871.70000000001,13.499897905725252,SLC-DFW
DFW,SLC,4,Dallas/Fort Worth,Salt Lake City,hub,spoke,987.6,70,5320,4211,0.792,131.52,553830.72,478322.79,9.1,5254032.0,4158783.6,10.541061036552499,13.317132442284324,75507.93,13.633756177338807,DFW-SLC
SLC,DFW,4,Salt Lake City,Dallas/Fort Worth,spoke,hub,987.6,98,14700,10480,0.713,122.92,1288201.6,1173730.96,8.09,14517720.0,10350048.0,8.873305174641748,12.446334548400163,114470.64000000013,8.88608118480835,SLC-DFW
DFW,STL,1,Dallas/Fort Worth,St. Louis,hub,spoke,550.1,86,16254,15374,0.946,98.99,1521872.26,786892.67,8.8,8941325.4,8457237.4,17.020656244095534,17.99491001636066,734979.59,48.29443372599484,DFW-STL
STL,DFW,1,St. Louis,Dallas/Fort Worth,spoke,hub,550.1,110,8360,5901,0.706,103.89,613054.89,368403.75,8.01,4598836.0,3246140.1,13.330653452308367,18.885657153244864,244651.14,39.90688990344731,STL-DFW
DFW,STL,2,Dallas/Fort Worth,St. Louis,hub,spoke,550.1,89,14240,11613,0.816,78.41,910575.33,732574.64,9.35,7833424.0,6388311.3,11.624231370598604,14.25377204144701,178000.68999999994,19.54815643863314,DFW-STL
STL,DFW,2,St. Louis,Dallas/Fort Worth,spoke,hub,550.1,77,14553,12752,0.876,97.67,1245487.84,710672.77,8.88,8005605.300000001,7014875.2,15.557697304912097,17.754953644791858,534815.0700000001,42.940208071401166,STL-DFW
DFW,STL,3,Dallas/Fort Worth,St. Louis,hub,spoke,550.1,92,14720,14127,0.96,96.82,1367776.14,640431.76,7.91,8097472.0,7771262.7,16.891396969325733,17.60043628431194,727344.3799999999,53.177150758018044,DFW-STL
STL,DFW,3,St. Louis,Dallas/Fort Worth,spoke,hub,550.1,84,12600,10809,0.858,81.14,877042.26,572203.49,8.25,6931260.0,5946030.9,12.653431843560911,14.750045446282492,304838.77,34.75759195457697,STL-DFW
DFW,STL,4,Dallas/Fort Worth,St. Louis,hub,spoke,550.1,64,10240,8199,0.801,86.0,705114.0,471259.15,8.37,5633024.0,4510269.9,12.517503919741864,15.63352117796764,233854.84999999998,33.16553777119728,DFW-STL
STL,DFW,4,St. Louis,Dallas/Fort Worth,spoke,hub,550.1,77,11550,9806,0.849,83.75,821252.5,443224.81,6.98,6353655.0,5394280.600000001,12.925670342503645,15.224504635520814,378027.69,46.03062882609185,STL-DFW
DFW,MCI,1,Dallas/Fort Worth,Kansas City,hub,spoke,460.9,79,6004,3787,0.631,82.34,311821.58,376660.54,13.61,2767243.6,1745428.2999999998,11.268309736085396,17.865046647862883,-64838.95999999996,-20.793608960611373,DFW-MCI
MCI,DFW,1,Kansas City,Dallas/Fort Worth,spoke,hub,460.9,88,14080,10955,0.778,69.52,761591.6,604753.87,9.32,6489472.0,5049159.5,11.735802234758081,15.083532219570406,156837.72999999998,20.5934164715052,MCI-DFW
DFW,MCI,2,Dallas/Fort Worth,Kansas City,hub,spoke,460.9,70,10500,10185,0.97,65.91329952611832,671326.96,444457.55,9.18,4839450.0,4694266.5,13.871968095548045,14.300998036647472,226869.40999999997,33.79417534490198,DFW-MCI
MCI,DFW,2,Kansas City,Dallas/Fort Worth,spoke,hub,460.9,78,12480,9656,0.774,82.72,798744.32,473443.32,8.23,5752032.0,4450450.399999999,13.886298268159841,17.947494033412887,325300.99999999994,40.72654939192556,MCI-DFW
DFW,MCI,3,Dallas/Fort Worth,Kansas City,hub,spoke,460.9,79,14931,13319,0.892,82.36,1096952.84,605023.6,8.79,6881697.899999999,6138727.1,15.940148142800634,17.869385983944458,491929.2400000001,44.845067359504725,DFW-MCI
MCI,DFW,3,Kansas City,Dallas/Fort Worth,spoke,hub,460.9,100,18900,17849,0.944,65.91329952611832,1176486.48,767600.83,8.81,8711010.0,8226604.1,13.505741354906032,14.300997905077262,408885.65,34.75481078201596,MCI-DFW
DFW,MCI,4,Dallas/Fort Worth,Kansas City,hub,spoke,460.9,91,17199,14732,0.857,72.21,1063797.72,719730.56,9.08,7927019.1,6789978.8,13.419896011099558,15.667172922542852,344067.1599999999,32.343287970197935,DFW-MCI
MCI,DFW,4,Kansas City,Dallas/Fort Worth,spoke,hub,460.9,88,13200,10349,0.784,73.49,760548.01,431835.4,7.1,6083880.0,4769854.1,12.501035687751896,15.944890431763941,328712.61,43.2204943906171,MCI-DFW
DFW,OMA,1,Dallas/Fort Worth,Omaha,hub,spoke,583.8,79,12640,7989,0.632,104.37,833811.93,594266.57,8.05,7379231.999999999,4663978.199999999,11.299440510882436,17.877697841726622,239545.3600000001,28.728943707965428,DFW-OMA
OMA,DFW,1,Omaha,Dallas/Fort Worth,spoke,hub,583.8,89,16821,12923,0.768,69.68,900474.64,879334.36,8.95,9820099.799999999,7544447.399999999,9.169709660180848,11.935594381637548,21140.280000000028,2.347681884744697,OMA-DFW
DFW,OMA,2,Dallas/Fort Worth,Omaha,hub,spoke,583.8,92,14720,10713,0.728,105.42,1129364.46,729611.68,8.49,8593536.0,6254249.399999999,13.142022794807632,18.057553956834532,399752.7799999999,35.39625994605851,DFW-OMA
OMA,DFW,2,Omaha,Dallas/Fort Worth,spoke,hub,583.8,77,5852,4700,0.803,84.27,396069.0,347780.21,10.18,3416397.5999999996,2743860.0,11.593176391412992,14.434737923946559,48288.78999999998,12.192014522722046,OMA-DFW
DFW,OMA,3,Dallas/Fort Worth,Omaha,hub,spoke,583.8,84,13440,11135,0.829,90.85,1011614.75,686297.75,8.75,7846271.999999999,6500612.999999999,12.892935014233512,15.561836245289484,325317.0,32.15819065508881,DFW-OMA
OMA,DFW,3,Omaha,Dallas/Fort Worth,spoke,hub,583.8,84,12600,12222,0.97,102.81,1256543.82,615106.89,8.36,7355879.999999999,7135203.6,17.08216855087359,17.61048304213772,641436.93,51.04771674417212,OMA-DFW
DFW,OMA,4,Dallas/Fort Worth,Omaha,hub,spoke,583.8,68,5168,4291,0.83,98.83,424079.53,259978.88,8.62,3017078.4,2505085.8,14.055966527087929,16.92874272010963,164100.65000000002,38.695725304166416,DFW-OMA
OMA,DFW,4,Omaha,Dallas/Fort Worth,spoke,hub,583.8,79,11850,9443,0.797,93.32,881220.76,590009.06,8.53,6918029.999999999,5512823.399999999,12.738030335225492,15.984926344638575,291211.69999999995,33.04639577487938,OMA-DFW
DFW,BOI,1,Dallas/Fort Worth,Boise,hub,spoke,1270.2,81,6156,5092,0.827,147.21,749593.32,770538.92,9.85,7819351.2,6467858.4,9.586387678814068,11.589513462446858,-20945.600000000093,-2.79426182719986,DFW-BOI
BOI,DFW,1,Boise,Dallas/Fort Worth,spoke,hub,1270.2,82,15498,11181,0.722,165.55,1851014.55,1249354.92,6.35,19685559.6,14202106.200000001,9.402905417024568,13.033380569988978,601659.6300000001,32.50431661922917,BOI-DFW
DFW,BOI,2,Dallas/Fort Worth,Boise,hub,spoke,1270.2,88,14080,10906,0.775,172.95,1886192.7,1062272.08,5.94,17884416.0,13852801.200000001,10.546571383711942,13.615965989607934,823920.6199999999,43.681677911275976,DFW-BOI
BOI,DFW,2,Boise,Dallas/Fort Worth,spoke,hub,1270.2,89,13350,10430,0.781,184.15,1920684.5,1130889.36,6.67,16957170.0,13248186.0,11.326680690233099,14.49771689497717,789795.1399999999,41.12050365377551,BOI-DFW
DFW,BOI,3,Dallas/Fort Worth,Boise,hub,spoke,1270.2,71,11360,10609,0.934,143.55,1522921.95,972116.47,6.74,14429472.0,13475551.8,10.554245851823268,11.301369863013697,550805.48,36.167676222671815,DFW-BOI
BOI,DFW,3,Boise,Dallas/Fort Worth,spoke,hub,1270.2,75,12000,10830,0.903,159.27,1724894.1,1148330.49,7.53,15242400.0,13756266.0,11.316420642418517,12.538970240906943,576563.6100000001,33.426029458852,BOI-DFW
DFW,BOI,4,Dallas/Fort Worth,Boise,hub,spoke,1270.2,57,8550,7731,0.904,180.05,1391966.55,732309.19,6.74,10860210.0,9819916.200000001,12.81712370202786,14.174933081404504,659657.3600000001,47.3903169584068,DFW-BOI
BOI,DFW,4,Boise,Dallas/Fort Worth,spoke,hub,1270.2,75,12000,9586,0.799,156.3,1498291.8,1025181.12,6.73,15242400.0,12176137.200000001,9.829763029444184,12.30514879546528,473110.68000000005,31.5766715135196,BOI-DFW
DFW,TUL,1,Dallas/Fort Worth,Tulsa,hub,spoke,237.2,82,12300,9288,0.755,62.55815789417527,581040.17,319869.8,10.96,2917560.0,2203113.6,19.915277492150977,26.373590994127582,261170.37000000005,44.948763181037904,DFW-TUL
TUL,DFW,1,Tulsa,Dallas/Fort Worth,spoke,hub,237.2,93,7068,4452,0.63,62.55815789417527,278508.92,220869.75,13.17,1676529.5999999999,1056014.4,16.612228021503466,26.373591117696883,57639.169999999984,20.69562798922203,TUL-DFW
DFW,TUL,2,Dallas/Fort Worth,Tulsa,hub,spoke,237.2,81,12150,9978,0.821,62.55815789417527,624205.3,288721.79,10.02,2881980.0,2366781.6,21.65890464194755,26.373591040254833,335483.51000000007,53.74570033288728,DFW-TUL
TUL,DFW,2,Tulsa,Dallas/Fort Worth,spoke,hub,237.2,79,12640,8224,0.651,62.55815789417527,514478.29,344699.63,11.5,2998208.0,1950732.7999999998,17.15952629037078,26.373590991036806,169778.65999999997,33.000160220560524,TUL-DFW
DFW,TUL,3,Dallas/Fort Worth,Tulsa,hub,spoke,237.2,89,13350,12949,0.97,62.55815789417527,810065.59,346623.89,10.95,3166620.0,3071502.8,25.581395620567037,26.37359112939764,463441.69999999995,57.210392062203255,DFW-TUL
TUL,DFW,3,Tulsa,Dallas/Fort Worth,spoke,hub,237.2,77,12320,11950,0.97,62.55815789417527,747569.99,316823.87,10.84,2922304.0,2834540.0,25.581527110115854,26.373591129424877,430746.12,57.619503961094,TUL-DFW
DFW,TUL,4,Dallas/Fort Worth,Tulsa,hub,spoke,237.2,99,15840,10766,0.68,62.55815789417527,673501.13,418275.29,11.13,3757248.0,2553695.1999999997,17.92538395123239,26.3735911004571,255225.84000000003,37.89538408049887,DFW-TUL
TUL,DFW,4,Tulsa,Dallas/Fort Worth,spoke,hub,237.2,72,13608,7890,0.58,62.55815789417527,493583.87,359190.62,11.13,3227817.5999999996,1871508.0,15.291566351208944,26.373591242997623,134393.25,27.22804738331502,TUL-DFW
DFW,GEG,1,Dallas/Fort Worth,Spokane,hub,spoke,1475.2,93,13950,8968,0.643,197.9,1774767.2,1257595.05,6.11,20579040.0,13229593.6,8.624149620196082,13.415130151843819,517172.1499999999,29.140281046438087,DFW-GEG
GEG,DFW,1,Spokane,Dallas/Fort Worth,spoke,hub,1475.2,54,8640,5800,0.671,183.22,1062676.0,741477.6,5.82,12745728.0,8556160.0,8.337507280870893,12.420010845986985,321198.4,30.225430893329673,GEG-DFW
DFW,GEG,2,Dallas/Fort Worth,Spokane,hub,spoke,1475.2,81,12150,8603,0.708,213.44,1836224.32,1106876.81,6.18,17923680.0,12691145.6,10.24468368102979,14.468546637744037,729347.51,39.71995698216218,DFW-GEG
GEG,DFW,2,Spokane,Dallas/Fort Worth,spoke,hub,1475.2,100,18900,14216,0.752,234.02,3326828.32,1951461.0,7.0,27881280.0,20971443.2,11.932121911189157,15.863611713665943,1375367.3199999998,41.34169808918784,GEG-DFW
DFW,GEG,3,Dallas/Fort Worth,Spokane,hub,spoke,1475.2,91,14560,12312,0.846,203.41,2504383.92,1187735.38,5.53,21478912.0,18162662.400000002,11.659733602893851,13.788638828633404,1316648.54,52.5737499544399,DFW-GEG
GEG,DFW,3,Spokane,Dallas/Fort Worth,spoke,hub,1475.2,91,6916,6708,0.97,268.36,1800158.88,825742.57,8.09,10202483.200000001,9895641.6,17.644320943356217,18.191431670281997,974416.3099999999,54.12946161729902,GEG-DFW
DFW,GEG,4,Dallas/Fort Worth,Spokane,hub,spoke,1475.2,91,17199,14680,0.854,220.97,3243839.6,1572310.08,6.2,25371964.8,21655936.0,12.785133613302191,14.978985900216921,1671529.52,51.529351821218285,DFW-GEG
GEG,DFW,4,Spokane,Dallas/Fort Worth,spoke,hub,1475.2,95,14250,11663,0.818,210.65,2456810.95,1555036.29,7.4,21021600.0,17205257.6,11.68707876660197,14.279419739696312,901774.6600000001,36.70508957964389,GEG-DFW
DFW,FAR,1,Dallas/Fort Worth,Fargo,hub,spoke,968.8,79,12640,9709,0.768,132.24,1283918.16,882251.73,7.2,12245632.0,9406079.2,10.484703116997146,13.649876135425268,401666.42999999993,31.284426259692438,DFW-FAR
FAR,DFW,1,Fargo,Dallas/Fort Worth,spoke,hub,968.8,74,13986,10574,0.756,137.01,1448743.74,923853.03,6.82,13549636.799999999,10244091.2,10.69212231578045,14.142237819983485,524890.71,36.23074913165802,FAR-DFW
DFW,FAR,2,Dallas/Fort Worth,Fargo,hub,spoke,968.8,72,11520,9603,0.834,116.91,1122686.73,728133.54,6.52,11160576.0,9303386.4,10.059397740761767,12.067506193228736,394553.18999999994,35.14365846294451,DFW-FAR
FAR,DFW,2,Fargo,Dallas/Fort Worth,spoke,hub,968.8,98,15680,13401,0.855,119.38,1599811.38,1125887.86,7.41,15190784.0,12982888.799999999,10.531460259062337,12.322460776218001,473923.5199999998,29.623712265379677,FAR-DFW
DFW,FAR,3,Dallas/Fort Worth,Fargo,hub,spoke,968.8,85,12750,11898,0.933,148.95,1772207.1,991573.22,8.03,12352200.0,11526782.4,14.347299266527422,15.374690338563171,780633.8800000001,44.04868257214408,DFW-FAR
FAR,DFW,3,Fargo,Dallas/Fort Worth,spoke,hub,968.8,81,12960,11284,0.871,99.41,1121742.44,1009365.26,8.04,12555648.0,10931939.2,8.934166042246485,10.261147811725847,112377.17999999993,10.018091140422568,FAR-DFW
DFW,FAR,4,Dallas/Fort Worth,Fargo,hub,spoke,968.8,106,16960,12567,0.741,118.4,1487932.8,1350998.46,8.22,16430848.0,12174909.6,9.055727373291994,12.22130470685384,136934.34000000008,9.202992231907253,DFW-FAR
FAR,DFW,4,Fargo,Dallas/Fort Worth,spoke,hub,968.8,67,10050,8150,0.811,135.43,1103754.5,657703.89,6.76,9736440.0,7895720.0,11.336325186618518,13.97914946325351,446050.61,40.41212153608434,FAR-DFW
DFW,BIL,1,Dallas/Fort Worth,Billings,hub,spoke,1080.7,92,13800,9017,0.653,117.04,1055349.68,970534.21,6.51,14913660.0,9744671.9,7.076396270264978,10.830017581197371,84815.46999999997,8.03671727081018,DFW-BIL
BIL,DFW,1,Billings,Dallas/Fort Worth,spoke,hub,1080.7,84,12600,9260,0.735,145.2,1344552.0,971623.79,7.14,13616820.0,10007282.0,9.87419970301436,13.435736096974182,372928.20999999996,27.736243001386335,BIL-DFW
DFW,BIL,2,Dallas/Fort Worth,Billings,hub,spoke,1080.7,86,13760,10708,0.778,177.04,1895744.32,898405.71,6.04,14870432.0,11572135.6,12.748414571950567,16.381974646062737,997338.6100000001,52.6093418547075,DFW-BIL
BIL,DFW,2,Billings,Dallas/Fort Worth,spoke,hub,1080.7,75,14175,11965,0.844,157.06,1879222.9,949273.45,6.2,15318922.5,12930575.5,12.267330812594684,14.533172943462569,929949.45,49.48585130587755,BIL-DFW
DFW,BIL,3,Dallas/Fort Worth,Billings,hub,spoke,1080.7,81,12960,12571,0.97,132.2,1661886.2,974319.41,6.96,14005872.0,13585479.700000001,11.865638926301768,12.232812066253352,687566.7899999999,41.37267581859696,DFW-BIL
BIL,DFW,3,Billings,Dallas/Fort Worth,spoke,hub,1080.7,96,15360,14097,0.918,146.22,2061263.34,1127823.57,6.79,16599552.0,15234627.9,12.417584161307486,13.530119367076896,933439.77,45.28483827786895,BIL-DFW
DFW,BIL,4,Dallas/Fort Worth,Billings,hub,spoke,1080.7,75,12000,10185,0.849,147.98,1507176.3,1038034.55,8.0,12968400.0,11006929.5,11.621914037198113,13.692976774312946,469141.75,31.12719792634743,DFW-BIL
BIL,DFW,4,Billings,Dallas/Fort Worth,spoke,hub,1080.7,75,5700,4600,0.807,139.02,639492.0,519007.97,8.43,6159990.0,4971220.0,10.381380489254042,12.86388451929305,120484.03000000003,18.84058440136859,BIL-DFW
DEN,LAX,1,Denver,Los Angeles,hub,spoke,861.0,62,9920,6548,0.66,155.98,1021357.04,662636.08,7.76,8541120.0,5637828.0,11.958116031621147,18.116144018583043,358720.9600000001,35.121994165722896,DEN-LAX
LAX,DEN,1,Los Angeles,Denver,spoke,hub,861.0,85,13600,10643,0.783,133.76,1423607.68,879624.8,7.51,11709600.0,9163623.0,12.157611532417844,15.535423925667827,543982.8799999999,38.21157244670104,LAX-DEN
DEN,LAX,2,Denver,Los Angeles,hub,spoke,861.0,86,12900,10103,0.783,135.49,1368855.47,913367.31,8.22,11106900.0,8698683.0,12.324370166293026,15.736353077816492,455488.1599999999,33.27510975282145,DEN-LAX
LAX,DEN,2,Los Angeles,Denver,spoke,hub,861.0,82,12300,9243,0.752,163.62,1512339.66,738837.4,6.98,10590300.0,7958223.0,14.280423217472594,19.00348432055749,773502.2599999999,51.146067279621555,LAX-DEN
DEN,LAX,3,Denver,Los Angeles,hub,spoke,861.0,82,12300,11931,0.97,113.09,1349276.79,848769.67,8.01,10590300.0,10272591.0,12.74068524970964,13.134727061556331,500507.12,37.09447340304431,DEN-LAX
LAX,DEN,3,Los Angeles,Denver,spoke,hub,861.0,67,10050,8084,0.804,135.48,1095220.32,631722.19,7.3,8653050.0,6960324.0,12.65704370135386,15.735191637630663,463498.1300000001,42.32008131478058,LAX-DEN
DEN,LAX,4,Denver,Los Angeles,hub,spoke,861.0,95,7220,5852,0.811,101.28,592690.56,599953.03,9.65,6216420.0,5038572.0,9.534274711168166,11.763066202090593,-7262.469999999972,-1.225339239416935,DEN-LAX
LAX,DEN,4,Los Angeles,Denver,spoke,hub,861.0,85,12750,10477,0.822,136.19,1426862.63,803250.7,7.32,10977750.0,9020697.0,12.997769397189767,15.817653890824621,623611.9299999999,43.7051133646972,LAX-DEN
DEN,JFK,1,Denver,New York JFK,hub,spoke,1621.5,79,14931,11102,0.744,218.48,2425564.96,1329163.23,5.49,24210616.5,18001893.0,10.018600558973787,13.473943879124267,1096401.73,45.20191164041222,DEN-JFK
JFK,DEN,1,New York JFK,Denver,spoke,hub,1621.5,98,18522,13896,0.75,231.64,3218869.44,1693999.09,5.64,30033423.0,22532364.0,10.717624294773193,14.28553808202282,1524870.3499999999,47.37285492387041,JFK-DEN
DEN,JFK,2,Denver,New York JFK,hub,spoke,1621.5,72,10800,7839,0.726,216.79,1699416.81,1070712.63,6.11,17512200.0,12710938.5,9.704187994655156,13.369719395621338,628704.1800000002,36.99529016663076,DEN-JFK
JFK,DEN,2,New York JFK,Denver,spoke,hub,1621.5,79,11850,11494,0.97,206.47,2373166.18,1144418.77,5.96,19214775.0,18637521.0,12.35073624333358,12.73327166204132,1228747.4100000001,51.7767116502562,JFK-DEN
DEN,JFK,3,Denver,New York JFK,hub,spoke,1621.5,81,12960,12571,0.97,238.21,2994537.91,1317824.66,6.27,21014640.0,20383876.5,14.249770207817027,14.690718470551959,1676713.2500000002,55.992386818706194,DEN-JFK
JFK,DEN,3,New York JFK,Denver,spoke,hub,1621.5,81,12960,10714,0.827,200.07,2143549.98,1347686.94,6.41,21014640.0,17372751.0,10.20026981190256,12.338575393154487,795863.04,37.12827073899159,JFK-DEN
DEN,JFK,4,Denver,New York JFK,hub,spoke,1621.5,89,13350,10039,0.752,200.97,2017537.83,1033480.51,4.77,21647025.0,16278238.5,9.320162146992486,12.394079555966698,984057.3200000001,48.77516076117393,DEN-JFK
JFK,DEN,4,New York JFK,Denver,spoke,hub,1621.5,62,9920,8916,0.899,231.22,2061557.52,1166341.76,7.25,16085280.0,14457294.0,12.816422965593388,14.259636139377118,895215.76,43.42424362721638,JFK-DEN
DEN,MIA,1,Denver,Miami,hub,spoke,1708.0,96,14400,13165,0.914,213.84,2815203.6,1565099.85,6.36,24595200.0,22485820.0,11.446150468384076,12.519906323185012,1250103.75,44.40544726498645,DEN-MIA
MIA,DEN,1,Miami,Denver,spoke,hub,1708.0,99,7524,7298,0.97,199.04,1452593.92,1020051.28,7.94,12850992.0,12464984.0,11.303360238649281,11.653395784543324,432542.6399999999,29.777258051582645,MIA-DEN
DEN,MIA,2,Denver,Miami,hub,spoke,1708.0,116,18560,10936,0.589,202.51,2214649.36,1907788.89,6.02,31700480.0,18678688.0,6.986169799321649,11.85655737704918,306860.47,13.855939253516864,DEN-MIA
MIA,DEN,2,Miami,Denver,spoke,hub,1708.0,78,11700,8336,0.713,203.12,1693208.32,992883.89,4.97,19983600.0,14237888.0,8.472989451350108,11.892271662763466,700324.43,41.36079546313592,MIA-DEN
DEN,MIA,3,Denver,Miami,hub,spoke,1708.0,91,13650,12927,0.947,218.74,2827651.98,1475234.54,6.33,23314200.0,22079316.0,12.128453817844917,12.80679156908665,1352417.44,47.828284724062826,DEN-MIA
MIA,DEN,3,Miami,Denver,spoke,hub,1708.0,62,9920,8919,0.899,233.86,2085797.34,1178398.93,6.96,16943360.0,15233652.0,12.310411512238423,13.692037470725996,907398.4100000001,43.50367087916605,MIA-DEN
DEN,MIA,4,Denver,Miami,hub,spoke,1708.0,88,13200,9168,0.695,215.21,1973045.28,1437433.65,6.38,22545600.0,15658944.0,8.751354055780286,12.600117096018733,535611.6300000001,27.146443897121316,DEN-MIA
MIA,DEN,4,Miami,Denver,spoke,hub,1708.0,92,14720,11400,0.774,231.32,2637048.0,1608746.68,6.4,25141760.0,19471200.0,10.488716780368598,13.543325526932085,1028301.3200000001,38.994410416496024,MIA-DEN
DEN,PHX,1,Denver,Phoenix,hub,spoke,602.0,75,11250,9684,0.861,80.59,780433.56,602869.35,8.9,6772500.0,5829768.0,11.52356677740864,13.387043189368772,177564.21000000008,22.751995698391042,DEN-PHX
PHX,DEN,1,Phoenix,Denver,spoke,hub,602.0,84,6384,5107,0.8,115.37,589194.59,443638.45,11.54,3843168.0,3074414.0,15.330961071699182,19.164451827242523,145556.13999999996,24.704256025161392,PHX-DEN
DEN,PHX,2,Denver,Phoenix,hub,spoke,602.0,89,16821,13876,0.825,83.3,1155870.8,777152.77,7.67,10126242.0,8353352.0,11.414607709355554,13.837209302325581,378718.03,32.76473720073213,DEN-PHX
PHX,DEN,2,Phoenix,Denver,spoke,hub,602.0,91,14560,12004,0.824,82.28,987689.12,765737.89,8.74,8765120.0,7226408.0,11.268403855280932,13.667774086378737,221951.22999999998,22.471770267146404,PHX-DEN
DEN,PHX,3,Denver,Phoenix,hub,spoke,602.0,65,9750,8666,0.889,87.93,762001.38,471394.4,8.03,5869500.0,5216932.0,12.982389982110911,14.606312292358803,290606.98,38.13732988252593,DEN-PHX
PHX,DEN,3,Phoenix,Denver,spoke,hub,602.0,85,13600,12199,0.897,88.26,1076683.74,721648.32,8.81,8187200.0,7343798.0,13.150817617744773,14.661129568106313,355035.42000000004,32.97490310385853,PHX-DEN
DEN,PHX,4,Denver,Phoenix,hub,spoke,602.0,75,5700,4468,0.784,103.1,460650.8,374753.84,10.92,3431400.0,2689736.0,13.424573060558373,17.12624584717608,85896.95999999996,18.646870905249695,DEN-PHX
PHX,DEN,4,Phoenix,Denver,spoke,hub,602.0,70,10500,8246,0.785,117.73,970801.58,462105.12,7.31,6321000.0,4964092.0,15.358354374307861,19.556478405315612,508696.45999999996,52.399632476906355,PHX-DEN
DEN,IAH,1,Denver,Houston,hub,spoke,862.3,92,17388,14183,0.816,153.57,2178083.31,1218469.04,8.13,14993672.399999999,12230000.899999999,14.5266833360985,17.80934709497855,959614.27,44.05773946268382,DEN-IAH
IAH,DEN,1,Houston,Denver,spoke,hub,862.3,86,16254,11291,0.695,144.43,1630759.13,1191736.86,8.5,14015824.2,9736229.299999999,11.635128314466158,16.749391163168273,439022.2699999998,26.921343681209365,IAH-DEN
DEN,IAH,2,Denver,Houston,hub,spoke,862.3,78,11700,8050,0.688,145.5,1171275.0,801428.57,7.94,10088910.0,6941515.0,11.609529671689014,16.873477907920677,369846.43000000005,31.57639580798703,DEN-IAH
IAH,DEN,2,Houston,Denver,spoke,hub,862.3,60,9600,6866,0.715,159.81,1097255.46,619691.03,7.49,8278080.0,5920551.8,13.254951148092312,18.5329931578337,477564.42999999993,43.523540999285615,IAH-DEN
DEN,IAH,3,Denver,Houston,hub,spoke,862.3,77,12320,11950,0.97,107.17,1280681.5,766904.25,7.22,10623536.0,10304485.0,12.055133996816126,12.428389191696624,513777.25,40.11748822794738,DEN-IAH
IAH,DEN,3,Houston,Denver,spoke,hub,862.3,89,13350,12949,0.97,140.45,1818687.05,896951.41,7.79,11511705.0,11165922.7,15.798589783181555,16.28783486025745,921735.64,50.68137698566666,IAH-DEN
DEN,IAH,4,Denver,Houston,hub,spoke,862.3,84,12600,10429,0.828,100.97,1053016.13,823998.66,7.58,10864980.0,8992926.7,9.691836800435896,11.709381885654645,229017.46999999986,21.748714333559153,DEN-IAH
IAH,DEN,4,Houston,Denver,spoke,hub,862.3,86,6536,5086,0.778,118.2,601165.2,502600.35,8.92,5635992.8,4385657.8,10.666535982799694,13.707526382929375,98564.84999999998,16.39563467745638,IAH-DEN
DEN,BOS,1,Denver,Boston,hub,spoke,1749.3,72,10800,8260,0.765,224.26,1852387.6,1282750.27,6.79,18892440.0,14449218.0,9.80491455841596,12.819985136911907,569637.3300000001,30.751519282465505,DEN-BOS
BOS,DEN,1,Boston,Denver,spoke,hub,1749.3,62,4712,3322,0.705,193.93,644235.46,557577.24,6.76,8242701.6,5811174.6,7.815828975296157,11.086148745212371,86658.21999999997,13.451327252306164,BOS-DEN
DEN,BOS,2,Denver,Boston,hub,spoke,1749.3,71,13419,10429,0.777,165.61,1727146.69,1362581.88,5.8,23473856.7,18243449.7,7.357745734215035,9.467215457611616,364564.81000000006,21.10792395983459,DEN-BOS
BOS,DEN,2,Boston,Denver,spoke,hub,1749.3,77,5852,4321,0.738,176.96,764644.16,815963.84,7.97,10236903.6,7558725.3,7.469486769417269,10.116046418567427,-51319.679999999935,-6.711576794099877,BOS-DEN
DEN,BOS,3,Denver,Boston,hub,spoke,1749.3,71,13419,11657,0.869,161.47,1882255.79,1614252.4,6.88,23473856.7,20391590.099999998,8.018519555842735,9.230549362602185,268003.39000000013,14.238414960593646,DEN-BOS
BOS,DEN,3,Boston,Denver,spoke,hub,1749.3,70,11200,10664,0.952,187.25,1996834.0,1012863.55,5.17,19592160.0,18654535.2,10.192005373578002,10.704281712685075,983970.45,49.27652724262507,BOS-DEN
DEN,BOS,4,Denver,Boston,hub,spoke,1749.3,77,5852,4205,0.719,168.83,709930.15,841689.94,8.22,10236903.6,7355806.5,6.935008648513599,9.651289087063397,-131759.78999999992,-18.5595427944566,DEN-BOS
BOS,DEN,4,Boston,Denver,spoke,hub,1749.3,89,16821,13706,0.815,160.43,2198853.58,1942111.62,6.6,29424975.3,23975905.8,7.47274571204143,9.171097010232664,256741.95999999996,11.67617354494336,BOS-DEN
DEN,SFO,1,Denver,San Francisco,hub,spoke,965.3,92,13800,8539,0.619,134.49,1148410.11,942431.15,7.08,13321140.0,8242696.699999999,8.62095969263892,13.932456231223455,205978.96000000008,17.936010681758983,DEN-SFO
SFO,DEN,1,San Francisco,Denver,spoke,hub,965.3,78,12480,8766,0.702,141.88,1243720.08,999737.28,8.3,12046944.0,8461819.799999999,10.32394672042968,14.698021340515904,243982.80000000005,19.617179454077803,SFO-DEN
DEN,SFO,2,Denver,San Francisco,hub,spoke,965.3,74,11100,8738,0.787,122.49,1070317.62,687713.44,6.42,10714830.0,8434791.4,9.989123672517437,12.689319382575365,382604.18000000017,35.7467888830981,DEN-SFO
SFO,DEN,2,San Francisco,Denver,spoke,hub,965.3,77,11550,8733,0.756,143.67,1254670.11,824247.47,7.39,11149215.0,8429964.9,11.253439008934711,14.883455920439243,430422.64000000013,34.30564230146521,SFO-DEN
DEN,SFO,3,Denver,San Francisco,hub,spoke,965.3,79,12640,11032,0.873,145.55,1605707.6,925582.69,7.59,12201392.0,10649189.6,13.16003616636528,15.078214026727444,680124.9100000001,42.35670990160351,DEN-SFO
SFO,DEN,3,San Francisco,Denver,spoke,hub,965.3,74,13986,11788,0.843,123.39,1454521.32,1085836.29,8.04,13500685.799999999,11378956.4,10.773684696817403,12.782554646223973,368685.03,25.34751639116572,SFO-DEN
DEN,SFO,4,Denver,San Francisco,hub,spoke,965.3,82,6232,5109,0.82,150.06,766656.54,524839.4,8.72,6015749.6,4931717.7,12.744156438958164,15.54542629234435,241817.14,31.541782712764704,DEN-SFO
SFO,DEN,4,San Francisco,Denver,spoke,hub,965.3,100,15000,11046,0.736,127.23,1405382.58,1003234.24,6.93,14479500.0,10662703.799999999,9.706015953589558,13.180358437791362,402148.3400000001,28.61486585382324,SFO-DEN
DEN,LAS,1,Denver,Las Vegas,hub,spoke,627.2,95,7220,7003,0.97,82.79,579778.37,574815.98,12.69,4528384.0,4392281.600000001,12.803206839349313,13.199936224489795,4962.390000000014,0.8559115442682027,DEN-LAS
LAS,DEN,1,Las Vegas,Denver,spoke,hub,627.2,100,16000,11145,0.697,116.8,1301736.0,841994.61,8.39,10035200.0,6990144.000000001,12.971699617346937,18.622448979591834,459741.39,35.31755978170689,LAS-DEN
DEN,LAS,2,Denver,Las Vegas,hub,spoke,627.2,75,12000,8733,0.728,94.71,827102.43,571182.14,7.59,7526400.000000001,5477337.600000001,10.989349888392857,15.100446428571429,255920.29000000004,30.941789156634446,DEN-LAS
LAS,DEN,2,Las Vegas,Denver,spoke,hub,627.2,79,11850,8523,0.719,97.05,827157.15,649038.2,8.73,7432320.000000001,5345625.600000001,11.129191827047274,15.473533163265305,178118.95000000007,21.53387055893793,LAS-DEN
DEN,LAS,3,Denver,Las Vegas,hub,spoke,627.2,103,7828,7593,0.97,116.97,888153.21,481205.24,9.8,4909721.600000001,4762329.600000001,18.089685777702748,18.64955357142857,406947.97,45.81956867554416,DEN-LAS
LAS,DEN,3,Las Vegas,Denver,spoke,hub,627.2,75,12000,10956,0.913,85.92,941339.52,668057.4,8.88,7526400.000000001,6871603.2,12.507168367346939,13.698979591836736,273282.12,29.031195885624772,LAS-DEN
DEN,LAS,4,Denver,Las Vegas,hub,spoke,627.2,78,11700,10201,0.872,79.18,807715.18,575376.04,7.84,7338240.000000001,6398067.2,11.006933270102913,12.624362244897961,232339.14,28.764983716165887,DEN-LAS
LAS,DEN,4,Las Vegas,Denver,spoke,hub,627.2,103,7828,6142,0.785,83.11,510461.62,376799.68,7.67,4909721.600000001,3852262.4000000004,10.396956519897175,13.250956632653061,133661.94,26.18452294219495,LAS-DEN
DEN,MSP,1,Denver,Minneapolis,hub,spoke,678.7,89,14240,8581,0.603,115.62,992135.22,812357.63,8.41,9664688.0,5823924.7,10.265569048892214,17.03550906144099,179777.58999999997,18.12027094451903,DEN-MSP
MSP,DEN,1,Minneapolis,Denver,spoke,hub,678.7,61,9150,5962,0.652,131.95,786685.9,486528.07,7.83,6210105.0,4046409.4000000004,12.667835729025517,19.441579490201853,300157.83,38.15472350527701,MSP-DEN
DEN,MSP,2,Denver,Minneapolis,hub,spoke,678.7,75,11250,8004,0.711,80.68,645762.72,623493.73,8.17,7635375.000000001,5432314.800000001,8.457511517116053,11.887431855016942,22268.98999999999,3.448478722958797,DEN-MSP
MSP,DEN,2,Minneapolis,Denver,spoke,hub,678.7,77,11550,7975,0.691,135.01,1076704.75,633230.15,8.08,7838985.000000001,5412632.5,13.735257179341456,19.8924414321497,443474.6,41.1881344444705,MSP-DEN
DEN,MSP,3,Denver,Minneapolis,hub,spoke,678.7,95,15200,12800,0.842,105.38,1348864.0,859831.06,8.33,10316240.0,8687360.0,13.075151411754671,15.52674230145867,489032.93999999994,36.255170276617946,DEN-MSP
MSP,DEN,3,Minneapolis,Denver,spoke,hub,678.7,67,10050,9748,0.97,111.55,1087389.4,535564.6,7.85,6820935.0,6615967.600000001,15.941940511088287,16.43583321054958,551824.7999999999,50.747671441343826,MSP-DEN
DEN,MSP,4,Denver,Minneapolis,hub,spoke,678.7,71,10650,8414,0.79,104.93,882881.02,556303.52,7.7,7228155.000000001,5710581.800000001,12.21447271122437,15.460439074701634,326577.5,36.98997855905884,DEN-MSP
MSP,DEN,4,Minneapolis,Denver,spoke,hub,678.7,82,13120,10786,0.822,89.02,960169.72,682764.47,7.67,8904544.0,7320458.2,10.78291847398362,13.11625165758067,277405.25,28.891272472120868,MSP-DEN
DEN,DTW,1,Denver,Detroit,hub,spoke,1120.0,78,14742,12021,0.815,127.37,1531114.77,1141400.44,6.91,16511040.0,13463520.0,9.273278788010932,11.372321428571428,389714.3300000001,25.45297959603643,DEN-DTW
DTW,DEN,1,Detroit,Denver,spoke,hub,1120.0,84,12600,10160,0.806,140.81,1430629.6,1082185.59,7.67,14112000.0,11379200.0,10.137681405895691,12.572321428571428,348444.01,24.355990537313083,DTW-DEN
DEN,DTW,2,Denver,Detroit,hub,spoke,1120.0,105,19845,15259,0.769,170.74,2605321.66,1542195.72,6.94,22226400.0,17090080.0,11.721743782168954,15.244642857142859,1063125.9400000002,40.80593795086324,DEN-DTW
DTW,DEN,2,Detroit,Denver,spoke,hub,1120.0,81,12960,10429,0.805,159.12,1659462.48,1024853.2,7.06,14515200.0,11680480.0,11.432584325396826,14.207142857142857,634609.28,38.24185768876197,DTW-DEN
DEN,DTW,3,Denver,Detroit,hub,spoke,1120.0,89,13350,12028,0.901,116.28,1398615.84,1077216.83,7.2,14952000.0,13471360.0,9.354038523274479,10.382142857142858,321399.01,22.979791934860398,DEN-DTW
DTW,DEN,3,Detroit,Denver,spoke,hub,1120.0,86,12900,11525,0.893,147.39,1698669.75,928352.87,6.43,14448000.0,12908000.0,11.757127284053157,13.159821428571428,770316.88,45.348242646930046,DTW-DEN
DEN,DTW,4,Denver,Detroit,hub,spoke,1120.0,81,12150,9720,0.8,127.04,1234828.8,959339.24,7.05,13608000.0,10886400.0,9.074285714285715,11.342857142857143,275489.56000000006,22.30993964507469,DEN-DTW
DTW,DEN,4,Detroit,Denver,spoke,hub,1120.0,74,11840,9491,0.802,158.39,1503279.49,1061888.01,8.01,13260800.0,10629920.0,11.33626545909749,14.141964285714288,441391.48,29.361903953069962,DTW-DEN
DEN,PDX,1,Denver,Portland,hub,spoke,989.7,89,14240,11925,0.837,134.69,1606178.25,1028451.53,7.3,14093328.0,11802172.5,11.396727941051255,13.609174497322421,577726.72,35.96902896674139,DEN-PDX
PDX,DEN,1,Portland,Denver,spoke,hub,989.7,96,14400,10175,0.707,143.57,1460824.75,1137340.65,7.98,14251680.0,10070197.5,10.250193310543038,14.506416085682531,323484.1000000001,22.143936156612906,PDX-DEN
DEN,PDX,2,Denver,Portland,hub,spoke,989.7,86,6536,5303,0.811,161.14,854525.42,664332.85,10.27,6468679.2,5248379.100000001,13.210199386607394,16.281701525714862,190192.57000000007,22.257099151011804,DEN-PDX
PDX,DEN,2,Portland,Denver,spoke,hub,989.7,81,12150,11323,0.932,153.11,1733664.53,893632.54,7.43,12024855.0,11206373.1,14.417342496021782,15.470344548853188,840031.99,48.454125666399825,PDX-DEN
DEN,PDX,3,Denver,Portland,hub,spoke,989.7,77,11550,11203,0.97,130.49,1461879.47,932517.19,8.16,11431035.0,11087609.1,12.788688600813487,13.184803475800747,529362.28,36.21107559571926,DEN-PDX
PDX,DEN,3,Portland,Denver,spoke,hub,989.7,100,15000,14550,0.97,165.03,2401186.5,1010745.68,6.81,14845500.0,14400135.0,16.174507426492877,16.67474992421946,1390440.8199999998,57.90640668686085,PDX-DEN
DEN,PDX,4,Denver,Portland,hub,spoke,989.7,103,7828,5917,0.756,136.74,809090.58,690050.23,8.91,7747371.600000001,5856054.9,10.443420320770464,13.81630797211276,119040.34999999998,14.71285823152211,DEN-PDX
PDX,DEN,4,Portland,Denver,spoke,hub,989.7,86,13760,10691,0.777,127.32,1361178.12,1110845.43,8.16,13618272.0,10580882.700000001,9.995233756529464,12.864504395271295,250332.69000000018,18.390884067398922,PDX-DEN
DEN,SLC,1,Denver,Salt Lake City,hub,spoke,390.3,77,11550,8684,0.752,69.55,603972.2,397582.22,8.82,4507965.0,3389365.2,13.397890178827918,17.819625928772737,206389.97999999998,34.17209931185574,DEN-SLC
SLC,DEN,1,Salt Lake City,Denver,spoke,hub,390.3,81,15309,10242,0.669,64.85401696739044,664234.84,513756.63,8.6,5975102.7,3997452.6,11.11671001069153,16.616453188212912,150478.20999999996,22.654368747053372,SLC-DEN
DEN,SLC,2,Denver,Salt Lake City,hub,spoke,390.3,65,10400,8012,0.77,64.85401696739044,519610.38,314107.02,7.74,4059120.0,3127083.6,12.801059835629397,16.61645310665823,205503.36,39.549510154127404,DEN-SLC
SLC,DEN,2,Salt Lake City,Denver,spoke,hub,390.3,81,12150,11011,0.906,66.03,727056.33,461010.31,9.72,4742145.0,4297593.3,15.331803013193396,16.917755572636434,266046.01999999996,36.59221562653887,SLC-DEN
DEN,SLC,3,Denver,Salt Lake City,hub,spoke,390.3,79,12640,10821,0.856,75.35,815362.35,482441.22,9.78,4933392.0,4223436.3,16.52741866042674,19.305662311042788,332921.13,40.83106486337026,DEN-SLC
SLC,DEN,3,Salt Lake City,Denver,spoke,hub,390.3,75,14175,11734,0.828,64.85401696739044,760997.04,493860.48,8.93,5532502.5,4579780.2,13.75502387933851,16.616453339834955,267136.56000000006,35.10349527772145,SLC-DEN
DEN,SLC,4,Denver,Salt Lake City,hub,spoke,390.3,89,13350,11006,0.824,66.95,736851.7,547457.29,10.51,5210505.0,4295641.8,14.141656135057925,17.153471688444785,189394.40999999992,25.70319237914494,DEN-SLC
SLC,DEN,4,Salt Lake City,Denver,spoke,hub,390.3,75,14175,12105,0.854,80.31,972152.55,549626.87,9.94,5532502.5,4724581.5,17.571660383343705,20.576479631053036,422525.68000000005,43.462898904086614,SLC-DEN
DEN,STL,1,Denver,St. Louis,hub,spoke,767.5,81,12150,8207,0.676,131.51,1079302.57,780504.27,8.37,9325125.0,6298872.5,11.57413514564148,17.13485342019544,298798.30000000005,27.684386964815623,DEN-STL
STL,DEN,1,St. Louis,Denver,spoke,hub,767.5,85,6460,4208,0.651,98.94,416339.52,525996.8,10.61,4958050.0,3229640.0,8.39724327104406,12.891205211726383,-109657.28000000003,-26.33842686853269,STL-DEN
DEN,STL,2,Denver,St. Louis,hub,spoke,767.5,78,12480,10434,0.836,142.76,1489557.84,627348.13,6.55,9578400.0,8008095.0,15.55121773991481,18.600651465798045,862209.7100000001,57.8836005455149,DEN-STL
STL,DEN,2,St. Louis,Denver,spoke,hub,767.5,77,11550,8269,0.716,132.8,1098123.2,727774.68,8.21,8864625.0,6346457.5,12.38770055134876,17.302931596091202,370348.5199999999,33.725589259930025,STL-DEN
DEN,STL,3,Denver,St. Louis,hub,spoke,767.5,96,15360,12735,0.829,96.61,1230328.35,894582.14,7.59,11788800.0,9774112.5,10.436417192589577,12.587622149837136,335746.2100000001,27.289154964201227,DEN-STL
STL,DEN,3,St. Louis,Denver,spoke,hub,767.5,82,6232,5119,0.821,133.8,684922.2,480518.91,10.05,4783060.0,3928832.5,14.319749281840494,17.433224755700323,204403.28999999998,29.843285850568137,STL-DEN
DEN,STL,4,Denver,St. Louis,hub,spoke,767.5,114,21546,14772,0.686,148.95,2200289.4,1190752.68,7.2,16536555.0,11337510.0,13.305609300123272,19.407166123778502,1009536.72,45.881997159100976,DEN-STL
STL,DEN,4,St. Louis,Denver,spoke,hub,767.5,65,9750,7511,0.77,127.44,957201.84,540893.13,7.23,7483125.0,5764692.5,12.79147201202706,16.604560260586318,416308.70999999996,43.4922596889283,STL-DEN
DEN,MCI,1,Denver,Kansas City,hub,spoke,531.5,93,14880,8723,0.586,85.45,745380.35,717096.46,9.07,7908720.0,4636274.5,9.424791243083583,16.07714016933208,28283.890000000014,3.7945580400663923,DEN-MCI
MCI,DEN,1,Kansas City,Denver,spoke,hub,531.5,88,6688,4379,0.655,102.1,447095.9,456423.07,12.84,3554672.0,2327438.5,12.57769774538973,19.209783631232362,-9327.169999999984,-2.0861676432282166,MCI-DEN
DEN,MCI,2,Denver,Kansas City,hub,spoke,531.5,67,12663,9747,0.77,78.57,765821.79,655501.22,9.74,6730384.5,5180530.5,11.378574136440497,14.782690498588899,110320.57000000007,14.40551463023794,DEN-MCI
MCI,DEN,2,Kansas City,Denver,spoke,hub,531.5,93,7068,5136,0.727,107.13,550219.68,416283.49,11.08,3756642.0,2729784.0,14.646582772593183,20.156161806208843,133936.19000000006,24.342311783540723,MCI-DEN
DEN,MCI,3,Denver,Kansas City,hub,spoke,531.5,84,13440,13036,0.97,91.27,1189795.72,536605.83,7.51,7143360.0,6928634.0,16.655967499888007,17.172154280338663,653189.89,54.89933095405656,DEN-MCI
MCI,DEN,3,Kansas City,Denver,spoke,hub,531.5,67,5092,4939,0.97,66.97302330411523,330779.76,305270.06,11.28,2706398.0,2625078.5,12.222140276485574,12.600756891651049,25509.70000000001,7.711989391370261,MCI-DEN
DEN,MCI,4,Denver,Kansas City,hub,spoke,531.5,81,12960,9068,0.7,74.1,671938.8,542207.59,7.87,6888240.0,4819642.0,9.754869168321662,13.94167450611477,129731.21000000008,19.306997899213453,DEN-MCI
MCI,DEN,4,Kansas City,Denver,spoke,hub,531.5,86,13760,11361,0.826,99.75,1133259.75,626743.68,8.57,7313440.0,6038371.5,15.49557732065895,18.76763875823142,506516.06999999995,44.69549633259277,MCI-DEN
DEN,OMA,1,Denver,Omaha,hub,spoke,471.1,82,15498,11660,0.752,73.16,853045.6,794182.03,10.88,7301107.800000001,5493026.0,11.683783110283619,15.529611547442157,58863.56999999995,6.900401338451304,DEN-OMA
OMA,DEN,1,Omaha,Denver,spoke,hub,471.1,85,6460,4742,0.734,66.06713699541959,313290.36,352618.14,11.59,3043306.0,2233956.2,10.29440877782254,14.024015332082158,-39327.78000000003,-12.553140798842335,OMA-DEN
DEN,OMA,2,Denver,Omaha,hub,spoke,471.1,89,13350,11187,0.838,87.36,977296.32,574609.36,9.14,6289185.0,5270195.7,15.539315825500442,18.54383358098068,402686.95999999996,41.20418257586399,DEN-OMA
OMA,DEN,2,Omaha,Denver,spoke,hub,471.1,91,14560,10057,0.691,79.09,795408.13,705129.07,10.28,6859216.0,4737852.7,11.596195979248941,16.788367650180426,90279.06000000006,11.350029826826143,OMA-DEN
DEN,OMA,3,Denver,Omaha,hub,spoke,471.1,91,14560,13070,0.898,88.35,1154734.5,486093.76,7.09,6859216.0,6157277.0,16.834788407304856,18.753980046699215,668640.74,57.904283625370155,DEN-OMA
OMA,DEN,3,Omaha,Denver,spoke,hub,471.1,105,7980,7656,0.959,74.77,572439.12,419553.2,11.16,3759378.0,3606741.6,15.226963609405598,15.871364890681383,152885.91999999998,26.707804316378652,OMA-DEN
DEN,OMA,4,Denver,Omaha,hub,spoke,471.1,71,13419,8280,0.617,66.06713699541959,547035.89,514174.99,8.13,6321690.9,3900708.0,8.653315998097915,14.024015383873904,32860.90000000002,6.007083008758351,DEN-OMA
OMA,DEN,4,Omaha,Denver,spoke,hub,471.1,99,14850,10816,0.728,93.95,1016163.2,629948.5,9.0,6995835.0,5095417.600000001,14.525259672362198,19.942687327531306,386214.69999999995,38.00715278805609,OMA-DEN
DEN,BOI,1,Denver,Boise,hub,spoke,647.6,71,11360,8286,0.729,85.29,706712.94,552296.6,7.51,7356736.0,5366013.600000001,9.60633819128483,13.17016676961087,154416.33999999997,21.849938109241354,DEN-BOI
BOI,DEN,1,Boise,Denver,spoke,hub,647.6,79,12640,11071,0.876,115.94,1283571.74,724278.83,8.85,8185664.0,7169579.600000001,15.68072840517275,17.903026559604694,559292.91,43.57317106404976,BOI-DEN
DEN,BOI,2,Denver,Boise,hub,spoke,647.6,85,13600,10266,0.755,101.6,1043025.6,665176.03,7.55,8807360.0,6648261.600000001,11.84265886712931,15.688696726374305,377849.56999999995,36.22629876006878,DEN-BOI
BOI,DEN,2,Boise,Denver,spoke,hub,647.6,71,11360,9547,0.84,132.12,1261349.64,575041.2,7.82,7356736.0,6182637.2,17.145506376740986,20.401482396541073,686308.44,54.410642238737225,BOI-DEN
DEN,BOI,3,Denver,Boise,hub,spoke,647.6,77,5852,5676,0.97,101.69,577192.44,389087.94,10.27,3789755.2,3675777.6,15.230335721948476,15.702594193946878,188104.49999999994,32.58956406289728,DEN-BOI
BOI,DEN,3,Boise,Denver,spoke,hub,647.6,84,15876,14280,0.9,121.6,1736448.0,803738.24,7.82,10281297.6,9247728.0,16.88938563552523,18.777022853613342,932709.76,53.71365914786968,BOI-DEN
DEN,BOI,4,Denver,Boise,hub,spoke,647.6,79,12640,9085,0.719,101.24,919765.4,646382.53,7.9,8185664.0,5883446.0,11.236295552810377,15.633106856084003,273382.87,29.723108740554927,DEN-BOI
BOI,DEN,4,Boise,Denver,spoke,hub,647.6,95,14250,11454,0.804,119.82,1372418.28,821476.77,8.9,9228300.0,7417610.4,14.87184291798056,18.502161828289065,550941.51,40.143848127700544,BOI-DEN
DEN,TUL,1,Denver,Tulsa,hub,spoke,540.3,81,12960,10587,0.817,74.37,787355.19,655853.78,9.37,7002287.999999999,5720156.1,11.244256020317932,13.764575235980011,131501.40999999992,16.701662943251815,DEN-TUL
TUL,DEN,1,Tulsa,Denver,spoke,hub,540.3,72,11520,8411,0.73,108.16,909733.76,477081.34,7.67,6224255.999999999,4544463.3,14.615943817220888,20.018508236165093,432652.42,47.55813612984968,TUL-DEN
DEN,TUL,2,Denver,Tulsa,hub,spoke,540.3,71,10650,7834,0.736,79.49,622724.66,503320.14,8.75,5754194.999999999,4232710.199999999,10.82209866019487,14.712196927632801,119404.52000000002,19.174528916198696,DEN-TUL
TUL,DEN,2,Tulsa,Denver,spoke,hub,540.3,84,15876,12724,0.802,83.43,1061563.32,855085.24,9.97,8577802.799999999,6874777.199999999,12.375702085387182,15.44142143253748,206478.08000000007,19.450378146072346,TUL-DEN
DEN,TUL,3,Denver,Tulsa,hub,spoke,540.3,112,8512,8256,0.97,113.3,935404.8,479526.18,10.43,4599033.6,4460716.8,20.339159948733577,20.969831575050897,455878.62000000005,48.735971848765374,DEN-TUL
TUL,DEN,3,Tulsa,Denver,spoke,hub,540.3,64,4864,4498,0.925,70.19,315714.62,253732.7,9.66,2628019.1999999997,2430269.4,12.013406142542642,12.990930964279105,61981.919999999984,19.63226156584069,TUL-DEN
DEN,TUL,4,Denver,Tulsa,hub,spoke,540.3,64,10240,6337,0.619,84.52,535603.24,361151.94,6.53,5532672.0,3423881.0999999996,9.680733649130113,15.643161206737,174451.3,32.5709941560473,DEN-TUL
TUL,DEN,4,Tulsa,Denver,spoke,hub,540.3,72,13608,12301,0.904,88.16,1084456.16,538098.49,7.32,7352402.399999999,6646230.3,14.749684538485,16.3168610031464,546357.6699999999,50.38079824268783,TUL-DEN
DEN,GEG,1,Denver,Spokane,hub,spoke,834.5,72,11520,8117,0.705,115.06,933942.02,668153.87,6.95,9613440.0,6773636.5,9.71496176186672,13.78789694427801,265788.15,28.458742010558645,DEN-GEG
GEG,DEN,1,Spokane,Denver,spoke,hub,834.5,75,14175,9693,0.684,101.63,985099.59,888571.96,7.51,11829037.5,8088808.5,8.32780849667608,12.178550029958059,96527.63,9.798768670688412,GEG-DEN
DEN,GEG,2,Denver,Spokane,hub,spoke,834.5,78,11700,8860,0.757,141.61,1254664.6,759691.68,7.78,9763650.0,7393670.0,12.85036436168851,16.969442780107848,494972.92000000004,39.45061652333221,DEN-GEG
GEG,DEN,2,Spokane,Denver,spoke,hub,834.5,61,4636,4183,0.902,89.51,374420.33,290615.72,7.51,3868742.0,3490713.5,9.678089932076112,10.726183343319354,83804.61000000004,22.382494561660167,GEG-DEN
DEN,GEG,3,Denver,Spokane,hub,spoke,834.5,70,13230,12833,0.97,135.51,1738999.83,639136.11,5.79,11040435.0,10709138.5,15.751189423242835,16.23846614739365,1099863.7200000002,63.246913600905884,DEN-GEG
GEG,DEN,3,Spokane,Denver,spoke,hub,834.5,79,12640,11508,0.91,114.35,1315939.8,909579.68,8.62,10548080.0,9603426.0,12.475633480216306,13.702816057519474,406360.12,30.879841159907162,GEG-DEN
DEN,GEG,4,Denver,Spokane,hub,spoke,834.5,93,13950,10048,0.72,141.42,1420988.16,930578.58,7.99,11641275.0,8385056.0,12.206465013497231,16.946674655482326,490409.57999999996,34.51186954295242,DEN-GEG
GEG,DEN,4,Spokane,Denver,spoke,hub,834.5,86,6536,4851,0.742,98.71,478842.21,643892.48,11.81,5454292.0,4048159.5,8.77918178931381,11.828639904134212,-165050.26999999996,-34.468613366394734,GEG-DEN
DEN,FAR,1,Denver,Fargo,hub,spoke,626.5,92,14720,10564,0.718,85.35,901637.4,811903.68,8.8,9222080.0,6618346.0,9.776941861272077,13.623304070231445,89733.71999999997,9.952306769883322,DEN-FAR
FAR,DEN,1,Fargo,Denver,spoke,hub,626.5,81,15309,11274,0.736,111.64,1258629.36,847978.52,8.84,9591088.5,7063161.0,13.122904245957068,17.819632881085397,410650.8400000001,32.62682828247389,FAR-DEN
DEN,FAR,2,Denver,Fargo,hub,spoke,626.5,86,12900,11673,0.905,84.5,986368.5,692115.96,8.56,8081850.0,7313134.5,12.204736539282466,13.487629688747008,294252.54000000004,29.83190764911897,DEN-FAR
FAR,DEN,2,Fargo,Denver,spoke,hub,626.5,86,13760,11086,0.806,76.52,848300.72,647911.46,7.52,8620640.0,6945379.0,9.840345032387386,12.21388667198723,200389.26,23.622431913060264,FAR-DEN
DEN,FAR,3,Denver,Fargo,hub,spoke,626.5,89,16821,14862,0.884,101.52,1508790.24,1008334.12,9.57,10538356.5,9311043.0,14.317130379865208,16.204309656823625,500456.12,33.169363555798185,DEN-FAR
FAR,DEN,3,Fargo,Denver,spoke,hub,626.5,77,5852,5564,0.951,89.08,495641.12,358874.76,9.79,3666278.0,3485846.0,13.518918096227292,14.218675179569034,136766.36,27.593828373239088,FAR-DEN
DEN,FAR,4,Denver,Fargo,hub,spoke,626.5,75,12000,9408,0.784,76.62,720840.96,645859.87,8.59,7518000.0,5894112.0,9.588201117318436,12.229848363926575,74981.08999999997,10.401890869242498,DEN-FAR
FAR,DEN,4,Fargo,Denver,spoke,hub,626.5,77,12320,8706,0.707,100.48,874778.88,681889.15,8.83,7718480.0,5454309.0,11.333564121433236,16.03830806065443,192889.72999999998,22.050112823940147,FAR-DEN
DEN,BIL,1,Denver,Billings,hub,spoke,455.3,84,12600,9390,0.745,92.68,870265.2,490535.14,8.55,5736780.0,4275267.0,15.169924591844206,20.355809356468264,379730.05999999994,43.633832537483975,DEN-BIL
BIL,DEN,1,Billings,Denver,spoke,hub,455.3,75,12000,8436,0.703,85.3,719590.8,500564.68,9.16,5463600.0,3840910.8000000003,13.170634746321108,18.73490006589062,219026.12000000005,30.437593143214176,BIL-DEN
DEN,BIL,2,Denver,Billings,hub,spoke,455.3,110,16500,13688,0.83,70.93,970889.84,654879.41,8.72,7512450.0,6232146.4,12.923744450878209,15.578739292773994,316010.42999999993,32.54853609344598,DEN-BIL
BIL,DEN,2,Billings,Denver,spoke,hub,455.3,78,14742,12716,0.863,73.77,938059.32,630106.86,9.39,6712032.600000001,5789594.8,13.975786112838604,16.202503843619592,307952.45999999996,32.82867654894149,BIL-DEN
DEN,BIL,3,Denver,Billings,hub,spoke,455.3,106,15900,13420,0.844,97.21,1304558.2,587623.16,8.12,7239270.0,6110126.0,18.020576660353875,21.350757742148033,716935.0399999999,54.95615603811312,DEN-BIL
BIL,DEN,3,Billings,Denver,spoke,hub,455.3,78,14742,14299,0.97,67.65,967327.35,632222.62,9.42,6712032.600000001,6510334.7,14.411839269076253,14.858335163628375,335104.73,34.64232971392776,BIL-DEN
DEN,BIL,4,Denver,Billings,hub,spoke,455.3,98,15680,12709,0.811,90.67,1152325.03,670344.85,9.39,7139104.0,5786407.7,16.141031563624793,19.914342191961342,481980.18000000005,41.82675611932165,DEN-BIL
BIL,DEN,4,Billings,Denver,spoke,hub,455.3,71,11360,9967,0.877,67.99,677656.33,446697.39,8.64,5172208.0,4537975.100000001,13.101876993345973,14.933011201405662,230958.93999999994,34.08201617477696,BIL-DEN
ATL,LAX,1,Atlanta,Los Angeles,hub,spoke,1942.3,72,11520,9313,0.809,221.91,2066647.83,1378861.99,6.16,22375296.0,18088639.9,9.236292695301104,11.425114554909129,687785.8400000001,33.28026333349693,ATL-LAX
LAX,ATL,1,Los Angeles,Atlanta,spoke,hub,1942.3,91,17199,13891,0.808,271.31,3768767.21,1935760.25,5.79,33405617.7,26980489.3,11.28183661755789,13.968490964320651,1833006.96,48.63677849712559,LAX-ATL
ATL,LAX,2,Atlanta,Los Angeles,hub,spoke,1942.3,81,6156,5088,0.827,237.45,1208145.6,798666.01,6.68,11956798.799999999,9882422.4,10.104256333225246,12.225196931472997,409479.5900000001,33.89323190847197,ATL-LAX
LAX,ATL,2,Los Angeles,Atlanta,spoke,hub,1942.3,77,11550,9631,0.834,226.71,2183444.01,1180992.72,5.26,22433565.0,18706291.3,9.732933708931236,11.672244246511866,1002451.2899999998,45.91147221585956,LAX-ATL
ATL,LAX,3,Atlanta,Los Angeles,hub,spoke,1942.3,82,13120,9496,0.724,199.91,1898345.36,1548225.97,6.08,25482976.0,18444080.8,7.449464929056952,10.292436801729908,350119.39000000013,18.443397991606762,ATL-LAX
LAX,ATL,3,Los Angeles,Atlanta,spoke,hub,1942.3,86,12900,11129,0.863,254.72,2834778.88,1635781.86,6.53,25055670.0,21615856.7,11.313921679204746,13.114348967718684,1198997.0199999998,42.295962780701956,LAX-ATL
ATL,LAX,4,Atlanta,Los Angeles,hub,spoke,1942.3,75,12000,7228,0.602,251.18,1815529.04,1389186.69,5.96,23307600.0,14038944.4,7.789429370677375,12.932090820161665,426342.3500000001,23.48309173837286,ATL-LAX
LAX,ATL,4,Los Angeles,Atlanta,spoke,hub,1942.3,102,7752,5852,0.755,189.12,1106730.24,1200123.14,7.97,15056709.6,11366339.6,7.35041233710186,9.736909849147917,-93392.8999999999,-8.438632706015145,LAX-ATL
ATL,JFK,1,Atlanta,New York JFK,hub,spoke,759.3,81,12960,9488,0.732,85.69,813026.72,861852.39,8.76,9840528.0,7204238.399999999,8.262023338585085,11.28539444224944,-48825.67000000004,-6.005420092466339,ATL-JFK
JFK,ATL,1,New York JFK,Atlanta,spoke,hub,759.3,68,12852,10412,0.81,101.87,1060670.44,624313.1,6.4,9758523.6,7905831.6,10.869169184568042,13.416304490978535,436357.33999999997,41.13976627839275,JFK-ATL
ATL,JFK,2,Atlanta,New York JFK,hub,spoke,759.3,92,14720,14180,0.963,113.35,1607303.0,757257.78,6.78,11176896.0,10766874.0,14.380584734795779,14.92822336362439,850045.22,52.88643273856889,ATL-JFK
JFK,ATL,2,New York JFK,Atlanta,spoke,hub,759.3,95,17955,13240,0.737,90.88,1203251.2,1101548.28,8.08,13633231.5,10053132.0,8.825869347263705,11.968918740945607,101702.91999999993,8.452343118377934,JFK-ATL
ATL,JFK,3,Atlanta,New York JFK,hub,spoke,759.3,84,6384,5151,0.807,90.84,467916.84,441019.09,9.1,4847371.199999999,3911154.3,9.653002023034672,11.96365073093639,26897.75,5.7484039257915995,ATL-JFK
JFK,ATL,3,New York JFK,Atlanta,spoke,hub,759.3,93,14880,13937,0.937,134.98,1881216.26,844051.33,7.47,11298384.0,10582364.1,16.650312646481126,17.776899776109577,1037164.93,55.13267942942402,JFK-ATL
ATL,JFK,4,Atlanta,New York JFK,hub,spoke,759.3,100,18900,14460,0.765,97.91,1415778.6,1028576.41,7.17,14350770.0,10979478.0,9.865523592113872,12.894771500065852,387202.19000000006,27.34906361771537,ATL-JFK
JFK,ATL,4,New York JFK,Atlanta,spoke,hub,759.3,79,11850,8460,0.714,120.2,1016892.0,575664.82,6.4,8997705.0,6423678.0,11.301681928891867,15.830370077703149,441227.18000000005,43.38977787218309,JFK-ATL
ATL,MIA,1,Atlanta,Miami,hub,spoke,596.4,88,14080,13395,0.951,86.11,1153443.45,665596.82,7.93,8397312.0,7988778.0,13.735865119695445,14.438296445338697,487846.63,42.29480257571362,ATL-MIA
MIA,ATL,1,Miami,Atlanta,spoke,hub,596.4,77,14553,12316,0.846,89.34,1100311.44,644391.57,7.42,8679409.2,7345262.399999999,12.677261950041485,14.979879275653923,455919.87,41.435529380663354,MIA-ATL
ATL,MIA,2,Atlanta,Miami,hub,spoke,596.4,93,14880,11613,0.78,86.66,1006382.58,754633.31,8.5,8874432.0,6925993.2,11.340247804028472,14.53051643192488,251749.2699999999,25.015265069472875,ATL-MIA
MIA,ATL,2,Miami,Atlanta,spoke,hub,596.4,95,14250,11952,0.839,70.28,839986.56,680274.29,8.0,8498700.0,7128172.8,9.883706449221647,11.784037558685446,159712.27000000002,19.013669694905598,MIA-ATL
ATL,MIA,3,Atlanta,Miami,hub,spoke,596.4,79,11850,10332,0.872,77.67,802486.44,648107.89,9.17,7067340.0,6162004.8,11.35485826350508,13.023138832997988,154378.54999999993,19.237527552490473,ATL-MIA
MIA,ATL,3,Miami,Atlanta,spoke,hub,596.4,91,17199,14230,0.827,72.83,1036370.9,888481.09,8.66,10257483.6,8486772.0,10.103558927454683,12.211602951039572,147889.81000000006,14.269969371004152,MIA-ATL
ATL,MIA,4,Atlanta,Miami,hub,spoke,596.4,78,12480,8434,0.676,77.65,654900.1,588167.41,7.9,7443072.0,5030037.6,8.798787651120398,13.01978537894031,66732.68999999994,10.18975107806518,ATL-MIA
MIA,ATL,4,Miami,Atlanta,spoke,hub,596.4,102,15300,11195,0.732,86.37,966912.15,868449.59,9.52,9124920.0,6676698.0,10.596390434107917,14.481891348088533,98462.56000000006,10.183196063882335,MIA-ATL
ATL,PHX,1,Atlanta,Phoenix,hub,spoke,1583.7,85,12750,12337,0.968,196.91,2429278.67,1424856.88,7.06,20192175.0,19538106.900000002,12.030792472826727,12.43354170613121,1004421.79,41.346503486979536,ATL-PHX
PHX,ATL,1,Phoenix,Atlanta,spoke,hub,1583.7,78,12480,12025,0.964,196.74,2365798.5,1225864.83,6.2,19764576.0,19043992.5,11.969892498579277,12.42280734987687,1139933.67,48.18388675113286,PHX-ATL
ATL,PHX,2,Atlanta,Phoenix,hub,spoke,1583.7,81,15309,11839,0.773,167.44,1982322.16,1625448.69,6.7,24244863.3,18749424.3,8.17625628765661,10.57270947780514,356873.47,18.002798798354753,ATL-PHX
PHX,ATL,2,Phoenix,Atlanta,spoke,hub,1583.7,85,16065,11232,0.699,148.16,1664133.12,1749017.81,6.87,25442140.5,17788118.400000002,6.540853431730715,9.35530719201869,-84884.68999999994,-5.100835322597265,PHX-ATL
ATL,PHX,3,Atlanta,Phoenix,hub,spoke,1583.7,81,12150,10931,0.9,197.03,2153734.93,1134531.59,5.9,19241955.0,17311424.7,11.192911167290434,12.441118898781337,1019203.3400000001,47.322598793529345,ATL-PHX
PHX,ATL,3,Phoenix,Atlanta,spoke,hub,1583.7,88,14080,10153,0.721,211.36,2145938.08,1301867.39,5.84,22298496.0,16079306.1,9.62368977710425,13.345961987750208,844070.6900000002,39.33341310575001,PHX-ATL
ATL,PHX,4,Atlanta,Phoenix,hub,spoke,1583.7,110,16500,12424,0.753,206.91,2570649.84,1500866.35,5.74,26131050.0,19675888.8,9.83752983519606,13.064974426974803,1069783.4899999998,41.61529405342891,ATL-PHX
PHX,ATL,4,Phoenix,Atlanta,spoke,hub,1583.7,82,12300,10245,0.833,204.52,2095307.4,1248465.38,6.41,19479510.0,16225006.5,10.756468720209082,12.914062006693186,846842.02,40.4161231903252,PHX-ATL
ATL,IAH,1,Atlanta,Houston,hub,spoke,688.2,91,17199,14275,0.83,84.4,1204810.0,895646.08,7.57,11836351.8,9824055.0,10.178896507621547,12.263876780005813,309163.92000000004,25.660802948182702,ATL-IAH
IAH,ATL,1,Houston,Atlanta,spoke,hub,688.2,100,15000,11209,0.747,117.2,1313694.8,648078.97,6.28,10323000.0,7714033.800000001,12.725901385256225,17.029933158965417,665615.8300000001,50.667463249454904,IAH-ATL
ATL,IAH,2,Atlanta,Houston,hub,spoke,688.2,98,15680,13689,0.873,101.97,1395867.33,767850.04,7.12,10790976.0,9420769.8,12.935505833763322,14.816913687881431,628017.29,44.991187665377915,ATL-IAH
IAH,ATL,2,Houston,Atlanta,spoke,hub,688.2,91,14560,10971,0.754,95.45,1047181.95,781782.98,7.8,10020192.0,7550242.2,10.450717411402895,13.869514675966288,265398.97,25.344112357933597,IAH-ATL
ATL,IAH,3,Atlanta,Houston,hub,spoke,688.2,89,16821,15763,0.937,109.73,1729673.99,784245.84,6.77,11576212.200000001,10848096.600000001,14.941623046612776,15.94449287997675,945428.15,54.65932629304323,ATL-IAH
IAH,ATL,3,Houston,Atlanta,spoke,hub,688.2,68,10880,10553,0.97,119.21,1258023.13,538413.17,7.19,7487616.000000001,7262574.600000001,16.80138417888951,17.321999418773608,719609.9599999998,57.20164779482233,IAH-ATL
ATL,IAH,4,Atlanta,Houston,hub,spoke,688.2,92,13800,10912,0.791,128.29,1399900.48,740311.93,7.79,9497160.0,7509638.4,14.740201070635853,18.641383318802674,659588.5499999999,47.11681718974766,ATL-IAH
IAH,ATL,4,Houston,Atlanta,spoke,hub,688.2,85,13600,11252,0.827,108.4,1219716.8,694747.15,7.42,9359520.0,7743626.4,13.03183069217225,15.751235106073816,524969.65,43.04029017227606,IAH-ATL
ATL,BOS,1,Atlanta,Boston,hub,spoke,945.0,85,16065,11021,0.686,138.48,1526188.08,1223847.76,8.06,15181425.0,10414845.0,10.052996210830011,14.653968253968255,302340.32000000007,19.81016127448722,ATL-BOS
BOS,ATL,1,Boston,Atlanta,spoke,hub,945.0,78,5928,4969,0.838,134.51,668380.19,520682.04,9.29,5601960.0,4695705.0,11.9311846210969,14.233862433862432,147698.14999999997,22.097924536033897,BOS-ATL
ATL,BOS,2,Atlanta,Boston,hub,spoke,945.0,88,13200,11059,0.838,119.62,1322877.58,852057.03,6.83,12474000.0,10450755.0,10.605079204745872,12.65820105820106,470820.55000000005,35.59063643666862,ATL-BOS
BOS,ATL,2,Boston,Atlanta,spoke,hub,945.0,84,6384,4604,0.721,136.43,628123.72,533348.5,8.84,6032880.0,4350780.0,10.411672700269191,14.437037037037037,94775.21999999997,15.088622986567039,BOS-ATL
ATL,BOS,3,Atlanta,Boston,hub,spoke,945.0,81,12150,11785,0.97,173.56,2045404.6,745551.87,6.49,11481750.0,11136825.0,17.814397631023144,18.366137566137567,1299852.73,63.549907436406464,ATL-BOS
BOS,ATL,3,Boston,Atlanta,spoke,hub,945.0,68,5168,5012,0.97,152.47,764179.64,397887.97,8.15,4883760.0,4736340.0,15.647362687765165,16.134391534391533,366291.67000000004,47.93266541359307,BOS-ATL
ATL,BOS,4,Atlanta,Boston,hub,spoke,945.0,92,13800,7747,0.561,148.34,1149189.98,1029621.12,7.9,13041000.0,7320915.0,8.81213081818879,15.697354497354496,119568.85999999999,10.404620826923674,ATL-BOS
BOS,ATL,4,Boston,Atlanta,spoke,hub,945.0,75,14175,11891,0.839,181.33,2156195.03,1011258.57,7.55,13395375.0,11236995.0,16.09656340341349,19.188359788359787,1144936.46,53.099856185087305,BOS-ATL
ATL,SFO,1,Atlanta,San Francisco,hub,spoke,2134.4,86,13760,10086,0.733,244.26,2463606.36,1755119.02,5.98,29369344.0,21527558.400000002,8.38836018945469,11.443965517241377,708487.3399999999,28.75813894229433,ATL-SFO
SFO,ATL,1,San Francisco,Atlanta,spoke,hub,2134.4,100,7600,4929,0.649,232.56,1146288.24,1235284.18,7.62,16221440.0,10520457.6,7.066501124437781,10.895802098950524,-88995.93999999994,-7.763836083671237,SFO-ATL
ATL,SFO,2,Atlanta,San Francisco,hub,spoke,2134.4,72,10800,9550,0.884,262.37,2505633.5,1327368.36,5.76,23051520.0,20383520.0,10.869710544033538,12.29244752623688,1178265.14,47.024640275602955,ATL-SFO
SFO,ATL,2,San Francisco,Atlanta,spoke,hub,2134.4,82,15498,11916,0.769,245.86,2929667.76,1801448.38,5.45,33078931.200000003,25433510.400000002,8.856597398165029,11.518928035982007,1128219.38,38.51014764896071,SFO-ATL
ATL,SFO,3,Atlanta,San Francisco,hub,spoke,2134.4,82,15498,11532,0.744,249.44,2876542.08,1885457.56,5.7,33078931.200000003,24613900.8,8.695994627541047,11.686656671664169,991084.52,34.45402474348646,ATL-SFO
SFO,ATL,3,San Francisco,Atlanta,spoke,hub,2134.4,95,17955,14703,0.819,297.51,4374289.53,2268963.11,5.92,38323152.0,31382083.200000003,11.414221695543207,13.93881184407796,2105326.4200000004,48.12956265380084,SFO-ATL
ATL,SFO,4,Atlanta,San Francisco,hub,spoke,2134.4,74,11840,8324,0.703,243.0,2022732.0,1339443.87,5.3,25271296.0,17766745.6,8.004069122533327,11.384932533733133,683288.1299999999,33.78045781645813,ATL-SFO
SFO,ATL,4,San Francisco,Atlanta,spoke,hub,2134.4,79,11850,9104,0.768,266.42,2425487.68,1367079.12,5.41,25292640.0,19431577.6,9.58969755628515,12.4821964017991,1058408.56,43.63693820122805,SFO-ATL
ATL,LAS,1,Atlanta,Las Vegas,hub,spoke,1742.6,82,12300,9167,0.745,209.18,1917553.06,1168373.73,5.45,21433980.0,15974414.2,8.946322894768027,12.003902215080913,749179.3300000001,39.06954887600346,ATL-LAS
LAS,ATL,1,Las Vegas,Atlanta,spoke,hub,1742.6,79,6004,5789,0.964,222.74,1289441.86,741586.29,7.09,10462570.4,10087911.4,12.324331504617641,12.782049810627798,547855.5700000001,42.487807088874874,LAS-ATL
ATL,LAS,2,Atlanta,Las Vegas,hub,spoke,1742.6,91,14560,13055,0.897,207.9,2714134.5,1580623.29,6.23,25372256.0,22749643.0,10.697253330567056,11.930448754734305,1133511.21,41.76326596931729,ATL-LAS
LAS,ATL,2,Las Vegas,Atlanta,spoke,hub,1742.6,81,15309,12354,0.807,262.9,3247866.6,1684902.25,6.32,26677463.4,21528080.4,12.174570540316063,15.086652129002642,1562964.35,48.122800055888995,LAS-ATL
ATL,LAS,3,Atlanta,Las Vegas,hub,spoke,1742.6,79,12640,7824,0.619,193.67,1515274.08,1089096.45,4.94,22026464.0,13634102.399999999,6.879334240847737,11.113852863537245,426177.6300000001,28.125448433724948,ATL-LAS
LAS,ATL,3,Las Vegas,Atlanta,spoke,hub,1742.6,98,18522,14547,0.785,217.55,3164699.85,2068175.79,6.41,32276437.2,25349602.2,9.804985074374937,12.48421898312866,1096524.06,34.64859582181229,LAS-ATL
ATL,LAS,4,Atlanta,Las Vegas,hub,spoke,1742.6,98,14700,9120,0.62,199.9,1823088.0,1552881.35,6.06,25616220.0,15892512.0,7.116928258736066,11.471364627568002,270206.6499999999,14.821371760441618,ATL-LAS
LAS,ATL,4,Las Vegas,Atlanta,spoke,hub,1742.6,74,11100,8288,0.747,228.72,1895631.36,1221167.8,6.31,19342860.0,14442668.799999999,9.800160679444508,13.12521519568461,674463.56,35.57989038543866,LAS-ATL
ATL,MSP,1,Atlanta,Minneapolis,hub,spoke,906.6,67,10050,6987,0.695,120.95,845077.65,594155.94,6.52,9111330.0,6334414.2,9.275019673307849,13.341054489300683,250921.71000000008,29.69214840790075,ATL-MSP
MSP,ATL,1,Minneapolis,Atlanta,spoke,hub,906.6,99,15840,8682,0.548,127.55,1107389.1,912263.64,6.35,14360544.0,7871101.2,7.7113311306312635,14.069049194793736,195125.46000000008,17.62031611111217,MSP-ATL
ATL,MSP,2,Atlanta,Minneapolis,hub,spoke,906.6,77,5852,4949,0.846,105.4,521624.6,470220.13,8.86,5305423.2,4486763.4,9.831913126176248,11.625854842267811,51404.46999999997,9.854686684638718,ATL-MSP
MSP,ATL,2,Minneapolis,Atlanta,spoke,hub,906.6,86,12900,10829,0.84,76.49,828310.21,776665.75,6.64,11695140.0,9817571.4,7.082516412800531,8.43701742775204,51644.45999999996,6.2349177127733295,MSP-ATL
ATL,MSP,3,Atlanta,Minneapolis,hub,spoke,906.6,78,14742,12832,0.87,124.04,1591681.28,956546.65,7.16,13365097.200000001,11633491.200000001,11.909238340593586,13.681888374145156,635134.63,39.903380028443884,ATL-MSP
MSP,ATL,3,Minneapolis,Atlanta,spoke,hub,906.6,89,16821,15977,0.95,84.8,1354849.6,1209885.32,7.93,15249918.6,14484748.200000001,8.884307093940818,9.353628943304654,144964.28000000003,10.69965847131667,MSP-ATL
ATL,MSP,4,Atlanta,Minneapolis,hub,spoke,906.6,86,13760,12059,0.876,143.33,1728416.47,1025873.29,8.22,12474816.0,10932689.4,13.855246201627342,15.809618354290755,702543.1799999999,40.64663767060724,ATL-MSP
MSP,ATL,4,Minneapolis,Atlanta,spoke,hub,906.6,71,10650,9547,0.897,132.16,1261731.52,707564.76,7.33,9655290.0,8655310.200000001,13.06777445317541,14.577542466357817,554166.76,43.92113149396474,MSP-ATL
ATL,DTW,1,Atlanta,Detroit,hub,spoke,595.0,95,14250,11175,0.784,72.63,811640.25,522264.25,6.16,8478750.0,6649125.0,9.572640424590888,12.20672268907563,289376.0,35.65323429930933,ATL-DTW
DTW,ATL,1,Detroit,Atlanta,spoke,hub,595.0,98,15680,11553,0.737,100.47,1160729.91,872766.31,9.35,9329600.0,6874035.0,12.441368440233235,16.885714285714286,287963.59999999986,24.808837742451203,DTW-ATL
ATL,DTW,2,Atlanta,Detroit,hub,spoke,595.0,81,12150,8857,0.729,76.56,678091.92,499560.22,6.91,7229250.0,5269915.0,9.37983774250441,12.867226890756303,178531.70000000007,26.328539646955246,ATL-DTW
DTW,ATL,2,Detroit,Atlanta,spoke,hub,595.0,85,12750,10065,0.789,78.61,791209.65,569460.52,7.51,7586250.0,5988675.0,10.42952249134948,13.211764705882354,221749.13,28.02659573224366,DTW-ATL
ATL,DTW,3,Atlanta,Detroit,hub,spoke,595.0,72,13608,12392,0.911,67.92559286707873,841733.95,689617.54,8.52,8096760.0,7373240.0,10.395935534707709,11.416066071360758,152116.40999999992,18.07179216188202,ATL-DTW
DTW,ATL,3,Detroit,Atlanta,spoke,hub,595.0,75,12000,10179,0.848,92.75,944102.25,602649.48,8.44,7140000.0,6056505.0,13.222720588235296,15.588235294117647,341452.77,36.166926834460995,DTW-ATL
ATL,DTW,4,Atlanta,Detroit,hub,spoke,595.0,74,5624,4676,0.831,98.61,461100.36,341075.25,10.19,3346280.0,2782220.0,13.779491255961842,16.573109243697477,120025.10999999999,26.030148837879892,ATL-DTW
DTW,ATL,4,Detroit,Atlanta,spoke,hub,595.0,109,16350,14365,0.879,68.38,982278.7,816843.36,8.4,9728250.0,8547175.0,10.097177806902577,11.492436974789916,165435.33999999997,16.841996064864276,DTW-ATL
ATL,PDX,1,Atlanta,Portland,hub,spoke,2168.0,74,11840,7849,0.663,228.39,1792633.11,1522659.7,5.93,25669120.0,17016632.0,6.9836173191757265,10.53459409594096,269973.41000000015,15.060159744567036,ATL-PDX
PDX,ATL,1,Portland,Atlanta,spoke,hub,2168.0,75,11250,8135,0.723,200.6,1631881.0,1458036.98,5.98,24390000.0,17636680.0,6.690779007790078,9.252767527675276,173844.02000000002,10.6529838879183,PDX-ATL
ATL,PDX,2,Atlanta,Portland,hub,spoke,2168.0,89,6764,5955,0.88,192.94,1148957.7,1184008.08,8.07,14664352.0,12910440.0,7.835039011611286,8.899446494464943,-35050.38000000012,-3.0506240569169885,ATL-PDX
PDX,ATL,2,Portland,Atlanta,spoke,hub,2168.0,77,11550,10810,0.936,245.96,2658827.6,1299130.0,5.19,25040400.0,23436080.0,10.618151467228959,11.345018450184503,1359697.6,51.13899073411153,PDX-ATL
ATL,PDX,3,Atlanta,Portland,hub,spoke,2168.0,71,11360,10659,0.938,237.89,2535669.51,1532697.72,6.22,24628480.0,23108712.0,10.29568008257107,10.972785977859779,1002971.7899999998,39.55451552517189,ATL-PDX
PDX,ATL,3,Portland,Atlanta,spoke,hub,2168.0,99,15840,13619,0.86,255.71,3482514.49,1706050.67,4.97,34341120.0,29525992.0,10.14094616017183,11.794741697416974,1776463.8200000003,51.01095272111847,PDX-ATL
ATL,PDX,4,Atlanta,Portland,hub,spoke,2168.0,84,12600,9324,0.74,218.25,2034963.0,1494539.09,5.47,27316800.0,20214432.0,7.4494926199261995,10.066881918819188,540423.9099999999,26.556940347318346,ATL-PDX
PDX,ATL,4,Portland,Atlanta,spoke,hub,2168.0,93,14880,12024,0.808,229.61,2760830.64,2063111.28,6.4,32259840.0,26068032.0,8.558103945958814,10.590867158671587,697719.3600000001,25.272081158879057,PDX-ATL
ATL,SLC,1,Atlanta,Salt Lake City,hub,spoke,1586.7,85,13600,11846,0.871,191.91,2273365.86,1409363.41,6.53,21579120.0,18796048.2,10.535025802720407,12.094913972395538,864002.45,38.005429095341476,ATL-SLC
SLC,ATL,1,Salt Lake City,Atlanta,spoke,hub,1586.7,70,11200,6151,0.549,254.43,1564998.93,1043781.89,5.87,17771040.0,9759791.700000001,8.80645662831213,16.03516732841747,521217.0399999999,33.30462596546312,SLC-ATL
ATL,SLC,2,Atlanta,Salt Lake City,hub,spoke,1586.7,88,6688,5444,0.814,185.78,1011386.32,899261.13,8.47,10611849.6,8637994.8,9.530726104523758,11.708577550891787,112125.18999999994,11.086286988734429,ATL-SLC
SLC,ATL,2,Salt Lake City,Atlanta,spoke,hub,1586.7,86,13760,11365,0.826,191.26,2173669.9,1211221.53,5.55,21832992.0,18032845.5,9.955895646368578,12.05394844646121,962448.3699999999,44.277577289909566,SLC-ATL
ATL,SLC,3,Atlanta,Salt Lake City,hub,spoke,1586.7,103,16480,13699,0.831,222.73,3051178.27,1844806.78,7.06,26148816.0,21736203.3,11.66851405432659,14.037310140543266,1206371.49,39.53788940690116,ATL-SLC
SLC,ATL,3,Salt Lake City,Atlanta,spoke,hub,1586.7,70,13230,12019,0.908,221.13,2657761.47,1279062.36,6.09,20992041.0,19070547.3,12.660805445263756,13.936471922858765,1378699.11,51.8744486878275,SLC-ATL
ATL,SLC,4,Atlanta,Salt Lake City,hub,spoke,1586.7,82,12300,10488,0.853,219.67,2303898.96,1079194.05,5.53,19516410.0,16641309.6,11.804932157092415,13.844457049221656,1224704.91,53.1579262486407,ATL-SLC
SLC,ATL,4,Salt Lake City,Atlanta,spoke,hub,1586.7,84,15876,12010,0.756,150.95,1812909.5,1435830.83,5.7,25190449.2,19056267.0,7.196812909553038,9.513455599672275,377078.6699999999,20.799641129355873,SLC-ATL
ATL,STL,1,Atlanta,St. Louis,hub,spoke,483.9,75,5700,4492,0.788,76.55,343862.6,337654.26,12.24,2758230.0,2173678.8,12.466784858405571,15.819384170283115,6208.339999999967,1.8054711387629732,ATL-STL
STL,ATL,1,St. Louis,Atlanta,spoke,hub,483.9,99,14850,10934,0.736,70.13,766801.42,671276.64,9.34,7185915.0,5290962.6,10.670894659900654,14.492663773506925,95524.78000000003,12.457564306544976,STL-ATL
ATL,STL,2,Atlanta,St. Louis,hub,spoke,483.9,98,15680,12202,0.778,84.09,1026066.18,702915.5,9.26,7587552.0,5904547.8,13.523020072877262,17.377557346559207,323150.68000000005,31.494136177453974,ATL-STL
STL,ATL,2,St. Louis,Atlanta,spoke,hub,483.9,67,10720,8151,0.76,81.0,660231.0,468387.78,9.03,5187408.0,3944268.9,12.72757030100582,16.738995660260382,191843.21999999997,29.056984600844242,STL-ATL
ATL,STL,3,Atlanta,St. Louis,hub,spoke,483.9,78,12480,11813,0.947,95.21,1124715.73,604828.56,10.02,6039072.0,5716310.7,18.62398279073341,19.67555280016532,519887.1699999999,46.223872942543444,ATL-STL
STL,ATL,3,St. Louis,Atlanta,spoke,hub,483.9,89,13350,12949,0.97,84.1,1089010.9,587886.76,9.1,6460065.0,6266021.1,16.85758425031327,17.37962388923331,501124.1399999999,46.01644850386713,STL-ATL
ATL,STL,4,Atlanta,St. Louis,hub,spoke,483.9,88,14080,12455,0.885,88.41,1101146.55,647272.33,9.5,6813312.0,6026974.5,16.16169272741363,18.270303781773094,453874.2200000001,41.21833011237243,ATL-STL
STL,ATL,4,St. Louis,Atlanta,spoke,hub,483.9,78,5928,4092,0.69,77.04,315247.68,338320.07,11.79,2868559.1999999997,1980118.7999999998,10.989756808923449,15.920644761314323,-23072.390000000014,-7.318813575408395,STL-ATL
ATL,MCI,1,Atlanta,Kansas City,hub,spoke,691.5,102,7752,4691,0.605,114.41,536697.31,485352.36,9.05,5360508.0,3243826.5,10.012060610673467,16.54519161243673,51344.95000000007,9.566835727199763,ATL-MCI
MCI,ATL,1,Kansas City,Atlanta,spoke,hub,691.5,71,11360,7520,0.662,106.14,798172.8,558982.8,7.12,7855440.0,5200080.0,10.16076502398338,15.349240780911064,239190.0,29.96719507354798,MCI-ATL
ATL,MCI,2,Atlanta,Kansas City,hub,spoke,691.5,85,16065,11113,0.692,109.57,1217651.41,907429.3,8.17,11108947.5,7684639.5,10.960997070154486,15.845263919016631,310222.10999999987,25.477087075355982,ATL-MCI
MCI,ATL,2,Kansas City,Atlanta,spoke,hub,691.5,100,18900,16114,0.853,96.56,1555967.84,1138271.24,8.71,13069350.0,11142831.0,11.905472269087598,13.963846710050614,417696.6000000001,26.844809337447494,MCI-ATL
ATL,MCI,3,Atlanta,Kansas City,hub,spoke,691.5,67,5092,4246,0.834,120.84,513086.64,321769.58,9.14,3521118.0,2936109.0,14.571696830381715,17.475054229934926,191317.06,37.287476438677096,ATL-MCI
MCI,ATL,3,Kansas City,Atlanta,spoke,hub,691.5,67,12663,11081,0.875,122.1,1352990.1,825674.69,9.43,8756464.5,7662511.5,15.451328558461011,17.65726681127983,527315.4100000001,38.974077489554446,MCI-ATL
ATL,MCI,4,Atlanta,Kansas City,hub,spoke,691.5,88,6688,5843,0.874,117.09,684156.87,521363.84,11.27,4624752.0,4040434.5,14.793374217687779,16.93275488069414,162793.02999999997,23.79469345970318,ATL-MCI
MCI,ATL,4,Kansas City,Atlanta,spoke,hub,691.5,89,16821,14166,0.842,97.31,1378493.46,901023.4,7.75,11631721.5,9795789.0,11.851155996126627,14.072306579898772,477470.05999999994,34.63709287383924,MCI-ATL
ATL,OMA,1,Atlanta,Omaha,hub,spoke,820.3,88,13200,10232,0.775,131.38,1344280.16,831419.35,7.68,10827960.0,8393309.6,12.414897727734495,16.016091673777886,512860.80999999994,38.151333721982475,ATL-OMA
OMA,ATL,1,Omaha,Atlanta,spoke,hub,820.3,92,6992,5240,0.75,124.33,651489.2,597695.75,10.42,5735537.6,4298372.0,11.358816652165265,15.15665000609533,53793.44999999995,8.25699796711902,OMA-ATL
ATL,OMA,2,Atlanta,Omaha,hub,spoke,820.3,88,16632,12020,0.723,123.02,1478700.4,1185345.72,8.69,13643229.6,9860006.0,10.838345782878271,14.996952334511763,293354.67999999993,19.838682670269105,ATL-OMA
OMA,ATL,2,Omaha,Atlanta,spoke,hub,820.3,68,12852,11095,0.863,115.85,1285355.75,712679.59,6.76,10542495.6,9101228.5,12.19213930712952,14.122881872485676,572676.16,44.553903462134905,OMA-ATL
ATL,OMA,3,Atlanta,Omaha,hub,spoke,820.3,113,16950,15616,0.921,112.15,1751334.4,1013122.73,7.29,13904085.0,12809804.799999999,12.595826334490907,13.671827380226748,738211.6699999999,42.151382968324036,ATL-OMA
OMA,ATL,3,Omaha,Atlanta,spoke,hub,820.3,65,12285,9971,0.812,144.21,1437917.91,821335.73,8.15,10077385.5,8179211.3,14.26875959047116,17.580153602340605,616582.1799999999,42.88020725745046,OMA-ATL
ATL,OMA,4,Atlanta,Omaha,hub,spoke,820.3,103,19467,13759,0.707,144.16,1983497.44,1129013.01,7.07,15968780.1,11286507.7,12.421095585128635,17.574058271364134,854484.4299999999,43.07968403528668,ATL-OMA
OMA,ATL,4,Omaha,Atlanta,spoke,hub,820.3,79,6004,4964,0.827,85.99,426854.36,484316.68,9.83,4925081.2,4071969.1999999997,8.666950709360894,10.482750213336585,-57462.32000000001,-13.461809315945608,OMA-ATL
ATL,BOI,1,Atlanta,Boise,hub,spoke,1834.4,93,17577,14289,0.813,265.05,3787299.45,1751222.07,5.43,32243248.8,26211741.6,11.746023093057547,14.448866114260795,2036077.3800000001,53.760665267701505,ATL-BOI
BOI,ATL,1,Boise,Atlanta,spoke,hub,1834.4,70,5320,3698,0.695,242.18,895581.64,699093.5,7.16,9759008.0,6783611.2,9.176974135076025,13.202136938508504,196488.14,21.939723998808194,BOI-ATL
ATL,BOI,2,Atlanta,Boise,hub,spoke,1834.4,96,14400,9193,0.638,210.13,1931725.09,1433646.24,5.43,26415360.0,16863639.2,7.3128857225493045,11.454971652856521,498078.8500000001,25.784147681179626,ATL-BOI
BOI,ATL,2,Boise,Atlanta,spoke,hub,1834.4,84,12600,9622,0.764,268.48,2583314.56,1496274.53,6.47,23113440.0,17650596.8,11.176677119459502,14.635848233754906,1087040.03,42.07927469738722,BOI-ATL
ATL,BOI,3,Atlanta,Boise,hub,spoke,1834.4,74,11840,11484,0.97,222.26,2552433.84,1385944.34,6.38,21719296.0,21066249.6,11.75191792588489,12.116223288268642,1166489.4999999998,45.70106702550221,ATL-BOI
BOI,ATL,3,Boise,Atlanta,spoke,hub,1834.4,89,13350,12924,0.968,176.56,2281861.44,1110055.64,4.53,24489240.0,23707785.6,9.317812394341352,9.624945486262536,1171805.8,51.35306550427532,BOI-ATL
ATL,BOI,4,Atlanta,Boise,hub,spoke,1834.4,93,14880,11815,0.794,233.01,2753013.15,1629908.23,5.97,27295872.0,21673436.0,10.085822317748267,12.702245965983428,1123104.92,40.79547967288133,ATL-BOI
BOI,ATL,4,Boise,Atlanta,spoke,hub,1834.4,75,11250,8860,0.788,246.16,2180977.6,1489664.29,7.22,20637000.0,16252784.0,10.568288026360422,13.41910161360663,691313.31,31.69740532869297,BOI-ATL
ATL,TUL,1,Atlanta,Tulsa,hub,spoke,672.4,67,10050,6555,0.652,97.36,638194.8,526634.15,7.79,6757620.0,4407582.0,9.444076464790859,14.479476502082095,111560.65000000002,17.480657943311357,ATL-TUL
TUL,ATL,1,Tulsa,Atlanta,spoke,hub,672.4,103,15450,10171,0.658,106.75,1085754.25,712696.04,6.86,10388580.0,6838980.399999999,10.451421175945125,15.875966686496135,373058.20999999996,34.359359864352356,TUL-ATL
ATL,TUL,2,Atlanta,Tulsa,hub,spoke,672.4,75,12000,8587,0.716,125.39,1076723.93,579865.51,7.19,8068800.0,5773898.8,13.34428824608368,18.648126115407496,496858.4199999999,46.14538658948538,ATL-TUL
TUL,ATL,2,Tulsa,Atlanta,spoke,hub,672.4,91,13650,10050,0.736,81.15,815557.5,704842.48,7.68,9178260.0,6757620.0,8.885752855116328,12.068709101725164,110715.02000000002,13.575378805295765,TUL-ATL
ATL,TUL,3,Atlanta,Tulsa,hub,spoke,672.4,78,12480,11760,0.942,100.1,1177176.0,699274.36,8.33,8391552.0,7907424.0,14.028108268887568,14.886972040452113,477901.64,40.59729726056257,ATL-TUL
TUL,ATL,3,Tulsa,Atlanta,spoke,hub,672.4,88,14080,11667,0.829,87.27,1018179.09,798682.65,8.44,9467392.0,7844890.8,10.754588908962468,12.978881618084474,219496.43999999994,21.557743834633253,TUL-ATL
ATL,TUL,4,Atlanta,Tulsa,hub,spoke,672.4,81,12150,9403,0.774,112.12,1054264.36,688524.02,8.43,8169660.0,6322577.2,12.904629568427573,16.674598453301606,365740.3400000001,34.69152082500447,ATL-TUL
TUL,ATL,4,Tulsa,Atlanta,spoke,hub,672.4,96,18144,17599,0.97,122.34,2153061.66,988646.91,8.1,12200025.6,11833567.6,17.64800936155413,18.194527067221895,1164414.75,54.0818115724563,TUL-ATL
ATL,GEG,1,Atlanta,Spokane,hub,spoke,1965.1,82,6232,4719,0.757,249.31,1176493.89,922568.8,7.53,12246503.2,9273306.9,9.606774038159726,12.686886163554014,253925.08999999985,21.583205162246944,ATL-GEG
GEG,ATL,1,Spokane,Atlanta,spoke,hub,1965.1,71,10650,7891,0.741,260.73,2057420.43,1247359.91,5.96,20928315.0,15506604.1,9.830798274968625,13.268027072413618,810060.52,39.372629346350955,GEG-ATL
ATL,GEG,2,Atlanta,Spokane,hub,spoke,1965.1,82,6232,5335,0.856,309.37,1650488.95,916204.55,7.48,12246503.2,10483808.5,13.477226299177387,15.743219174596712,734284.3999999999,44.488901304065074,ATL-GEG
GEG,ATL,2,Spokane,Atlanta,spoke,hub,1965.1,96,7296,5699,0.781,220.66,1257541.34,1117150.81,7.79,14337369.6,11199104.9,8.771074298035813,11.228945091852832,140390.53000000003,11.163889848742468,GEG-ATL
ATL,GEG,3,Atlanta,Spokane,hub,spoke,1965.1,93,14880,14433,0.97,254.29,3670167.57,1777875.9,6.08,29240688.0,28362288.299999997,12.551577343187,12.940308381252862,1892291.67,51.55872678587261,ATL-GEG
GEG,ATL,3,Spokane,Atlanta,spoke,hub,1965.1,70,10500,10185,0.97,260.65,2654720.25,1119845.45,5.43,20633550.0,20014543.5,12.866037351788712,13.26395603277187,1534874.8,57.81681892847279,GEG-ATL
ATL,GEG,4,Atlanta,Spokane,hub,spoke,1965.1,85,16065,12619,0.786,142.47,1797828.93,2077454.96,6.58,31569331.5,24797596.9,5.694859043815989,7.25001272199888,-279626.03,-15.553539345926538,ATL-GEG
GEG,ATL,4,Spokane,Atlanta,spoke,hub,1965.1,96,14400,13968,0.97,231.34,3231357.12,1584236.84,5.6,28297440.0,27448516.799999997,11.41925601750547,11.77242888402626,1647120.28,50.973019039133625,GEG-ATL
ATL,FAR,1,Atlanta,Fargo,hub,spoke,1123.3,68,12852,9095,0.708,132.18,1202177.1,834553.1,5.78,14436651.6,10216413.5,8.327257132117811,11.76711475117956,367624.0000000001,30.579853833515884,ATL-FAR
FAR,ATL,1,Fargo,Atlanta,spoke,hub,1123.3,85,12750,9645,0.757,143.24,1381549.8,932679.91,6.51,14322075.0,10834228.5,9.646296364179072,12.751713700703284,448869.89,32.49031558616273,FAR-ATL
ATL,FAR,2,Atlanta,Fargo,hub,spoke,1123.3,92,14720,9896,0.672,149.6,1480441.6,1080111.56,6.53,16534976.0,11116176.799999999,8.953394307920375,13.317902608386007,400330.04000000004,27.04125850016644,ATL-FAR
FAR,ATL,2,Fargo,Atlanta,spoke,hub,1123.3,85,13600,11214,0.825,155.78,1746916.92,979143.61,6.41,15276880.0,12596686.2,11.435037258916742,13.868067301700348,767773.3099999999,43.95019025861859,FAR-ATL
ATL,FAR,3,Atlanta,Fargo,hub,spoke,1123.3,70,10500,9389,0.894,164.95,1548715.55,695235.35,5.89,11794650.0,10546663.7,13.130661359175559,14.684412000356096,853480.2000000001,55.108906215863854,ATL-FAR
FAR,ATL,3,Fargo,Atlanta,spoke,hub,1123.3,91,17199,16683,0.97,132.89,2217003.87,1416576.77,7.33,19319636.7,18740013.9,11.47539109780465,11.8303213745215,800427.1000000001,36.10400102729636,FAR-ATL
ATL,FAR,4,Atlanta,Fargo,hub,spoke,1123.3,71,10650,8427,0.791,167.23,1409247.21,816708.74,6.83,11963145.0,9466049.1,11.779905785644159,14.887385382355559,592538.47,42.04645329757296,ATL-FAR
FAR,ATL,4,Fargo,Atlanta,spoke,hub,1123.3,105,19845,12169,0.613,138.93,1690639.17,1615181.05,7.25,22291888.5,13669437.7,7.5841002434585105,12.368022789993768,75458.11999999988,4.463289467024468,FAR-ATL
ATL,BIL,1,Atlanta,Billings,hub,spoke,1523.0,86,6536,5905,0.904,179.25,1058471.25,791832.56,7.95,9954328.0,8993315.0,10.633276801809224,11.769533814839134,266638.68999999994,25.19092417484178,ATL-BIL
BIL,ATL,1,Billings,Atlanta,spoke,hub,1523.0,77,11550,8252,0.715,152.73,1260327.96,1119004.03,6.36,17590650.0,12567796.0,7.164760597249106,10.02823374917925,141323.92999999993,11.213266267614975,BIL-ATL
ATL,BIL,2,Atlanta,Billings,hub,spoke,1523.0,84,13440,10190,0.758,179.4,1828086.0,1407200.23,6.87,20469120.0,15519370.0,8.930945736797675,11.779382797110966,420885.77,23.023302514214322,ATL-BIL
BIL,ATL,2,Billings,Atlanta,spoke,hub,1523.0,74,13986,10426,0.745,223.83,2333651.58,1525420.17,7.16,21300678.0,15878798.0,10.955761971520344,14.69665134602758,808231.4100000001,34.63376525128057,BIL-ATL
ATL,BIL,3,Atlanta,Billings,hub,spoke,1523.0,75,11250,10842,0.964,196.17,2126875.14,1166327.59,6.81,17133750.0,16512366.0,12.413366250820749,12.880499015101773,960547.55,45.162385507971095,ATL-BIL
BIL,ATL,3,Billings,Atlanta,spoke,hub,1523.0,88,16632,14043,0.844,159.79,2243930.97,1598764.94,6.31,25330536.0,21387489.0,8.85860042598388,10.491792514773476,645166.0300000003,28.751598806981132,BIL-ATL
ATL,BIL,4,Atlanta,Billings,hub,spoke,1523.0,81,12960,10150,0.783,185.15,1879272.5,1105536.34,5.6,19738080.0,15458450.0,9.521050173066477,12.156927117531188,773736.1599999999,41.172111016364035,ATL-BIL
BIL,ATL,4,Billings,Atlanta,spoke,hub,1523.0,71,11360,8464,0.745,166.46,1408917.44,1023333.85,5.91,17301280.0,12890672.0,8.143428925489905,10.929743926460931,385583.58999999997,27.367365826630692,BIL-ATL
SEA,LAX,1,Seattle-Tacoma,Los Angeles,hub,spoke,955.2,86,13760,11220,0.815,120.5,1352010.0,991631.56,7.54,13143552.0,10717344.0,10.286488766506952,12.615159128978224,360378.43999999994,26.655012906709263,SEA-LAX
LAX,SEA,1,Los Angeles,Seattle-Tacoma,spoke,hub,955.2,88,16632,13967,0.84,143.43,2003286.81,1300609.72,8.19,15886886.4,13341278.4,12.609688012875827,15.015703517587939,702677.0900000001,35.07621008097188,LAX-SEA
SEA,LAX,2,Seattle-Tacoma,Los Angeles,hub,spoke,955.2,91,13650,10372,0.76,119.84,1242980.48,943919.02,7.24,13038480.0,9907334.4,9.533170124124899,12.546063651591288,299061.45999999996,24.060028682027248,SEA-LAX
LAX,SEA,2,Los Angeles,Seattle-Tacoma,spoke,hub,955.2,85,13600,10379,0.763,144.06,1495198.74,1048041.19,8.07,12990720.0,9914020.8,11.509744956399645,15.081658291457284,447157.55000000005,29.906228385398453,LAX-SEA
SEA,LAX,3,Seattle-Tacoma,Los Angeles,hub,spoke,955.2,78,5928,4690,0.791,180.11,844715.9,467298.97,8.25,5662425.600000001,4479888.0,14.917916095886538,18.85573701842546,377416.93000000005,44.67974735647808,SEA-LAX
LAX,SEA,3,Los Angeles,Seattle-Tacoma,spoke,hub,955.2,79,11850,11163,0.942,161.11,1798470.93,894127.46,7.9,11319120.0,10662897.6,15.888787555923075,16.866624790619767,904343.47,50.284019325238695,LAX-SEA
SEA,LAX,4,Seattle-Tacoma,Los Angeles,hub,spoke,955.2,98,18522,12503,0.675,113.99,1425216.97,1346485.5,7.61,17692214.400000002,11942865.600000001,8.055616655877738,11.93362646566164,78731.46999999997,5.524174329751348,SEA-LAX
LAX,SEA,4,Los Angeles,Seattle-Tacoma,spoke,hub,955.2,78,14742,10799,0.733,124.87,1348471.13,1125964.74,8.0,14081558.4,10315204.8,9.576149824439884,13.072654941373532,222506.3899999999,16.50064173046107,LAX-SEA
SEA,JFK,1,Seattle-Tacoma,New York JFK,hub,spoke,2415.1,84,12600,10389,0.825,197.58,2052658.62,1773396.31,5.83,30430260.0,25090473.9,6.745452125614439,8.181027700716328,279262.31000000006,13.604907668475338,SEA-JFK
JFK,SEA,1,New York JFK,Seattle-Tacoma,spoke,hub,2415.1,95,15200,9632,0.634,310.98,2995359.36,2032035.3,5.54,36709520.0,23262243.2,8.159625514035596,12.876485445737238,963324.0599999998,32.16055051237658,JFK-SEA
SEA,JFK,2,Seattle-Tacoma,New York JFK,hub,spoke,2415.1,88,14080,13106,0.931,389.2,5100855.2,1793886.29,5.28,34004608.0,31652300.599999998,15.000482287577025,16.115274729824854,3306968.91,64.83165626814892,SEA-JFK
JFK,SEA,2,New York JFK,Seattle-Tacoma,spoke,hub,2415.1,81,6156,5275,0.857,393.81,2077347.75,985197.73,6.63,14867355.6,12739652.5,13.972543644546983,16.30615709494431,1092150.02,52.57425098903157,JFK-SEA
SEA,JFK,3,Seattle-Tacoma,New York JFK,hub,spoke,2415.1,82,12300,10802,0.878,333.39,3601278.78,1620034.53,5.45,29705730.0,26087910.2,12.123178861451981,13.804397333443749,1981244.2499999998,55.015020247890945,SEA-JFK
JFK,SEA,3,New York JFK,Seattle-Tacoma,spoke,hub,2415.1,64,12096,11733,0.97,303.81,3564602.73,1603894.58,5.49,29213049.599999998,28336368.3,12.202090431530983,12.579603329054697,1960708.15,55.00495562937529,JFK-SEA
SEA,JFK,4,Seattle-Tacoma,New York JFK,hub,spoke,2415.1,102,16320,12140,0.744,300.99,3654018.6,2117511.56,5.37,39414432.0,29319314.0,9.270763054507547,12.46283797772349,1536507.04,42.04978704815569,SEA-JFK
JFK,SEA,4,New York JFK,Seattle-Tacoma,spoke,hub,2415.1,82,12300,11839,0.963,227.1,2688636.9,1600942.53,5.39,29705730.0,28592368.9,9.050903310573414,9.40333733592812,1087694.3699999999,40.45523476970802,JFK-SEA
SEA,MIA,1,Seattle-Tacoma,Miami,hub,spoke,2721.5,89,16821,14823,0.881,319.15,4730760.45,2379670.88,5.2,45778351.5,40340794.5,10.334055934714033,11.726988792945066,2351089.5700000003,49.69792055313222,SEA-MIA
MIA,SEA,1,Miami,Seattle-Tacoma,spoke,hub,2721.5,75,12000,11640,0.97,322.66,3755762.4,1505053.4,4.61,32658000.0,31678260.0,11.500282932206503,11.8559617857799,2250709.0,59.92682071688028,MIA-SEA
SEA,MIA,2,Seattle-Tacoma,Miami,hub,spoke,2721.5,92,17388,12140,0.698,293.21,3559569.4,2415400.1,5.1,47321442.0,33039010.0,7.522106786179508,10.773837957009002,1144169.2999999998,32.143474994475454,SEA-MIA
MIA,SEA,2,Miami,Seattle-Tacoma,spoke,hub,2721.5,98,18522,14557,0.786,286.64,4172618.48,2461771.06,4.88,50407623.0,39616875.5,8.277752910507207,10.532426970420723,1710847.42,41.00176970888553,MIA-SEA
SEA,MIA,3,Seattle-Tacoma,Miami,hub,spoke,2721.5,58,10962,9225,0.842,252.04,2325069.0,1344687.01,4.51,29833083.0,25105837.5,7.793592770817552,9.26106926327393,980381.99,42.16571594219354,SEA-MIA
MIA,SEA,3,Miami,Seattle-Tacoma,spoke,hub,2721.5,102,16320,13680,0.838,308.89,4225615.2,2362243.29,5.32,44414880.0,37230120.0,9.513962888113173,11.3499908138894,1863371.9100000001,44.09705621089209,MIA-SEA
SEA,MIA,4,Seattle-Tacoma,Miami,hub,spoke,2721.5,99,15840,10165,0.642,385.41,3917692.65,1978106.93,4.59,43108560.0,27664047.5,9.087969187558109,14.16167554657358,1939585.72,49.50836865673983,SEA-MIA
MIA,SEA,4,Miami,Seattle-Tacoma,spoke,hub,2721.5,84,13440,8354,0.622,268.51,2243132.54,2284664.99,6.25,36576960.0,22735411.0,6.132637977568392,9.866250229652765,-41532.450000000186,-1.8515379389931272,MIA-SEA
SEA,PHX,1,Seattle-Tacoma,Phoenix,hub,spoke,1107.6,75,14175,12042,0.85,163.19,1965133.98,1101016.7,7.01,15700229.999999998,13337719.2,12.516593578565411,14.733658360418925,864117.28,43.9724359150311,SEA-PHX
PHX,SEA,1,Phoenix,Seattle-Tacoma,spoke,hub,1107.6,92,17388,15681,0.902,155.0,2430555.0,1367785.91,7.1,19258948.799999997,17368275.599999998,12.62039286380989,13.994221740700615,1062769.09,43.72536684008385,PHX-SEA
SEA,PHX,2,Seattle-Tacoma,Phoenix,hub,spoke,1107.6,85,13600,10383,0.764,194.67,2021258.61,1111232.8,7.38,15063359.999999998,11500210.799999999,13.418378170607356,17.575839653304445,910025.81,45.02273016909994,SEA-PHX
PHX,SEA,2,Phoenix,Seattle-Tacoma,spoke,hub,1107.6,79,12640,8086,0.64,158.71,1283329.06,938917.67,6.71,14000063.999999998,8956053.6,9.16659423842634,14.3291802094619,344411.39,26.83734053368978,PHX-SEA
SEA,PHX,3,Seattle-Tacoma,Phoenix,hub,spoke,1107.6,74,11100,9259,0.834,145.11,1343573.49,902651.28,7.34,12294359.999999998,10255268.399999999,10.928372766048824,13.101300108342365,440922.20999999996,32.81712636351585,SEA-PHX
PHX,SEA,3,Phoenix,Seattle-Tacoma,spoke,hub,1107.6,102,16320,14247,0.873,150.42,2143033.74,1266798.86,7.01,18076032.0,15779977.2,11.855664672423684,13.5807150595883,876234.8800000001,40.88759143848104,PHX-SEA
SEA,PHX,4,Seattle-Tacoma,Phoenix,hub,spoke,1107.6,74,11840,9654,0.815,149.14,1439797.56,930550.6,7.1,13113983.999999998,10692770.399999999,10.979101087815879,13.465149873600579,509246.9600000001,35.36934456257865,SEA-PHX
PHX,SEA,4,Phoenix,Seattle-Tacoma,spoke,hub,1107.6,75,14175,13224,0.933,137.57,1819225.68,1043879.91,6.65,15700229.999999998,14646902.399999999,11.587254963780786,12.420548934633443,775345.7699999999,42.619548444368924,PHX-SEA
SEA,IAH,1,Seattle-Tacoma,Houston,hub,spoke,1872.8,85,6460,4646,0.719,166.83,775092.18,1142218.97,9.44,12098288.0,8701028.799999999,6.406626954160788,8.908052114480993,-367126.7899999999,-47.36556495770605,SEA-IAH
IAH,SEA,1,Houston,Seattle-Tacoma,spoke,hub,1872.8,91,6916,4598,0.665,196.31,902633.38,883955.25,6.82,12952284.799999999,8611134.4,6.9689123883378485,10.482165741136267,18678.130000000005,2.069293072232716,IAH-SEA
SEA,IAH,2,Seattle-Tacoma,Houston,hub,spoke,1872.8,91,13650,9833,0.72,261.23,2568674.59,1602643.92,6.27,25563720.0,18415242.4,10.048125194611739,13.948633062793677,966030.6699999999,37.60813743246473,SEA-IAH
IAH,SEA,2,Houston,Seattle-Tacoma,spoke,hub,1872.8,75,12000,9245,0.77,228.34,2111003.3,1561854.42,6.95,22473600.0,17314036.0,9.39325831197494,12.19243912857753,549148.8799999999,26.013643844137995,IAH-SEA
SEA,IAH,3,Seattle-Tacoma,Houston,hub,spoke,1872.8,72,10800,9894,0.916,192.3,1902616.2,1265384.91,6.26,20226240.0,18529483.2,9.40667271821159,10.268047842802222,637231.29,33.49237171427427,SEA-IAH
IAH,SEA,3,Houston,Seattle-Tacoma,spoke,hub,1872.8,77,11550,10784,0.934,264.5,2852368.0,1398604.82,6.47,21630840.0,20196275.2,13.186579901658927,14.123237932507477,1453763.18,50.966887161824836,IAH-SEA
SEA,IAH,4,Seattle-Tacoma,Houston,hub,spoke,1872.8,84,6384,4751,0.744,249.21,1183996.71,982285.03,8.22,11955955.2,8897672.799999999,9.902987174123904,13.306813327637762,201711.67999999993,17.036506799077163,SEA-IAH
IAH,SEA,4,Houston,Seattle-Tacoma,spoke,hub,1872.8,92,6992,5641,0.807,209.6,1182353.6,900354.63,6.88,13094617.6,10564464.799999999,9.029309874615965,11.19179837676207,281998.9700000001,23.85064586431674,IAH-SEA
SEA,BOS,1,Seattle-Tacoma,Boston,hub,spoke,2488.9,68,10200,7353,0.721,333.52,2452372.56,1467656.99,5.78,25386780.0,18300881.7,9.66003786222593,13.40029732010125,984715.5700000001,40.15358783821982,SEA-BOS
BOS,SEA,1,Boston,Seattle-Tacoma,spoke,hub,2488.9,89,14240,9170,0.644,276.52,2535688.4,2333605.06,6.58,35441936.0,22823213.0,7.1544861431948865,11.110128972638515,202083.33999999985,7.969565187899265,BOS-SEA
SEA,BOS,2,Seattle-Tacoma,Boston,hub,spoke,2488.9,100,7600,6811,0.896,340.2,2317102.2,1341091.78,7.09,18915640.0,16951897.900000002,12.249663241634966,13.668688979067056,976010.4200000002,42.12202724592813,SEA-BOS
BOS,SEA,2,Boston,Seattle-Tacoma,spoke,hub,2488.9,99,14850,12853,0.866,293.83,3776596.99,1957242.99,5.3,36960165.0,31989831.700000003,10.218019832974232,11.805616939210092,1819354.0000000002,48.17442805831395,BOS-SEA
SEA,BOS,3,Seattle-Tacoma,Boston,hub,spoke,2488.9,75,5700,4466,0.784,296.17,1322695.22,831247.79,5.86,14186730.0,11115427.4,9.323467916849056,11.899634376632246,491447.42999999993,37.155001588347766,SEA-BOS
BOS,SEA,3,Boston,Seattle-Tacoma,spoke,hub,2488.9,92,14720,14278,0.97,255.99,3655025.22,2168817.48,5.92,36636608.0,35536514.2,9.976429095182612,10.285266583631323,1486207.7400000002,40.66203789422827,BOS-SEA
SEA,BOS,4,Seattle-Tacoma,Boston,hub,spoke,2488.9,89,16821,16316,0.97,318.34,5194035.44,2454715.86,5.86,41865786.9,40608892.4,12.406396307338966,12.79038932861907,2739319.5800000005,52.739716770203636,SEA-BOS
BOS,SEA,4,Boston,Seattle-Tacoma,spoke,hub,2488.9,64,9600,8299,0.865,315.78,2620658.22,1378027.04,5.77,23893440.0,20655381.1,10.968107647956929,12.68753264494355,1242631.1800000002,47.416758527176434,BOS-SEA
SEA,SFO,1,Seattle-Tacoma,San Francisco,hub,spoke,679.2,95,15200,12436,0.818,102.38,1273197.68,797738.13,7.73,10323840.0,8446531.200000001,12.332597948050337,15.073616018845698,475459.54999999993,37.34373361409203,SEA-SFO
SFO,SEA,1,San Francisco,Seattle-Tacoma,spoke,hub,679.2,85,16065,11325,0.705,104.15,1179498.75,915972.84,8.39,10911348.0,7691940.000000001,10.809835320072276,15.334216725559479,263525.91000000003,22.342194936620324,SFO-SEA
SEA,SFO,2,Seattle-Tacoma,San Francisco,hub,spoke,679.2,65,9750,8644,0.887,111.65,965102.6,619669.08,9.36,6622200.0,5871004.800000001,14.573745885053304,16.438457008244992,345433.52,35.79241419513324,SEA-SFO
SFO,SEA,2,San Francisco,Seattle-Tacoma,spoke,hub,679.2,65,4940,3355,0.679,99.07,332379.85,359496.94,10.71,3355248.0,2278716.0,9.906267733413445,14.586277974087162,-27117.090000000026,-8.158463877999832,SFO-SEA
SEA,SFO,3,Seattle-Tacoma,San Francisco,hub,spoke,679.2,106,15900,12874,0.81,99.71,1283666.54,858550.64,7.95,10799280.0,8744020.8,11.886593735878687,14.680506478209656,425115.9,33.11731565426641,SEA-SFO
SFO,SEA,3,San Francisco,Seattle-Tacoma,spoke,hub,679.2,81,12960,11280,0.87,101.31,1142776.8,778985.66,8.85,8802432.0,7661376.000000001,12.982512105745322,14.9160777385159,363791.14,31.83396267757623,SFO-SEA
SEA,SFO,4,Seattle-Tacoma,San Francisco,hub,spoke,679.2,71,11360,8462,0.745,107.12,906449.44,576465.0,7.47,7715712.000000001,5747390.4,11.748098425654039,15.771495877502941,329984.43999999994,36.404064632661694,SEA-SFO
SFO,SEA,4,San Francisco,Seattle-Tacoma,spoke,hub,679.2,98,14700,9563,0.651,93.72,896244.36,917765.39,9.19,9984240.0,6495189.600000001,8.97659070695416,13.798586572438163,-21521.030000000028,-2.401245794171584,SFO-SEA
SEA,LAS,1,Seattle-Tacoma,Las Vegas,hub,spoke,867.0,84,13440,9223,0.686,133.51,1231362.73,969407.75,8.32,11652480.0,7996341.0,10.567387629071236,15.399077277970012,261954.97999999998,21.27358361739599,SEA-LAS
LAS,SEA,1,Las Vegas,Seattle-Tacoma,spoke,hub,867.0,77,11550,8327,0.721,120.1,1000072.7,755870.43,7.55,10013850.0,7219509.0,9.986895150216949,13.852364475201846,244202.2699999999,24.418451778555692,LAS-SEA
SEA,LAS,2,Seattle-Tacoma,Las Vegas,hub,spoke,867.0,61,9150,6308,0.69,78.0,492024.0,626657.5,7.9,7933050.0,5469036.0,6.202204700588046,8.996539792387544,-134633.5,-27.363197730192024,SEA-LAS
LAS,SEA,2,Las Vegas,Seattle-Tacoma,spoke,hub,867.0,81,12150,8221,0.677,126.3,1038312.3,838907.3,7.96,10534050.0,7127607.0,9.856724621584291,14.567474048442907,199405.0,19.204722895028787,LAS-SEA
SEA,LAS,3,Seattle-Tacoma,Las Vegas,hub,spoke,867.0,74,11100,7226,0.651,128.99,932081.74,763018.23,7.93,9623700.0,6264942.0,9.685274270810602,14.877739331026529,169063.51,18.138270791572424,SEA-LAS
LAS,SEA,3,Las Vegas,Seattle-Tacoma,spoke,hub,867.0,65,12285,11713,0.953,92.46,1082983.98,641815.22,6.03,10651095.0,10155171.0,10.167818238406474,10.664359861591695,441168.76,40.736406830320796,LAS-SEA
SEA,LAS,4,Seattle-Tacoma,Las Vegas,hub,spoke,867.0,100,7600,5869,0.772,133.54,783746.26,654675.89,9.94,6589200.0,5088423.0,11.894406908274146,15.402537485582467,129070.37,16.46838735791862,SEA-LAS
LAS,SEA,4,Las Vegas,Seattle-Tacoma,spoke,hub,867.0,88,16632,10247,0.616,122.7,1257306.9,1039469.17,7.21,14419944.0,8884149.0,8.719221794481308,14.152249134948097,217837.72999999986,17.325740437756277,LAS-SEA
SEA,MSP,1,Seattle-Tacoma,Minneapolis,hub,spoke,1395.0,84,13440,9764,0.727,199.63,1949187.32,1080886.65,5.76,18748800.0,13620780.0,10.396331071855265,14.310394265232976,868300.6700000002,44.54680476784551,SEA-MSP
MSP,SEA,1,Minneapolis,Seattle-Tacoma,spoke,hub,1395.0,72,10800,7224,0.669,193.61,1398638.64,812351.48,5.39,15066000.0,10077480.0,9.283410593389087,13.87885304659498,586287.1599999999,41.91841575319269,MSP-SEA
SEA,MSP,2,Seattle-Tacoma,Minneapolis,hub,spoke,1395.0,71,10650,7515,0.706,162.44,1220736.6,845923.13,5.69,14856750.0,10483425.0,8.216713615023474,11.644444444444444,374813.4700000001,30.703877478564994,SEA-MSP
MSP,SEA,2,Minneapolis,Seattle-Tacoma,spoke,hub,1395.0,72,11520,9849,0.855,166.22,1637100.78,1161754.36,7.23,16070400.0,13739355.0,10.187056824970131,11.915412186379928,475346.4199999999,29.03586790789996,MSP-SEA
SEA,MSP,3,Seattle-Tacoma,Minneapolis,hub,spoke,1395.0,72,10800,9876,0.914,164.42,1623811.92,1004286.41,6.67,15066000.0,13777020.0,10.777989645559538,11.786379928315412,619525.5099999999,38.15254108985725,SEA-MSP
MSP,SEA,3,Minneapolis,Seattle-Tacoma,spoke,hub,1395.0,81,6156,5844,0.949,145.38,849600.72,724798.97,8.44,8587620.0,8152380.0,9.893319918673624,10.421505376344085,124801.75,14.68945906731341,MSP-SEA
SEA,MSP,4,Seattle-Tacoma,Minneapolis,hub,spoke,1395.0,91,13650,9515,0.697,172.1,1637531.5,1026363.02,5.39,19041750.0,13273425.0,8.599690154528865,12.336917562724015,611168.48,37.32254799373325,SEA-MSP
MSP,SEA,4,Minneapolis,Seattle-Tacoma,spoke,hub,1395.0,92,13800,11136,0.807,184.72,2057041.92,1273129.07,6.61,19251000.0,15534720.0,10.685376967430264,13.2415770609319,783912.8499999999,38.10874452184231,MSP-SEA
SEA,DTW,1,Seattle-Tacoma,Detroit,hub,spoke,1922.2,70,13230,9889,0.747,146.01,1443892.89,1604286.03,6.31,25430706.0,19008635.8,5.677753853943339,7.5959837685984795,-160393.14000000013,-11.108382145991461,SEA-DTW
DTW,SEA,1,Detroit,Seattle-Tacoma,spoke,hub,1922.2,89,16821,9223,0.548,255.37,2355277.51,2006853.28,6.21,32333326.2,17728450.6,7.284365040055792,13.285298095931742,348424.22999999975,14.79334084924879,DTW-SEA
SEA,DTW,2,Seattle-Tacoma,Detroit,hub,spoke,1922.2,96,15360,11815,0.769,189.13,2234570.95,1667065.71,5.65,29524992.0,22710793.0,7.568404929627078,9.839246696493602,567505.2400000002,25.39660868678169,SEA-DTW
DTW,SEA,2,Detroit,Seattle-Tacoma,spoke,hub,1922.2,81,12150,10403,0.856,249.21,2592531.63,1224862.3,5.24,23354730.0,19996646.6,11.100670527982983,12.964831963375298,1367669.3299999998,52.75420034123171,DTW-SEA
SEA,DTW,3,Seattle-Tacoma,Detroit,hub,spoke,1922.2,81,12150,11785,0.97,203.95,2403550.75,1619736.93,6.94,23354730.0,22653127.0,10.291494485271292,10.610238268650503,783813.8200000001,32.61066237107746,SEA-DTW
DTW,SEA,3,Detroit,Seattle-Tacoma,spoke,hub,1922.2,102,16320,15771,0.966,243.58,3841500.18,1625097.82,5.18,31370304.0,30315016.2,12.245658123045287,12.671938403912183,2216402.3600000003,57.696271147903474,DTW-SEA
SEA,DTW,4,Seattle-Tacoma,Detroit,hub,spoke,1922.2,75,11250,8236,0.732,224.48,1848817.28,1248924.61,5.78,21624750.0,15831239.200000001,8.549542908010498,11.67828529809593,599892.6699999999,32.44737468053089,SEA-DTW
DTW,SEA,4,Detroit,Seattle-Tacoma,spoke,hub,1922.2,64,10240,9084,0.887,237.59,2158267.56,1438512.76,7.31,19683328.0,17461264.8,10.964952471451983,12.36031630423473,719754.8,33.34872901485857,DTW-SEA
SEA,PDX,1,Seattle-Tacoma,Portland,hub,spoke,129.3,89,14240,9890,0.695,60.93878332866697,602684.57,223713.91,12.15,1841232.0000000002,1278777.0,32.732679531965545,47.12976304703634,378970.6599999999,62.88043179867704,SEA-PDX
PDX,SEA,1,Portland,Seattle-Tacoma,spoke,hub,129.3,82,13120,8981,0.685,60.93878332866697,547291.21,223712.45,13.19,1696416.0000000002,1161243.3,32.26161566502556,47.12976255707998,323578.75999999995,59.1236902927785,PDX-SEA
SEA,PDX,2,Seattle-Tacoma,Portland,hub,spoke,129.3,91,13650,11617,0.851,60.93878332866697,707925.85,240020.59,13.6,1764945.0000000002,1502078.1,40.110363212451375,47.12976309287779,467905.26,66.09523582166126,SEA-PDX
PDX,SEA,2,Portland,Seattle-Tacoma,spoke,hub,129.3,84,6384,4788,0.75,60.93878332866697,291774.89,142475.05,17.27,825451.2000000001,619088.4,35.347321561831876,47.129762082442504,149299.84000000003,51.16953004420635,PDX-SEA
SEA,PDX,3,Seattle-Tacoma,Portland,hub,spoke,129.3,70,5320,5160,0.97,60.93878332866697,314444.12,107115.64,15.58,687876.0000000001,667188.0000000001,45.71232605876639,47.12976252570489,207328.47999999998,65.93492032861037,SEA-PDX
PDX,SEA,3,Portland,Seattle-Tacoma,spoke,hub,129.3,81,6156,4899,0.796,60.93878332866697,298539.1,141218.07,17.75,795970.8,633440.7000000001,37.506287919104565,47.12976289651106,157321.02999999997,52.696959962698344,PDX-SEA
SEA,PDX,4,Seattle-Tacoma,Portland,hub,spoke,129.3,78,11700,9531,0.815,60.93878332866697,580807.54,166521.55,11.01,1512810.0000000002,1232358.3,38.39262960979898,47.12976250494682,414285.99000000005,71.32930643427942,SEA-PDX
PDX,SEA,4,Portland,Seattle-Tacoma,spoke,hub,129.3,65,12285,8905,0.725,60.93878332866697,542659.87,170849.09,10.76,1588450.5000000002,1151416.5,34.162844230903005,47.12976320905597,371810.78,68.51635813792534,PDX-SEA
SEA,SLC,1,Seattle-Tacoma,Salt Lake City,hub,spoke,687.6,110,16500,11551,0.7,108.74,1256055.74,1034887.67,9.12,11345400.0,7942467.600000001,11.07105734482698,15.814426992437463,221168.06999999995,17.608141339332594,SEA-SLC
SLC,SEA,1,Salt Lake City,Seattle-Tacoma,spoke,hub,687.6,102,15300,12005,0.785,108.62,1303983.1,970561.52,9.23,10520280.0,8254638.0,12.394946712444916,15.796974985456663,333421.5800000001,25.569470954033076,SLC-SEA
SEA,SLC,2,Seattle-Tacoma,Salt Lake City,hub,spoke,687.6,81,6156,4970,0.807,84.47,419815.9,428011.24,10.11,4232865.600000001,3417372.0,9.918006846236741,12.2847585805701,-8195.339999999967,-1.952127110955056,SEA-SLC
SLC,SEA,2,Salt Lake City,Seattle-Tacoma,spoke,hub,687.6,82,12300,11528,0.937,104.82,1208364.96,731459.31,8.65,8457480.0,7926652.8,14.287529618751686,15.244328097731238,476905.6499999999,39.46702079146684,SLC-SEA
SEA,SLC,3,Seattle-Tacoma,Salt Lake City,hub,spoke,687.6,106,16960,16175,0.954,106.25,1718593.75,1008657.28,8.65,11661696.0,11121930.0,14.737082410654507,15.452297847585806,709936.47,41.30914999545413,SEA-SLC
SLC,SEA,3,Salt Lake City,Seattle-Tacoma,spoke,hub,687.6,74,11840,10522,0.889,111.99,1178358.78,616857.52,7.58,8141184.0,7234927.2,14.4740467725579,16.287085514834207,561501.26,47.65112880136557,SLC-SEA
SEA,SLC,4,Seattle-Tacoma,Salt Lake City,hub,spoke,687.6,78,12480,11114,0.891,120.65,1340904.1,749444.96,8.73,8581248.0,7641986.4,15.625980043928344,17.54653868528214,591459.1400000001,44.10898139546296,SEA-SLC
SLC,SEA,4,Salt Lake City,Seattle-Tacoma,spoke,hub,687.6,82,12300,10617,0.863,111.84,1187405.28,634111.64,7.5,8457480.0,7300249.2,14.03970544417486,16.265270506108205,553293.64,46.59686539376008,SLC-SEA
SEA,STL,1,Seattle-Tacoma,St. Louis,hub,spoke,1705.3,74,11100,7254,0.654,246.66,1789271.64,1094691.2,5.78,18928830.0,12370246.2,9.45262670751441,14.464317128950919,694580.44,38.81917225268266,SEA-STL
STL,SEA,1,St. Louis,Seattle-Tacoma,spoke,hub,1705.3,102,15300,13767,0.9,208.94,2876476.98,2018187.51,7.74,26091090.0,23476865.099999998,11.024748218644756,12.252389608866476,858289.47,29.8382179300458,STL-SEA
SEA,STL,2,Seattle-Tacoma,St. Louis,hub,spoke,1705.3,95,7220,5787,0.802,210.52,1218279.24,977611.11,7.94,12312266.0,9868571.1,9.894841778109733,12.345041928106491,240668.13,19.754759179841233,SEA-STL
STL,SEA,2,St. Louis,Seattle-Tacoma,spoke,hub,1705.3,72,10800,9724,0.9,190.34,1850866.16,1121693.18,6.09,18417240.0,16582337.2,10.049639142455655,11.161672433002991,729172.98,39.396310536035735,STL-SEA
SEA,STL,3,Seattle-Tacoma,St. Louis,hub,spoke,1705.3,71,11360,8625,0.759,220.16,1898880.0,1139906.63,5.88,19372208.0,14708212.5,9.80208347959097,12.910338356887351,758973.3700000001,39.969527826929564,SEA-STL
STL,SEA,3,St. Louis,Seattle-Tacoma,spoke,hub,1705.3,77,14553,13248,0.91,228.1,3021868.8,1504811.95,6.06,24817230.9,22591814.4,12.176494678945023,13.375945581422624,1517056.8499999999,50.202604759015344,STL-SEA
SEA,STL,4,Seattle-Tacoma,St. Louis,hub,spoke,1705.3,78,12480,9193,0.737,226.85,2085432.05,1465599.99,6.89,21282144.0,15676822.9,9.798975375789206,13.302644695947926,619832.06,29.721997415355734,SEA-STL
STL,SEA,4,St. Louis,Seattle-Tacoma,spoke,hub,1705.3,100,16000,13618,0.851,224.76,3060781.68,1623154.67,5.95,27284800.0,23222775.4,11.217900369436464,13.180085615434237,1437627.0100000002,46.969276488873916,STL-SEA
SEA,MCI,1,Seattle-Tacoma,Kansas City,hub,spoke,1486.2,78,5928,4156,0.701,147.99,615046.44,759873.49,8.62,8810193.6,6176647.2,6.981077464631424,9.957610012111424,-144827.05000000005,-23.547335710129474,SEA-MCI
MCI,SEA,1,Kansas City,Seattle-Tacoma,spoke,hub,1486.2,65,9750,5469,0.561,185.18,1012749.42,926783.01,6.4,14490450.0,8128027.8,6.989081912570002,12.45996501143857,85966.41000000003,8.488418586307365,MCI-SEA
SEA,MCI,2,Seattle-Tacoma,Kansas City,hub,spoke,1486.2,81,12150,9761,0.803,193.24,1886215.64,1293721.04,7.16,18057330.0,14506798.200000001,10.445706203519567,13.00228771363208,592494.5999999999,31.411816731622473,SEA-MCI
MCI,SEA,2,Kansas City,Seattle-Tacoma,spoke,hub,1486.2,60,9600,7695,0.802,143.47,1104001.65,946691.14,6.64,14267520.0,11436309.0,7.737866496770287,9.653478670434664,157310.5099999999,14.249119102312926,MCI-SEA
SEA,MCI,3,Seattle-Tacoma,Kansas City,hub,spoke,1486.2,67,10050,9433,0.939,133.12,1255720.96,882767.13,5.91,14936310.0,14019324.6,8.407169910104972,8.957071726550936,372953.82999999996,29.700374675596713,SEA-MCI
MCI,SEA,3,Kansas City,Seattle-Tacoma,spoke,hub,1486.2,81,15309,13353,0.872,211.12,2819085.36,1529156.82,6.72,22752235.8,19845228.6,12.39036631292297,14.205355941326872,1289928.5399999998,45.756987649355885,MCI-SEA
SEA,MCI,4,Seattle-Tacoma,Kansas City,hub,spoke,1486.2,82,12300,8288,0.674,168.82,1399180.16,1133866.84,6.2,18280260.0,12317625.6,7.6540495594701605,11.359171040236845,265313.31999999983,18.96205560833566,SEA-MCI
MCI,SEA,4,Kansas City,Seattle-Tacoma,spoke,hub,1486.2,72,11520,9309,0.808,160.79,1496794.11,1065352.81,6.22,17121024.0,13835035.8,8.742433338099403,10.818866908895169,431441.30000000005,28.824358481742024,MCI-SEA
SEA,OMA,1,Seattle-Tacoma,Omaha,hub,spoke,1364.5,79,6004,4624,0.77,189.6,876710.4,730503.24,8.92,8192458.0,6309448.0,10.701432952112786,13.895199706852326,146207.16000000003,16.67679087643993,SEA-OMA
OMA,SEA,1,Omaha,Seattle-Tacoma,spoke,hub,1364.5,81,12150,7219,0.594,170.19,1228601.61,847987.6,5.11,16578675.0,9850325.5,7.410734633497551,12.472700622938806,380614.0100000001,30.97944906648788,OMA-SEA
SEA,OMA,2,Seattle-Tacoma,Omaha,hub,spoke,1364.5,78,11700,9490,0.811,149.96,1423120.4,1086059.16,6.8,15964650.0,12949105.0,8.914197304670004,10.990106266031512,337061.24,23.684660834037654,SEA-OMA
OMA,SEA,2,Omaha,Seattle-Tacoma,spoke,hub,1364.5,82,15498,9541,0.616,185.71,1771859.11,1363209.61,6.45,21147021.0,13018694.5,8.378764602352264,13.610113594723341,408649.5,23.063317940668544,OMA-SEA
SEA,OMA,3,Seattle-Tacoma,Omaha,hub,spoke,1364.5,67,5092,4939,0.97,174.06,859682.34,665216.08,9.57,6948034.0,6739265.5,12.373030126219877,12.756320996702089,194466.26,22.620711273422227,SEA-OMA
OMA,SEA,3,Omaha,Seattle-Tacoma,spoke,hub,1364.5,65,9750,9000,0.923,177.24,1595160.0,968718.66,7.28,13303875.0,12280500.0,11.990190827860305,12.989373396848663,626441.34,39.27137967351237,OMA-SEA
SEA,OMA,4,Seattle-Tacoma,Omaha,hub,spoke,1364.5,88,16632,10856,0.653,139.04,1509418.24,1535219.64,6.76,22694364.0,14813012.0,6.651070900246422,10.189813118358373,-25801.399999999907,-1.7093605546995314,SEA-OMA
OMA,SEA,4,Omaha,Seattle-Tacoma,spoke,hub,1364.5,75,12000,7616,0.635,203.53,1550084.48,1020981.44,6.24,16374000.0,10392032.0,9.466742885061683,14.916086478563576,529103.04,34.13381959672289,OMA-SEA
SEA,BOI,1,Seattle-Tacoma,Boise,hub,spoke,398.8,81,12150,7701,0.634,75.43,580886.43,375245.54,7.74,4845420.0,3071158.8000000003,11.988360761296235,18.914242728184554,205640.89000000007,35.40122119912494,SEA-BOI
BOI,SEA,1,Boise,Seattle-Tacoma,spoke,hub,398.8,72,11520,8802,0.764,64.9817906849653,571969.72,358465.47,7.8,4594176.0,3510237.6,12.449886987350942,16.294330617391825,213504.25,37.32789386123447,BOI-SEA
SEA,BOI,2,Seattle-Tacoma,Boise,hub,spoke,398.8,67,10720,8131,0.759,64.9817906849653,528366.94,348500.17,8.15,4275136.0,3242642.8000000003,12.359067407446219,16.294330661397545,179866.76999999996,34.04201822316892,SEA-BOI
BOI,SEA,2,Boise,Seattle-Tacoma,spoke,hub,398.8,74,13986,10453,0.747,64.9817906849653,679254.66,500198.78,8.97,5577616.8,4168656.4,12.178223860771505,16.294330710489838,179055.88,26.360640646911428,BOI-SEA
SEA,BOI,3,Seattle-Tacoma,Boise,hub,spoke,398.8,70,10500,9861,0.939,82.99,818364.39,415986.41,9.93,4187400.0,3932566.8000000003,19.543496919329417,20.809929789368102,402377.98000000004,49.16855925268205,SEA-BOI
BOI,SEA,3,Boise,Seattle-Tacoma,spoke,hub,398.8,68,10200,9894,0.97,64.9817906849653,642929.84,433930.17,10.67,4067760.0,3945727.2,15.805500816174012,16.294330738323723,208999.66999999998,32.5073836983519,BOI-SEA
SEA,BOI,4,Seattle-Tacoma,Boise,hub,spoke,398.8,82,15498,11136,0.719,64.9817906849653,723637.22,630154.39,10.2,6180602.4,4441036.8,11.708198864240158,16.294330639187677,93482.82999999996,12.91846624472964,SEA-BOI
BOI,SEA,4,Boise,Seattle-Tacoma,spoke,hub,398.8,88,13200,10387,0.787,77.27,802603.49,379276.42,7.21,5264160.0,4142335.6,15.24656336433543,19.375626880641924,423327.07,52.74423488988318,BOI-SEA
SEA,TUL,1,Seattle-Tacoma,Tulsa,hub,spoke,1555.5,78,11700,9317,0.796,131.17,1222110.89,1074066.47,5.9,18199350.0,14492593.5,6.715134826243793,8.432658309225328,148044.41999999993,12.113828721385499,SEA-TUL
TUL,SEA,1,Tulsa,Seattle-Tacoma,spoke,hub,1555.5,95,14250,11078,0.777,153.18,1696928.04,1268886.29,5.72,22165875.0,17231829.0,7.655587880018272,9.847637415621985,428041.75,25.224508046905747,TUL-SEA
SEA,TUL,2,Seattle-Tacoma,Tulsa,hub,spoke,1555.5,70,11200,9104,0.813,197.6,1798950.4,1203098.3,6.91,17421600.0,14161272.0,10.325976948156312,12.703310832529732,595852.0999999999,33.12220837217079,SEA-TUL
TUL,SEA,2,Tulsa,Seattle-Tacoma,spoke,hub,1555.5,103,19467,17412,0.894,201.34,3505732.08,1785170.85,5.9,30280918.5,27084366.0,11.577363744762234,12.943747990999679,1720561.23,49.078514579471225,TUL-SEA
SEA,TUL,3,Seattle-Tacoma,Tulsa,hub,spoke,1555.5,85,12750,9015,0.707,242.14,2182892.1,1491769.14,7.52,19832625.0,14022832.5,11.006571747310304,15.566698810671811,691122.9600000002,31.66088511658456,SEA-TUL
TUL,SEA,3,Tulsa,Seattle-Tacoma,spoke,hub,1555.5,75,5700,5244,0.92,160.62,842291.28,772018.25,8.71,8866350.0,8157042.0,9.499864995178399,10.325940212150435,70273.03000000003,8.343079367983012,TUL-SEA
SEA,TUL,4,Seattle-Tacoma,Tulsa,hub,spoke,1555.5,81,12150,10636,0.875,196.42,2089123.12,1273962.05,6.74,18899325.0,16544298.0,11.053956265633825,12.627450980392158,815161.0700000001,39.019292936646075,SEA-TUL
TUL,SEA,4,Tulsa,Seattle-Tacoma,spoke,hub,1555.5,81,12150,8751,0.72,250.59,2192913.09,1052426.66,5.57,18899325.0,13612180.5,11.60312915937474,16.1099324975892,1140486.43,52.00782626547229,TUL-SEA
SEA,GEG,1,Seattle-Tacoma,Spokane,hub,spoke,223.3,92,6992,5097,0.729,62.348778106297765,317791.72,215811.12,13.83,1561313.6,1138160.1,20.35412488560914,27.92153054741595,101980.59999999998,32.09038926501924,SEA-GEG
GEG,SEA,1,Spokane,Seattle-Tacoma,spoke,hub,223.3,85,13600,11410,0.839,62.348778106297765,711399.56,346059.84,11.4,3036880.0,2547853.0,23.42534311530255,27.921530794751504,365339.72000000003,51.35506690501749,GEG-SEA
SEA,GEG,2,Seattle-Tacoma,Spokane,hub,spoke,223.3,85,12750,11855,0.93,62.348778106297765,739144.76,324770.97,11.41,2847075.0,2647221.5,25.961548606903577,27.92153055571663,414373.79000000004,56.061249761142875,SEA-GEG
GEG,SEA,2,Spokane,Seattle-Tacoma,spoke,hub,223.3,99,18711,13474,0.72,62.348778106297765,840087.44,463339.89,11.09,4178166.3000000003,3008744.2,20.106606096554845,27.92153084998053,376747.54999999993,44.84623053047906,GEG-SEA
SEA,GEG,3,Seattle-Tacoma,Spokane,hub,spoke,223.3,72,10800,8726,0.808,62.348778106297765,544055.44,229815.35,9.53,2411640.0,1948515.8,22.559562787148995,27.9215308390109,314240.08999999997,57.75883612155408,SEA-GEG
GEG,SEA,3,Spokane,Seattle-Tacoma,spoke,hub,223.3,82,13120,11999,0.915,62.348778106297765,748122.99,351137.15,11.99,2929696.0,2679376.7,25.535857303966008,27.92153077990116,396985.83999999997,53.06424816593325,GEG-SEA
SEA,GEG,4,Seattle-Tacoma,Spokane,hub,spoke,223.3,84,15876,11374,0.716,62.348778106297765,709155.0,384638.97,10.85,3545110.8000000003,2539814.2,20.00374713252968,27.921530637949814,324516.03,45.76094506842651,SEA-GEG
GEG,SEA,4,Spokane,Seattle-Tacoma,spoke,hub,223.3,86,16254,12338,0.759,62.348778106297765,769259.22,343363.75,9.46,3629518.2,2755075.4000000004,21.194527141370994,27.921530568637067,425895.47,55.36436339365552,GEG-SEA
SEA,FAR,1,Seattle-Tacoma,Fargo,hub,spoke,1192.2,82,12300,8336,0.678,174.9,1457966.4,947358.32,6.46,14664060.0,9938179.200000001,9.942447043997364,14.670357322596878,510608.07999999996,35.0219374054162,SEA-FAR
FAR,SEA,1,Fargo,Seattle-Tacoma,spoke,hub,1192.2,86,6536,5091,0.779,182.6,929616.6,754208.83,9.68,7792219.2,6069490.2,11.930062234388888,15.316222110384162,175407.77000000002,18.868829364707988,FAR-SEA
SEA,FAR,2,Seattle-Tacoma,Fargo,hub,spoke,1192.2,93,13950,10762,0.772,169.73,1826634.26,1212526.51,7.29,16631190.0,12830456.4,10.983184366241982,14.236705250796847,614107.75,33.61963385051149,SEA-FAR
FAR,SEA,2,Fargo,Seattle-Tacoma,spoke,hub,1192.2,78,12480,10058,0.806,197.03,1981727.74,1070961.81,7.2,14878656.0,11991147.6,13.319265799276495,16.52658949840631,910765.9299999999,45.95817637391501,FAR-SEA
SEA,FAR,3,Seattle-Tacoma,Fargo,hub,spoke,1192.2,88,6688,6487,0.97,180.68,1172071.16,626680.21,7.86,7973433.600000001,7733801.4,14.69970427796627,15.155175306156684,545390.95,46.53223870810028,SEA-FAR
FAR,SEA,3,Fargo,Seattle-Tacoma,spoke,hub,1192.2,96,18144,17599,0.97,129.96,2287166.04,1537913.53,7.11,21631276.8,20981527.8,10.573421352548177,10.90085556114746,749252.51,32.75899068525869,FAR-SEA
SEA,FAR,4,Seattle-Tacoma,Fargo,hub,spoke,1192.2,78,14742,10666,0.724,182.93,1951131.38,1153757.86,6.56,17575412.400000002,12716005.200000001,11.101482773741342,15.34390202986076,797373.5199999998,40.86723878122445,SEA-FAR
FAR,SEA,4,Fargo,Seattle-Tacoma,spoke,hub,1192.2,92,17388,13502,0.777,151.26,2042312.52,1221885.47,5.89,20729973.6,16097084.4,9.851978393257577,12.687468545546048,820427.05,40.17147434419097,FAR-SEA
SEA,BIL,1,Seattle-Tacoma,Billings,hub,spoke,662.2,85,6460,4632,0.717,107.82,499422.24,467983.77,10.94,4277812.0,3067310.4000000004,11.674712212691908,16.282090003020233,31438.469999999972,6.294967961378727,SEA-BIL
BIL,SEA,1,Billings,Seattle-Tacoma,spoke,hub,662.2,85,6460,4759,0.737,88.25,419981.75,449477.02,10.51,4277812.0,3151409.8000000003,9.817676653391967,13.326789489580184,-29495.27000000002,-7.022988498905017,BIL-SEA
SEA,BIL,2,Seattle-Tacoma,Billings,hub,spoke,662.2,92,13800,11426,0.828,87.96,1005030.96,679484.21,7.44,9138360.0,7566297.2,10.997935734639476,13.282996073693749,325546.75,32.3917135846243,SEA-BIL
BIL,SEA,2,Billings,Seattle-Tacoma,spoke,hub,662.2,89,14240,11156,0.783,92.62,1033268.72,703301.15,7.46,9429728.0,7387503.2,10.95756653850461,13.986710963455149,329967.56999999995,31.934342307391244,BIL-SEA
SEA,BIL,3,Seattle-Tacoma,Billings,hub,spoke,662.2,99,15840,14071,0.888,93.86,1320704.06,916597.8,8.74,10489248.0,9317816.200000001,12.591027116529233,14.173965569314406,404106.26,30.59779039370864,SEA-BIL
BIL,SEA,3,Billings,Seattle-Tacoma,spoke,hub,662.2,88,13200,12510,0.948,105.21,1316177.1,706517.2,8.08,8741040.0,8284122.000000001,15.057442821449166,15.887949260042284,609659.9000000001,46.320506564048266,BIL-SEA
SEA,BIL,4,Seattle-Tacoma,Billings,hub,spoke,662.2,78,11700,8120,0.694,101.65,825398.0,467124.89,6.03,7747740.000000001,5377064.0,10.653403444101118,15.350347327091512,358273.11,43.406103479775815,SEA-BIL
BIL,SEA,4,Billings,Seattle-Tacoma,spoke,hub,662.2,84,15876,12526,0.789,87.43,1095148.18,866523.87,8.24,10513087.200000001,8294717.2,10.416998919213757,13.202959830866806,228624.30999999994,20.876107377542276,BIL-SEA
ORD,DFW,1,Chicago O'Hare,Dallas/Fort Worth,hub,hub,802.1,91,17199,11288,0.656,106.35,1200478.8,986355.04,7.15,13795317.9,9054104.8,8.702074201566605,13.258945268669741,214123.76,17.836529891240062,ORD-DFW
DFW,ORD,1,Dallas/Fort Worth,Chicago O'Hare,hub,hub,802.1,68,12852,9106,0.709,104.1,947934.6,677768.6,6.57,10308589.200000001,7303922.600000001,9.195580322475164,12.97843161700536,270166.0,28.50048937975257,DFW-ORD
ORD,DFW,2,Chicago O'Hare,Dallas/Fort Worth,hub,hub,802.1,79,11850,10306,0.87,122.21,1259496.26,771768.39,8.12,9504885.0,8266442.600000001,13.2510415433748,15.236254831068443,487727.87,38.72404273753064,ORD-DFW
DFW,ORD,2,Dallas/Fort Worth,Chicago O'Hare,hub,hub,802.1,67,10050,8311,0.827,112.52,935153.72,549397.87,6.82,8061105.0,6666253.100000001,11.600813039899617,14.028176037900508,385755.85,41.25052830886455,DFW-ORD
ORD,DFW,3,Chicago O'Hare,Dallas/Fort Worth,hub,hub,802.1,79,12640,12260,0.97,105.83,1297475.8,864819.68,8.53,10138544.0,9833746.0,12.79745691294529,13.194115446951752,432656.12,33.34598764770795,ORD-DFW
DFW,ORD,3,Dallas/Fort Worth,Chicago O'Hare,hub,hub,802.1,88,13200,12804,0.97,97.1,1243268.4,877397.0,8.29,10587720.0,10270088.4,11.742550804139134,12.105722478493952,365871.3999999999,29.42819104869069,DFW-ORD
ORD,DFW,4,Chicago O'Hare,Dallas/Fort Worth,hub,hub,802.1,81,6156,4754,0.772,101.23,481247.42,427710.29,8.66,4937727.600000001,3813183.4,9.746333920891058,12.620620870215685,53537.130000000005,11.124658081283844,ORD-DFW
DFW,ORD,4,Dallas/Fort Worth,Chicago O'Hare,hub,hub,802.1,99,15840,10975,0.693,139.04,1525964.0,981432.84,7.72,12705264.0,8803047.5,12.010486362188146,17.334496945518016,544531.16,35.68440408816984,DFW-ORD
ORD,DEN,1,Chicago O'Hare,Denver,hub,hub,886.2,85,6460,4344,0.672,122.07,530272.08,465759.08,8.14,5724852.0,3849652.8000000003,9.26263386372259,13.774542992552469,64512.99999999994,12.166018621987403,ORD-DEN
DEN,ORD,1,Denver,Chicago O'Hare,hub,hub,886.2,81,12960,9083,0.701,156.6,1422397.8,850532.16,7.41,11485152.0,8049354.600000001,12.38466674189423,17.670954637779282,571865.64,40.20433946115496,DEN-ORD
ORD,DEN,2,Chicago O'Hare,Denver,hub,hub,886.2,75,12000,11404,0.95,109.83,1252501.32,757747.78,7.13,10634400.0,10106224.8,11.777827804107426,12.393364928909953,494753.54000000004,39.50123900867426,ORD-DEN
DEN,ORD,2,Denver,Chicago O'Hare,hub,hub,886.2,84,12600,9443,0.749,123.28,1164133.04,855855.23,7.66,11166120.0,8368386.600000001,10.425582386719828,13.911081020085758,308277.81000000006,26.481321241427874,DEN-ORD
ORD,DEN,3,Chicago O'Hare,Denver,hub,hub,886.2,88,13200,11003,0.834,135.07,1486175.21,897456.8,7.67,11697840.0,9750858.6,12.704697704875429,15.241480478447302,588718.4099999999,39.61298816173902,ORD-DEN
DEN,ORD,3,Denver,Chicago O'Hare,hub,hub,886.2,71,11360,8680,0.764,140.03,1215460.4,723892.12,7.19,10067232.0,7692216.0,12.07343190263222,15.801173549988714,491568.2799999999,40.442969594073155,DEN-ORD
ORD,DEN,4,Chicago O'Hare,Denver,hub,hub,886.2,79,11850,9570,0.808,140.99,1349274.3,753076.65,7.17,10501470.0,8480934.0,12.84843264800071,15.909501241254798,596197.65,44.18654160981203,ORD-DEN
DEN,ORD,4,Denver,Chicago O'Hare,hub,hub,886.2,70,11200,8642,0.772,128.41,1109719.22,746293.34,7.52,9925440.0,7658540.4,11.180554413708611,14.489957120288874,363425.88,32.74935438173271,DEN-ORD
ORD,ATL,1,Chicago O'Hare,Atlanta,hub,hub,606.4,89,13350,10543,0.79,82.68,871695.24,810786.11,10.01,8095440.0,6393275.2,10.767731463638789,13.634564643799472,60909.130000000005,6.98743404862461,ORD-ATL
ATL,ORD,1,Atlanta,Chicago O'Hare,hub,hub,606.4,88,16632,10527,0.633,95.81,1008591.87,846763.23,8.4,10085644.799999999,6383572.8,10.000271574108977,15.799802110817943,161828.64,16.045007382421197,ATL-ORD
ORD,ATL,2,Chicago O'Hare,Atlanta,hub,hub,606.4,72,11520,10155,0.882,81.82,830882.1,611314.25,8.75,6985728.0,6157992.0,11.893994441237906,13.492744063324539,219567.84999999998,26.425873177433957,ORD-ATL
ATL,ORD,2,Atlanta,Chicago O'Hare,hub,hub,606.4,82,15498,10921,0.705,97.13,1060756.73,697964.2,7.43,9397987.2,6622494.399999999,11.287062936199787,16.017480211081793,362792.53,34.201294202488825,ATL-ORD
ORD,ATL,3,Chicago O'Hare,Atlanta,hub,hub,606.4,74,13986,12113,0.866,94.87,1149160.31,662101.83,7.81,8481110.4,7345323.2,13.549644513529739,15.644788918205805,487058.4800000001,42.38385852362062,ORD-ATL
ATL,ORD,3,Atlanta,Chicago O'Hare,hub,hub,606.4,103,15450,13061,0.845,104.47,1364482.67,775782.49,8.28,9368880.0,7920190.399999999,14.563989185473611,17.227902374670183,588700.1799999999,43.14456994899027,ATL-ORD
ORD,ATL,4,Chicago O'Hare,Atlanta,hub,hub,606.4,88,14080,12376,0.879,101.86,1260619.36,653931.24,7.66,8538112.0,7504806.399999999,14.764614940633248,16.797493403693935,606688.1200000001,48.12619409557538,ORD-ATL
ATL,ORD,4,Atlanta,Chicago O'Hare,hub,hub,606.4,99,18711,14100,0.754,107.4,1514340.0,819447.84,7.22,11346350.4,8550240.0,13.346494217206617,17.711081794195252,694892.16,45.88745988351361,ATL-ORD
ORD,SEA,1,Chicago O'Hare,Seattle-Tacoma,hub,hub,1716.3,84,12600,9633,0.765,181.72,1750508.76,1355788.21,6.27,21625380.0,16533117.9,8.094695954475712,10.587892559575831,394720.55000000005,22.548904582459787,ORD-SEA
SEA,ORD,1,Seattle-Tacoma,Chicago O'Hare,hub,hub,1716.3,67,12663,9244,0.73,205.81,1902507.64,1327817.34,6.11,21733506.9,15865477.2,8.753799599640313,11.991493328672144,574690.2999999998,30.20699039085067,SEA-ORD
ORD,SEA,2,Chicago O'Hare,Seattle-Tacoma,hub,hub,1716.3,93,13950,10975,0.787,199.93,2194231.75,1752293.29,7.32,23942385.0,18836392.5,9.164633139096209,11.648895880673543,441938.45999999996,20.14091993701212,ORD-SEA
SEA,ORD,2,Seattle-Tacoma,Chicago O'Hare,hub,hub,1716.3,78,12480,8005,0.641,176.86,1415764.3,1454157.56,6.79,21419424.0,13738981.5,6.60972162463379,10.304725281128007,-38393.26000000001,-2.711839816839569,SEA-ORD
ORD,SEA,3,Chicago O'Hare,Seattle-Tacoma,hub,hub,1716.3,86,12900,12513,0.97,157.41,1969671.33,1321812.4,5.97,22140270.0,21476061.9,8.896329313057159,9.171473518615628,647858.9300000002,32.89172767722624,ORD-SEA
SEA,ORD,3,Seattle-Tacoma,Chicago O'Hare,hub,hub,1716.3,67,10720,9693,0.904,244.88,2373621.84,1142062.55,6.21,18398736.0,16636095.9,12.90100493860013,14.267901881955366,1231559.2899999998,51.88523585543011,SEA-ORD
ORD,SEA,4,Chicago O'Hare,Seattle-Tacoma,hub,hub,1716.3,65,9750,7699,0.79,249.11,1917897.89,916494.13,5.48,16733925.0,13213793.7,11.461135925970744,14.514362290974772,1001403.7599999999,52.21361185188018,ORD-SEA
SEA,ORD,4,Seattle-Tacoma,Chicago O'Hare,hub,hub,1716.3,84,13440,8490,0.632,202.95,1723045.5,1339565.5,5.81,23067072.0,14571387.0,7.469719173720877,11.82485579444153,383480.0,22.255941587149035,SEA-ORD
DFW,DEN,1,Dallas/Fort Worth,Denver,hub,hub,640.9,71,10650,8288,0.778,89.19,739206.72,491357.06,7.2,6825585.0,5311779.2,10.829939411786683,13.916367608051178,247849.65999999997,33.52914053595183,DFW-DEN
DEN,DFW,1,Denver,Dallas/Fort Worth,hub,hub,640.9,74,11840,8454,0.714,99.87,844300.98,627051.08,8.26,7588256.0,5418168.6,11.126416662801043,15.582774223747856,217249.90000000002,25.73133339250655,DEN-DFW
DFW,DEN,2,Dallas/Fort Worth,Denver,hub,hub,640.9,85,6460,5117,0.792,119.03,609076.51,449071.39,10.85,4140214.0,3279485.3,14.711232559476395,18.572320174754253,160005.12,26.27011834687238,DFW-DEN
DEN,DFW,2,Denver,Dallas/Fort Worth,hub,hub,640.9,102,15300,13834,0.904,97.04,1342451.36,833521.23,8.5,9805770.0,8866210.6,13.69042267970797,15.141207676704635,508930.1300000001,37.91050798294845,DEN-DFW
DFW,DEN,3,Dallas/Fort Worth,Denver,hub,hub,640.9,81,15309,14849,0.97,89.75,1332697.75,632875.35,6.45,9811538.1,9516724.1,13.582964632222138,14.003744733967856,699822.4,52.51171167655983,DFW-DEN
DEN,DFW,3,Denver,Dallas/Fort Worth,hub,hub,640.9,79,12640,10064,0.796,98.05,986775.2,689671.2,8.51,8100976.0,6450017.6,12.18094214820535,15.298798564518645,297104.0,30.108579948097603,DEN-DFW
DFW,DEN,4,Dallas/Fort Worth,Denver,hub,hub,640.9,88,13200,10216,0.774,89.43,913616.88,690028.06,8.16,8459880.0,6547434.399999999,10.799407083788424,13.953814947729756,223588.81999999995,24.472930053569055,DFW-DEN
DEN,DFW,4,Denver,Dallas/Fort Worth,hub,hub,640.9,79,11850,8269,0.698,81.68,675411.92,562457.58,7.41,7594665.0,5299602.1,8.893241769057623,12.744577937275709,112954.34000000008,16.723770584327276,DEN-DFW
DFW,ATL,1,Dallas/Fort Worth,Atlanta,hub,hub,729.8,86,12900,10213,0.792,117.53,1200333.89,837499.81,8.9,9414420.0,7453447.399999999,12.749950501464774,16.104412167717182,362834.07999999984,30.227762710257217,DFW-ATL
ATL,DFW,1,Atlanta,Dallas/Fort Worth,hub,hub,729.8,75,5700,3755,0.659,105.5,396152.5,392232.36,9.43,4159859.9999999995,2740399.0,9.523217127499484,14.45601534667032,3920.140000000014,0.9895532654722647,ATL-DFW
DFW,ATL,2,Dallas/Fort Worth,Atlanta,hub,hub,729.8,79,12640,9793,0.775,86.92,851207.56,762792.09,8.27,9224672.0,7146931.399999999,9.227510311477742,11.910112359550563,88415.47000000009,10.387063526550456,DFW-ATL
ATL,DFW,2,Atlanta,Dallas/Fort Worth,hub,hub,729.8,72,13608,11641,0.855,75.25,875985.25,755740.25,7.61,9931118.399999999,8495601.799999999,8.820610274870957,10.311044121677174,120245.0,13.726829304488861,ATL-DFW
DFW,ATL,3,Dallas/Fort Worth,Atlanta,hub,hub,729.8,74,11840,11484,0.97,98.26,1128417.84,787253.26,9.11,8640832.0,8381023.199999999,13.059134120418033,13.46396272951494,341164.5800000001,30.233887475582634,DFW-ATL
ATL,DFW,3,Atlanta,Dallas/Fort Worth,hub,hub,729.8,93,13950,13531,0.97,125.35,1696110.85,772924.16,7.59,10180710.0,9874923.799999999,16.660044829879254,17.17593861331872,923186.6900000001,54.42961997442561,ATL-DFW
DFW,ATL,4,Dallas/Fort Worth,Atlanta,hub,hub,729.8,74,13986,9638,0.689,101.97,982786.86,770783.02,7.55,10206982.799999999,7033812.399999999,9.628573685849654,13.972321183885997,212003.83999999997,21.571700704260532,DFW-ATL
ATL,DFW,4,Atlanta,Dallas/Fort Worth,hub,hub,729.8,93,13950,9598,0.688,138.48,1329131.04,860944.34,8.46,10180710.0,7004620.399999999,13.055386510371084,18.97506166072897,468186.70000000007,35.22502190604172,ATL-DFW
DFW,SEA,1,Dallas/Fort Worth,Seattle-Tacoma,hub,hub,1657.8,64,10240,7147,0.698,218.95,1564835.65,883257.72,5.2,16975872.0,11848296.6,9.217998639480788,13.207262637230063,681577.9299999999,43.55587949443765,DFW-SEA
SEA,DFW,1,Seattle-Tacoma,Dallas/Fort Worth,hub,hub,1657.8,78,14742,10254,0.696,205.93,2111606.22,1414415.46,5.79,24439287.599999998,16999081.2,8.640211836616713,12.421884425141757,697190.7600000002,33.01708213380808,SEA-DFW
DFW,SEA,2,Dallas/Fort Worth,Seattle-Tacoma,hub,hub,1657.8,88,6688,5596,0.837,223.14,1248691.44,951836.43,8.59,11087366.4,9277048.799999999,11.262290745618364,13.460007238508867,296855.0099999999,23.773287818806534,DFW-SEA
SEA,DFW,2,Seattle-Tacoma,Dallas/Fort Worth,hub,hub,1657.8,74,11100,8421,0.759,181.28,1526558.88,874146.71,4.75,18401580.0,13960333.799999999,8.295803295151828,10.934974062009893,652412.1699999999,42.7374389908891,SEA-DFW
DFW,SEA,3,Dallas/Fort Worth,Seattle-Tacoma,hub,hub,1657.8,81,15309,13834,0.904,225.93,3125515.62,1426731.46,5.62,25379260.2,22934005.2,12.315235335346774,13.62830256967065,1698784.1600000001,54.352125106320855,DFW-SEA
SEA,DFW,3,Seattle-Tacoma,Dallas/Fort Worth,hub,hub,1657.8,91,13650,12422,0.91,240.72,2990223.84,1585979.08,7.01,22628970.0,20593191.599999998,13.214140281241257,14.520448787549768,1404244.7599999998,46.96119204239907,SEA-DFW
DFW,SEA,4,Dallas/Fort Worth,Seattle-Tacoma,hub,hub,1657.8,93,17577,15635,0.89,120.57,1885111.95,1909950.22,6.55,29139150.599999998,25919703.0,6.469344202503969,7.272891784292436,-24838.27000000002,-1.3176018538315466,DFW-SEA
SEA,DFW,4,Seattle-Tacoma,Dallas/Fort Worth,hub,hub,1657.8,85,12750,12138,0.952,195.33,2370915.54,1452604.86,6.87,21136950.0,20122376.4,11.21692363373145,11.782482808541442,918310.6799999999,38.73232363224545,SEA-DFW
DEN,ATL,1,Denver,Atlanta,hub,hub,1196.8,77,5852,3788,0.647,165.78,627974.64,591150.17,8.44,7003673.6,4533478.399999999,8.966360739598144,13.8519385026738,36824.46999999997,5.864005909537998,DEN-ATL
ATL,DEN,1,Atlanta,Denver,hub,hub,1196.8,82,13120,10798,0.823,149.82,1617756.36,1097671.67,6.99,15702016.0,12923046.4,10.302857671269729,12.518382352941176,520084.6900000002,32.14851771622769,ATL-DEN
DEN,ATL,2,Denver,Atlanta,hub,hub,1196.8,81,12960,9146,0.706,134.52,1230319.92,1096737.08,7.07,15510528.0,10945932.799999999,7.932160143097643,11.239973262032086,133582.83999999985,10.857569468598042,DEN-ATL
ATL,DEN,2,Atlanta,Denver,hub,hub,1196.8,81,12150,10607,0.873,168.86,1791098.02,842598.94,5.79,14541120.0,12694457.6,12.317469493409035,14.10929144385027,948499.0800000001,52.95629102420648,ATL-DEN
DEN,ATL,3,Denver,Atlanta,hub,hub,1196.8,86,16254,15234,0.937,183.61,2797114.74,1413490.49,7.27,19452787.2,18232051.2,14.378992127153895,15.341744652406419,1383624.2500000002,49.466124153348105,DEN-ATL
ATL,DEN,3,Atlanta,Denver,hub,hub,1196.8,82,15498,15033,0.97,166.98,2510210.34,1532580.63,8.26,18548006.4,17991494.4,13.533585690373712,13.952205882352942,977629.71,38.946127120167944,ATL-DEN
DEN,ATL,4,Denver,Atlanta,hub,hub,1196.8,84,12600,9655,0.766,137.05,1323217.75,1168150.17,7.75,15079680.0,11555104.0,8.774839718084202,11.451370320855615,155067.58000000007,11.718976714150038,DEN-ATL
ATL,DEN,4,Atlanta,Denver,hub,hub,1196.8,71,10650,8021,0.753,140.13,1123982.73,839753.85,6.59,12745920.0,9599532.799999999,8.818372702794305,11.708723262032086,284228.88,25.287655442891015,ATL-DEN
DEN,SEA,1,Denver,Seattle-Tacoma,hub,hub,1022.5,112,16800,10508,0.626,141.87,1490769.96,1053540.31,6.13,17178000.0,10744430.0,8.678367446734194,13.87481662591687,437229.6499999999,29.32911594220747,DEN-SEA
SEA,DEN,1,Seattle-Tacoma,Denver,hub,hub,1022.5,74,11100,8433,0.76,131.42,1108264.86,824239.9,7.26,11349750.0,8622742.5,9.764663186413799,12.852811735941321,284024.9600000001,25.62789548339555,SEA-DEN
DEN,SEA,2,Denver,Seattle-Tacoma,hub,hub,1022.5,89,14240,10999,0.772,153.36,1686806.64,1073686.75,7.37,14560400.0,11246477.5,11.58489217329194,14.998533007334963,613119.8899999999,36.34796517044775,DEN-SEA
SEA,DEN,2,Seattle-Tacoma,Denver,hub,hub,1022.5,79,11850,10269,0.867,135.58,1392271.02,656447.17,5.42,12116625.0,10500052.5,11.490584383027452,13.259657701711491,735823.85,52.85061884000142,SEA-DEN
DEN,SEA,3,Denver,Seattle-Tacoma,hub,hub,1022.5,82,15498,12940,0.835,134.27,1737453.8,1262815.98,7.97,15846705.0,13231150.0,10.964132922269961,13.13154034229829,474637.82000000007,27.318010988263403,DEN-SEA
SEA,DEN,3,Seattle-Tacoma,Denver,hub,hub,1022.5,110,16500,16005,0.97,156.35,2502381.75,1107740.96,6.57,16871250.0,16365112.5,14.832224938875305,15.290953545232275,1394640.79,55.73253521370191,SEA-DEN
DEN,SEA,4,Denver,Seattle-Tacoma,hub,hub,1022.5,95,14250,10557,0.741,120.31,1270112.67,972181.41,6.67,14570625.0,10794532.5,8.716940213614722,11.766259168704156,297931.2599999999,23.45707330043404,DEN-SEA
SEA,DEN,4,Seattle-Tacoma,Denver,hub,hub,1022.5,77,14553,11949,0.821,127.64,1525170.36,1105723.52,7.43,14880442.5,12217852.5,10.249496007931217,12.48312958435208,419446.8400000001,27.501638571051174,SEA-DEN
ATL,SEA,1,Atlanta,Seattle-Tacoma,hub,hub,2177.8,91,13650,8767,0.642,258.12,2262938.04,1691409.59,5.69,29726970.000000004,19092772.6,7.612407319010312,11.852328037469006,571528.45,25.25603617498957,ATL-SEA
SEA,ATL,1,Seattle-Tacoma,Atlanta,hub,hub,2177.8,81,12150,8386,0.69,265.83,2229250.38,1488274.36,5.62,26460270.000000004,18263030.8,8.424896571350176,12.206355037193498,740976.0199999998,33.23879751901174,SEA-ATL
ATL,SEA,2,Atlanta,Seattle-Tacoma,hub,hub,2177.8,100,16000,14628,0.914,271.68,3974135.04,1863290.21,5.35,34844800.0,31856858.400000002,11.405245660758563,12.474974745155661,2110844.83,53.11457232213227,ATL-SEA
SEA,ATL,2,Seattle-Tacoma,Atlanta,hub,hub,2177.8,99,18711,17580,0.94,287.8,5059524.0,2579876.5,6.33,40748815.800000004,38285724.0,12.416370637205116,13.215171273762513,2479647.5,49.00950168434817,SEA-ATL
ATL,SEA,3,Atlanta,Seattle-Tacoma,hub,hub,2177.8,95,14250,9841,0.691,260.18,2560431.38,1518273.44,4.89,31033650.000000004,21431729.8,8.250500279535277,11.946918908990725,1042157.94,40.70243585282102,ATL-SEA
SEA,ATL,3,Seattle-Tacoma,Atlanta,hub,hub,2177.8,89,14240,13812,0.97,277.69,3835454.28,1843336.6,5.94,31011872.000000004,30079773.6,12.36769673239977,12.750941316925335,1992117.6799999997,51.939549648340474,SEA-ATL
ATL,SEA,4,Atlanta,Seattle-Tacoma,hub,hub,2177.8,102,15300,10762,0.703,223.38,2404015.56,1665183.37,5.0,33320340.000000004,23437483.6,7.2148590320506925,10.257140233262925,738832.19,30.733253240673697,ATL-SEA
SEA,ATL,4,Seattle-Tacoma,Atlanta,hub,hub,2177.8,75,5700,4042,0.709,270.07,1091622.94,901178.88,7.26,12413460.000000002,8802667.600000001,8.793865207605291,12.401046928092569,190444.05999999994,17.44595620168993,SEA-ATL
LAX,JFK,1,Los Angeles,New York JFK,spoke,spoke,2469.6,71,10650,7080,0.665,374.43,2650964.4,1476402.24,5.61,26301240.0,17484768.0,10.07923732873431,15.16156462585034,1174562.16,44.30697598202375,LAX-JFK
JFK,LAX,1,New York JFK,Los Angeles,spoke,spoke,2469.6,64,4864,3789,0.779,322.91,1223505.99,982331.49,8.18,12012134.4,9357314.4,10.18558358787594,13.075396825396826,241174.5,19.71175474179738,JFK-LAX
LAX,JFK,2,Los Angeles,New York JFK,spoke,spoke,2469.6,60,9000,7497,0.833,362.54,2717962.38,1220520.47,5.49,22226400.0,18514591.2,12.228531746031745,14.680110139293811,1497441.91,55.09428390248728,LAX-JFK
JFK,LAX,2,New York JFK,Los Angeles,spoke,spoke,2469.6,58,8700,7567,0.87,348.15,2634451.05,1180122.66,5.49,21485520.0,18687463.2,12.261518687934943,14.097424684159376,1454328.39,55.20422897969579,JFK-LAX
LAX,JFK,3,Los Angeles,New York JFK,spoke,spoke,2469.6,55,8250,7596,0.921,384.16,2918079.36,972016.5,4.77,20374200.0,18759081.599999998,14.322424242424242,15.555555555555555,1946062.8599999999,66.68985383591487,LAX-JFK
JFK,LAX,3,New York JFK,Los Angeles,spoke,spoke,2469.6,68,10200,9894,0.97,394.58,3903974.52,1557679.45,6.18,25189920.0,24434222.4,15.498161645610626,15.977486232588275,2346295.0700000003,60.10016351233769,JFK-LAX
LAX,JFK,4,Los Angeles,New York JFK,spoke,spoke,2469.6,61,9150,6523,0.713,337.54,2201773.42,1190131.75,5.27,22596840.0,16109200.799999999,9.743722662106737,13.667800453514738,1011641.6699999999,45.946674658285225,LAX-JFK
JFK,LAX,4,New York JFK,Los Angeles,spoke,spoke,2469.6,58,9280,6666,0.718,231.33,1542045.78,1297708.63,5.66,22917888.0,16462353.6,6.728568444003217,9.367103984450925,244337.15000000014,15.844999750915315,JFK-LAX
SFO,JFK,1,San Francisco,New York JFK,spoke,spoke,2580.0,61,9760,5986,0.613,312.19,1868769.34,1385594.85,5.5,25180800.0,15443880.0,7.421405753590037,12.100387596899226,483174.49,25.85522352373354,SFO-JFK
JFK,SFO,1,New York JFK,San Francisco,spoke,spoke,2580.0,53,7950,5977,0.752,300.94,1798718.38,1140315.86,5.56,20511000.0,15420660.0,8.76953039832285,11.664341085271317,658402.5199999998,36.60398021840416,JFK-SFO
SFO,JFK,2,San Francisco,New York JFK,spoke,spoke,2580.0,56,8400,5929,0.706,336.58,1995582.82,1161442.38,5.36,21672000.0,15296820.0,9.208115633074936,13.045736434108527,834140.4400000002,41.7993396034548,SFO-JFK
JFK,SFO,2,New York JFK,San Francisco,spoke,spoke,2580.0,64,4864,4718,0.97,360.65,1701546.7,920285.23,7.33,12549120.0,12172440.0,13.559091792890657,13.978682170542637,781261.47,45.9147827091669,JFK-SFO
SFO,JFK,3,San Francisco,New York JFK,spoke,spoke,2580.0,74,11100,9197,0.829,301.0,2768297.0,1814193.55,6.33,28638000.0,23728260.0,9.666516516516516,11.666666666666666,954103.45,34.4653572214253,SFO-JFK
JFK,SFO,3,New York JFK,San Francisco,spoke,spoke,2580.0,60,9600,8286,0.863,375.43,3110812.98,1587587.94,6.41,24768000.0,21377880.0,12.559806928294574,14.551550387596897,1523225.04,48.9654971158054,JFK-SFO
SFO,JFK,4,San Francisco,New York JFK,spoke,spoke,2580.0,71,10650,8563,0.804,310.62,2659839.06,1646189.34,5.99,27477000.0,22092540.0,9.680238235615242,12.03953488372093,1013649.72,38.10943809510039,SFO-JFK
JFK,SFO,4,New York JFK,San Francisco,spoke,spoke,2580.0,65,9750,6614,0.678,304.64,2014888.96,1294766.18,5.15,25155000.0,17064120.0,8.009894494136354,11.807751937984495,720122.78,35.74007274326423,JFK-SFO
LAX,LAS,1,Los Angeles,Las Vegas,spoke,spoke,236.4,57,4332,3191,0.737,73.65,235017.15,120674.65,11.78,1024084.8,754352.4,22.948993091197135,31.15482233502538,114342.5,48.65283235712798,LAX-LAS
LAS,LAX,1,Las Vegas,Los Angeles,spoke,spoke,236.4,43,6880,5300,0.77,62.54604213547529,331494.02,166496.49,10.24,1626432.0,1252920.0,20.38167104434738,26.457716374549058,164997.53000000003,49.77390844033929,LAS-LAX
LAX,LAS,2,Los Angeles,Las Vegas,spoke,spoke,236.4,53,4028,2716,0.674,66.98,181917.68,137473.34,14.44,952219.2000000001,642062.4,19.104601125455144,28.333333333333332,44444.34,24.431017370054413,LAX-LAS
LAS,LAX,2,Las Vegas,Los Angeles,spoke,spoke,236.4,50,7500,5210,0.695,62.54604213547529,325864.88,213325.07,12.03,1773000.0,1231644.0,18.379293852227864,26.4577166778712,112539.81,34.535728428298256,LAS-LAX
LAX,LAS,3,Los Angeles,Las Vegas,spoke,spoke,236.4,55,8800,8251,0.938,62.54604213547529,516067.39,215532.72,10.36,2080320.0,1950536.4000000001,24.807115732195047,26.45771645174117,300534.67000000004,58.235547493128756,LAX-LAS
LAS,LAX,3,Las Vegas,Los Angeles,spoke,spoke,236.4,64,4864,4262,0.876,62.54604213547529,266571.23,139414.59,12.12,1149849.6,1007536.8,23.183138907905864,26.45771648241533,127156.63999999998,47.70081152418436,LAS-LAX
LAX,LAS,4,Los Angeles,Las Vegas,spoke,spoke,236.4,50,8000,5392,0.674,62.54604213547529,337248.26,198151.72,10.48,1891200.0,1274668.8,17.832501057529612,26.457716702566188,139096.54,41.244553789543644,LAX-LAS
LAS,LAX,4,Las Vegas,Los Angeles,spoke,spoke,236.4,66,5016,3648,0.727,62.54604213547529,228167.96,176879.0,14.92,1185782.4000000001,862387.2000000001,19.241975593498434,26.45771644106035,51288.95999999999,22.478598660390354,LAS-LAX
MIA,JFK,1,Miami,New York JFK,spoke,spoke,1092.0,62,9920,9567,0.965,158.51,1516465.17,826944.78,7.63,10832640.0,10447164.0,13.99903596907125,14.515567765567766,689520.3899999999,45.46892362849322,MIA-JFK
JFK,MIA,1,New York JFK,Miami,spoke,spoke,1092.0,56,8400,6654,0.792,135.43,901151.22,745707.2,8.13,9172800.0,7266168.0,9.824167320774462,12.402014652014651,155444.02000000002,17.24949337581766,JFK-MIA
MIA,JFK,2,Miami,New York JFK,spoke,spoke,1092.0,73,11680,8963,0.767,168.18,1507397.34,911722.72,7.15,12754560.0,9787596.0,11.81849738446485,15.401098901098903,595674.6200000001,39.516762050276675,MIA-JFK
JFK,MIA,2,New York JFK,Miami,spoke,spoke,1092.0,64,4864,3675,0.756,186.51,685424.25,473241.76,8.91,5311488.0,4013100.0,12.904561772520243,17.07967032967033,212182.49,30.9563733702156,JFK-MIA
MIA,JFK,3,Miami,New York JFK,spoke,spoke,1092.0,60,11340,10634,0.938,168.43,1791084.62,1016955.49,8.21,12383280.0,11612328.0,14.463733518098598,15.423992673992675,774129.1300000001,43.2212482512412,MIA-JFK
JFK,MIA,3,New York JFK,Miami,spoke,spoke,1092.0,56,4256,3476,0.817,151.68,527239.68,395469.51,8.51,4647552.0,3795792.0,11.344460051226969,13.890109890109892,131770.17000000004,24.992460734366585,JFK-MIA
MIA,JFK,4,Miami,New York JFK,spoke,spoke,1092.0,68,10880,9997,0.919,156.96,1569129.12,811277.95,6.83,11880960.0,10916724.0,13.207090336134456,14.373626373626374,757851.1700000002,48.297565849775324,MIA-JFK
JFK,MIA,4,New York JFK,Miami,spoke,spoke,1092.0,60,4560,3737,0.82,138.62,518022.94,436446.41,8.76,4979520.0,4080804.0,10.403069773793458,12.694139194139195,81576.53000000003,15.74766746816271,JFK-MIA
BOS,JFK,1,Boston,New York JFK,spoke,spoke,186.2,62,9920,7697,0.776,61.79272883650957,475618.63,220571.08,11.94,1847104.0,1433181.4,25.74942342174561,33.186212854841685,255047.55000000002,53.62438178672691,BOS-JFK
JFK,BOS,1,New York JFK,Boston,spoke,spoke,186.2,53,7950,6462,0.813,61.79272883650957,399304.61,145562.3,9.83,1480290.0,1203224.4,26.974755622209162,33.18621281283857,253742.31,63.54605072052637,JFK-BOS
BOS,JFK,2,Boston,New York JFK,spoke,spoke,186.2,63,9450,7584,0.803,62.84,476578.56,201242.54,11.44,1759590.0,1412140.7999999998,27.08463676197296,33.74865735767992,275336.02,57.77348020020037,BOS-JFK
JFK,BOS,2,New York JFK,Boston,spoke,spoke,186.2,53,8480,7873,0.928,61.79272883650957,486494.15,166448.16,10.54,1578976.0,1465952.5999999999,30.810737465293965,33.18621284207962,320045.99,65.78619496246768,JFK-BOS
BOS,JFK,3,Boston,New York JFK,spoke,spoke,186.2,55,8800,7462,0.848,61.79272883650957,461097.34,156378.36,9.54,1638560.0,1389424.4,28.140400107411388,33.18621293824983,304718.98000000004,66.0856078675275,BOS-JFK
JFK,BOS,3,New York JFK,Boston,spoke,spoke,186.2,56,10584,10266,0.97,61.79272883650957,634364.15,191766.16,9.73,1970740.7999999998,1911529.2,32.189121471479154,33.18621290221463,442597.99,69.7703345940971,JFK-BOS
BOS,JFK,4,Boston,New York JFK,spoke,spoke,186.2,61,9760,7630,0.782,61.79272883650957,471478.52,180043.63,9.91,1817312.0,1420706.0,25.9437300804705,33.186213051820715,291434.89,61.812972943072786,BOS-JFK
JFK,BOS,4,New York JFK,Boston,spoke,spoke,186.2,47,7520,6606,0.879,61.79272883650957,408202.77,177823.92,12.7,1400224.0,1230037.2,29.15267628607994,33.186213392570565,230378.85,56.43735587585552,JFK-BOS
PHX,LAS,1,Phoenix,Las Vegas,spoke,spoke,255.5,63,4788,4644,0.97,62.83255140020892,291794.37,142351.69,11.64,1223334.0,1186542.0,23.852387818862223,24.591996743478106,149442.68,51.21506628109377,PHX-LAS
LAS,PHX,1,Las Vegas,Phoenix,spoke,spoke,255.5,53,7950,7092,0.892,62.83255140020892,445608.45,230130.84,11.33,2031225.0,1812006.0,21.9379167743603,24.591996384117934,215477.61000000002,48.35581775884187,LAS-PHX
PHX,LAS,2,Phoenix,Las Vegas,spoke,spoke,255.5,63,9450,8386,0.887,72.01,603875.86,216485.35,8.97,2414475.0,2142623.0,25.01064869174458,28.1839530332681,387390.51,64.1506865334872,PHX-LAS
LAS,PHX,2,Las Vegas,Phoenix,spoke,spoke,255.5,57,4332,3219,0.743,62.83255140020892,202257.98,144850.23,13.09,1106826.0,822454.5,18.273692522582593,24.59199627456595,57407.75,28.383428925770936,LAS-PHX
PHX,LAS,3,Phoenix,Las Vegas,spoke,spoke,255.5,60,9600,7751,0.807,62.83255140020892,487015.11,215155.5,8.77,2452800.0,1980380.5,19.855475782778864,24.591996841011106,271859.61,55.82159658249618,PHX-LAS
LAS,PHX,3,Las Vegas,Phoenix,spoke,spoke,255.5,65,12285,11916,0.97,62.83255140020892,748712.68,350390.97,11.16,3138817.5,3044538.0,23.853335850204736,24.591996552514704,398321.7100000001,53.20087673685452,LAS-PHX
PHX,LAS,4,Phoenix,Las Vegas,spoke,spoke,255.5,59,8850,6160,0.696,62.83255140020892,387048.52,266144.84,11.77,2261175.0,1573880.0,17.11714130927505,24.591996848552622,120903.68,31.23734460992125,PHX-LAS
LAS,PHX,4,Las Vegas,Phoenix,spoke,spoke,255.5,61,9150,7365,0.805,62.83255140020892,462761.74,257234.45,11.0,2337825.0,1881757.5,19.794541507597874,24.59199657766742,205527.28999999998,44.41319846364135,LAS-PHX
SLC,BOI,1,Salt Lake City,Boise,spoke,spoke,289.4,67,10720,7246,0.676,63.34032082766731,458963.96,301107.89,9.71,3102367.9999999995,2096992.4,14.793988334072555,21.886772694073667,157856.07,34.39400121961646,SLC-BOI
BOI,SLC,1,Boise,Salt Lake City,spoke,spoke,289.4,50,8000,6099,0.762,63.34032082766731,386312.62,219768.01,9.49,2315200.0,1765050.5999999999,16.685928645473393,21.88677310440845,166544.61,43.11135628962885,BOI-SLC
SLC,BOI,2,Salt Lake City,Boise,spoke,spoke,289.4,65,9750,8378,0.859,63.34032082766731,530665.21,266828.28,9.46,2821650.0,2424593.1999999997,18.806911204437117,21.886773005879913,263836.92999999993,49.71815092231125,SLC-BOI
BOI,SLC,2,Boise,Salt Lake City,spoke,spoke,289.4,50,9450,7974,0.844,63.34032082766731,505075.72,274954.85,10.06,2734830.0,2307675.5999999996,18.468267497431285,21.88677299356981,230120.87,45.561657566908984,BOI-SLC
SLC,BOI,3,Salt Lake City,Boise,spoke,spoke,289.4,60,9000,8185,0.91,63.34032082766731,518440.53,249575.02,9.58,2604600.0,2368739.0,19.904804192582358,21.886773088972657,268865.51,51.860434214122876,SLC-BOI
BOI,SLC,3,Boise,Salt Lake City,spoke,spoke,289.4,65,9750,9252,0.949,63.38,586391.76,262918.05,9.32,2821650.0,2677528.8,20.78187443517091,21.90048375950242,323473.71,55.1634132785222,BOI-SLC
SLC,BOI,4,Salt Lake City,Boise,spoke,spoke,289.4,61,9150,7666,0.838,77.79,596338.14,318920.02,12.05,2648010.0,2218540.4,22.520237461338894,26.879751209398755,277418.12,46.520271200497085,SLC-BOI
BOI,SLC,4,Boise,Salt Lake City,spoke,spoke,289.4,71,13419,12388,0.923,63.34032082766731,784659.89,396783.78,10.22,3883458.5999999996,3585087.1999999997,20.205182308368116,21.886772795930877,387876.11,49.432386559226316,BOI-SLC
